,Realized_Vol,PE,Imp_Vol,Short_Int,Beta_Factor,Market_Cap,Op_Margin,Ret_On_Equity,RSI_Momentum,Turnover
A UN Equity,-0.012480952899426034,-0.0001631640747745802,0.0001946116886967604,1.8288492646690952e-10,0.007904520096289743,-2.7283690321668997e-07,-0.00010098168840268524,-0.00030333737376648823,-2.515951161123618e-05,4.440489330885898e-11
AAPL UW Equity,-0.007229544030722155,-0.000186484457372432,1.9542065098664185e-05,-2.840103385642106e-10,0.0052112773181106865,-6.689973439096694e-09,-3.121241115770768e-06,2.795546386793074e-05,4.046943733977789e-05,5.013519802657767e-13
ABBV UN Equity,0.015122306777766345,0.00027059028610675073,7.393503912442062e-05,9.577285731560396e-10,1.879106119752241e-05,-1.2768437565220968e-07,4.953277198585085e-05,3.317500940870198e-06,-1.7819473699473513e-05,-6.370001880028448e-12
ABNB UW Equity,0.0,0.0,0.0,0.0,0.0,0.0,0.0,0.0,0.0,0.0
ABT UN Equity,-0.009119447477481243,1.0490121948027475e-05,0.0001307405137146318,2.94975741637559e-09,0.00038130241161048596,-2.9607083255528874e-08,-1.32303954869212e-05,8.186064446755423e-06,-3.2289333696452464e-05,3.3881564379813633e-12
ACGL UW Equity,-0.006941250176297604,9.618071309091134e-05,0.000190026762287156,5.810463523704789e-10,-0.002526993884983844,1.7455995476805717e-07,8.271387907483698e-05,2.40643079461375e-05,-0.00010154111376097674,-2.9211305625107826e-11
ACN UN Equity,-0.019586400085580657,-0.00023051809817837586,0.00037608869350596604,-8.454617015349482e-10,0.008015645212296642,-3.930289688985998e-09,0.0004123237014873296,-0.00014850451493134074,-3.9489675618840944e-05,3.365099472880165e-13
ADBE UW Equity,-0.008414866271262098,-2.5660719054188962e-05,0.00022061285097921932,1.0929125059477494e-09,0.0033575429053735663,9.728994161912165e-08,-0.0001243200136178397,-0.0002038294809661148,-8.96840941221191e-05,-1.8947543416894725e-11
ADI UW Equity,0.013483526166402882,0.00040601621983688544,6.15791171925372e-05,3.6151658573047177e-10,-0.00022839674472595236,-6.221823199835512e-07,6.387085201461901e-05,-6.442744638731647e-05,-6.444251008403778e-05,-3.0581612431737614e-11
ADM UN Equity,-0.0030864883554849462,-0.0003655858804084453,0.0002785646542662453,-2.1804518248827083e-09,0.005754583097468894,8.686266333586939e-08,0.0004653214830660648,-0.0006121426025499591,-3.767567477859683e-05,2.0242563213375187e-11
ADP UW Equity,0.002885230532907597,-0.00011529268170049466,9.229061536651179e-05,-4.3077688557835684e-10,-0.0014766952722935216,1.1974302753335204e-07,-2.233977030400826e-05,0.00013546834303311203,-5.219516641802211e-05,-1.7531391740888467e-11
ADSK UW Equity,0.002116361545143847,-1.9254154921688428e-07,-8.93584874308826e-05,4.2385787598245024e-10,0.006225401396201324,-4.836323096701265e-07,-7.989889658980655e-05,-3.4885907654492685e-05,-7.974844195699917e-06,-1.2790837501558491e-11
AEE UN Equity,-0.0042009366382209316,0.0005809913278443216,0.00012031747261610746,3.861375069964472e-10,-0.0006769172149594337,-1.1780050188800278e-06,7.437731023119644e-05,-1.9202002929627583e-05,-3.3154730065741234e-05,-7.561463664016515e-13
AEP UW Equity,0.0,0.0,0.0,0.0,0.0,0.0,0.0,0.0,0.0,0.0
AES UN Equity,-0.02319281611838403,-0.00023305744382587736,0.00039087947903894643,7.834925911952554e-11,-0.004939453140268884,-4.907979861528009e-07,0.0005937183207710451,-0.00013259213129086385,-6.314139784602614e-05,-2.350682233509491e-11
AFL UN Equity,-0.028656112469887984,9.28830304669493e-06,0.0004919383678327943,-8.056774973438651e-10,-0.006004258546715595,-7.512832749992452e-07,0.0006570180956323895,0.0006493641180488744,-2.8872792473653056e-05,3.1886212004230495e-13
AIG UN Equity,0.02166241895474794,0.00023804096839359976,-0.00032870908101874515,1.9267171694377255e-10,0.0008764976328278331,1.6734257807574005e-08,4.247353779844848e-07,-6.972979521985464e-05,-1.7876996815843325e-05,-7.204681653459047e-12
AIZ UN Equity,-0.017040034052091067,0.00026874030024474514,0.00024597771797589427,4.226743854264477e-10,0.00021899729360727002,-1.0536941328253784e-06,0.00011845876794907546,2.891622032296496e-05,-5.18886123835069e-05,1.153563677330288e-11
AJG UN Equity,-0.010592658632311297,-0.0003763209173598249,0.00013898504478029202,3.026387507344316e-11,0.011565738133074557,-4.1021280435794175e-07,2.952109759704383e-05,0.00015827434067707612,-4.4366512137995574e-05,3.730621687909108e-11
AKAM UW Equity,-0.0024865745162351476,6.975885151541527e-05,0.00011880465977235292,2.272295357887304e-10,-0.003153969800127638,-6.186328627414677e-07,-0.000507769427014299,0.0017085666737600713,-3.5628456231392426e-05,-2.6635235746582748e-11
ALB UN Equity,-0.006610118153561226,-0.00020140229224590664,0.00010588496904128899,3.217145405774808e-11,0.006802986848594438,-7.030109919297577e-07,9.140655977115373e-05,-0.0002464217743627976,-1.021491395710172e-05,2.7492667055592833e-11
ALGN UW Equity,-0.0007663990719226263,-3.24034578523971e-06,4.462870557487968e-06,-1.3793989780001802e-10,0.006236965344802765,-8.767165698445314e-07,8.97273594739038e-06,-4.95625068657266e-06,-3.534461945150007e-05,-1.0889324482319656e-10
ALL UN Equity,-0.027064587961739234,2.2581538904337773e-05,0.000790855193041194,6.161072490485999e-10,-0.005208201158066005,-4.765606300297634e-07,0.0006455587443283998,0.0004064907891584303,-6.022949724564448e-05,-9.355521426031746e-11
ALLE UN Equity,0.018997051409035046,-0.0007876174217990037,0.00021223562493802002,-1.0697230358619444e-09,-9.992808789804919e-05,4.140765085774182e-08,0.0001513112166066525,3.98707540688698e-05,9.192387768411486e-06,4.345595094524832e-11
AMAT UW Equity,-0.016606792814786712,-1.93775171817379e-06,0.00019082934448799743,9.409438635202405e-10,0.008000744872905639,-5.859632170315277e-07,5.719544823392241e-06,-4.4131238016093774e-05,-3.1213638501921814e-05,1.060715946737236e-11
AMCR UN Equity,0.0,0.0,0.0,0.0,0.0,0.0,0.0,0.0,0.0,0.0
AMD UW Equity,0.006628438798609302,-4.213579322031879e-05,2.1596140500974897e-06,4.212936396045023e-11,-0.003994832650365274,-1.285986670698591e-06,-2.4726819970516015e-06,1.1895421878950055e-08,0.0001496261403646012,-9.180480399004324e-10
AME UN Equity,-0.015462124126361583,-0.00017800688536548986,0.00020049114804758584,-1.53983408170577e-10,0.0044729508606362964,-5.872163002112351e-07,0.0007363485276501501,-0.0003708332191207506,-0.00010491101357788598,9.577521881729088e-12
AMGN UW Equity,-0.0007240187608356195,-0.0001305170915479986,0.00010428764717954361,2.8670525918593673e-10,0.009276004453931244,-7.58709566734632e-08,-5.938874405576617e-05,4.22798087396179e-05,-1.0354653162364612e-06,-7.85864724356119e-12
AMP UN Equity,-0.03402629925463852,0.0008367605544002711,0.0007363811669853865,5.325516651130083e-10,-0.00841845183076213,-4.0338017739416976e-07,0.00011501594919144657,0.0002509780133127251,-0.00012875969787075757,-2.0590040254157095e-11
AMT UN Equity,-0.02868076587960751,1.255990335578817e-05,0.0004995371806853157,-1.1916639295534504e-09,-0.00046030315692418525,1.5174969832671308e-07,6.056287155447242e-05,-9.953899365069794e-05,-0.00016072773861067086,6.893339478017526e-13
AMZN UW Equity,-0.008583786988378717,1.0825346076789713e-07,6.696562517170872e-05,8.601765468560213e-10,0.0022841690980322476,-4.4693390911125605e-09,0.0004341362234028698,-0.0001625849833238296,-6.299019174505529e-05,3.996349378194498e-12
ANET UN Equity,-0.028076753709500787,-0.0005209579892720409,0.0003785592742260144,2.654009192559322e-10,-0.00016196542778357747,-1.4116077406658593e-08,0.000561837164369073,0.00012036824528563634,0.00010041843366013063,-2.6411157876467745e-10
AON UN Equity,-0.008849571227974197,-0.0004323613458115423,0.00018247853171013815,1.0103589777047541e-10,0.008001439137792044,6.175535444917366e-08,8.53879878607801e-05,-0.00013619091910284728,-4.8742086541598095e-05,3.515881667318556e-11
AOS UN Equity,-0.012641687448529301,-0.00023812758477153207,0.00012666601855737173,-1.7745404942989317e-11,0.005419196413292703,4.909100214654019e-07,-1.3761831055844956e-05,4.141296183136379e-05,-5.758917477389476e-05,9.167779785042226e-11
APA UW Equity,0.0,0.0,0.0,0.0,0.0,0.0,0.0,0.0,0.0,0.0
APD UN Equity,-0.014617122484129563,7.146245385397029e-06,0.0001819738284581275,1.93268771095324e-09,0.007263180634650525,-1.9011105014152893e-07,-2.701026625000695e-05,-7.389496682031507e-05,-9.925519170750584e-05,-1.11107569347947e-11
APH UN Equity,-0.00977282195305312,-0.00021899258109976278,0.00025752004934851184,-1.2842611446771825e-09,0.01974958527841666,4.450771739602422e-07,-0.0009207299520416086,-0.00015840962643227097,-8.213211705459705e-05,9.394443763528761e-12
APO UN Equity,-0.015171000257205934,1.0180984024926583e-05,0.0003097519442944469,-3.5894778767352947e-10,0.005825432462803674,-4.792386866363903e-06,3.197897970876653e-05,9.567731720671472e-05,6.846116574544603e-05,-1.8153460472033215e-11
APP UW Equity,0.0,0.0,0.0,0.0,0.0,0.0,0.0,0.0,0.0,0.0
APTV UN Equity,0.014358648430775356,0.0012785937026597348,9.970973805531797e-05,3.830778416400736e-11,0.0024801683161121066,-7.637749300925134e-07,-7.875436481599044e-05,-6.929174114263381e-05,-6.300328926678525e-05,-1.6329540614896757e-11
ARE UN Equity,0.0029753580266862313,-2.2911785577465906e-05,-3.975762798159801e-05,1.5258922892991756e-10,0.0028211694726054536,4.820002546844995e-07,-1.824067525637043e-05,-0.00018892252234108863,-4.7255413062561884e-05,-7.08769166497163e-11
ATO UN Equity,-0.003613681535472977,-0.00019681784751195887,8.024543263558075e-05,-3.153947609777349e-10,-0.00020935488583359834,1.9625929590604986e-07,5.539480174649471e-05,0.0005016012040895258,-4.6694290567167926e-05,-3.7311344836662486e-11
AVB UN Equity,-0.02661576131879219,9.555368244211428e-07,0.0005710311500751343,-6.182543365929154e-11,-0.002165364931168445,1.751995580322953e-07,0.00014874928316790129,-0.00037504823437058235,-0.00017937811708662078,4.647211500472412e-12
AVGO UW Equity,0.0019860612193240024,-0.00010231468095968076,0.00026495977345720366,3.4117136976995916e-11,0.0029779051188849456,-1.0643879390306785e-07,1.0905434857121511e-05,-0.0002463470342445958,-6.69400427399341e-05,1.406648046842643e-11
AVY UN Equity,-0.0063091519073081555,5.333137118897405e-05,8.404698075683396e-05,-2.836447533068995e-10,0.002988546423973767,-9.083985727286195e-07,1.954587971584874e-05,-1.9273588945022094e-05,1.3117004865770233e-07,4.0852897378367946e-11
AWK UN Equity,-0.0044249935011397915,-9.465294981732683e-05,0.00040939120897680466,-1.7148636229052101e-09,-4.391820627054551e-05,2.0271013100469692e-07,1.3227864926743556e-05,0.00010601520191608146,-0.00010052181548942998,8.248075223138744e-12
AXON UW Equity,-0.0001435014847972027,-2.974385862716545e-07,5.690878114019291e-05,-1.006566701855094e-10,0.0010833431765408963,-2.050509299187967e-06,0.00017217827210865363,-9.923382999625248e-05,-2.4254509319194094e-05,-9.889913046379246e-11
AXP UN Equity,-0.014552322375730124,-0.000114215394465314,0.00021743999345684868,1.797451295277359e-09,0.0005093695856198885,3.6285752284381444e-08,0.0002665457703157959,-0.00031745389144155137,-7.448911617360621e-05,8.822547958518578e-12
AZO UN Equity,-0.0012918018972908265,-0.0002648656669963132,8.628107616080548e-05,-4.641554573048548e-10,0.008519276349837568,3.6394163148254076e-08,-0.0002486519345535795,1.907817828234857e-05,-8.395478849196465e-05,1.0439817354545418e-12
BA UN Equity,-0.011957077053530744,0.00013747614668402531,5.3888589538028085e-05,1.6748689333244517e-09,0.006207464198585085,-8.729399930088194e-08,0.00016997341789803326,-4.0500871707079134e-05,-4.6838455498574014e-05,2.3787507118461724e-12
BAC UN Equity,-0.016700929522447044,-7.240301186244834e-05,0.0003078028442499419,-1.3704744533644098e-10,0.0006322172677833423,-4.806561022484654e-08,0.0001224394404012961,2.0771476206433947e-05,1.5244172147130369e-05,1.3779305245984865e-12
BALL UN Equity,-0.004424817785344114,-0.0011288545013293694,0.000123238921118832,-6.004302549695711e-10,0.008384466047484383,1.6488009650284927e-06,-0.00015160316790172493,8.915632778840608e-05,-5.643737545116226e-05,3.406212953095787e-11
BAX UN Equity,-0.01855267380613885,-0.00014671623615438172,0.00026956026814309607,9.88055489258363e-10,0.010360326796202076,-1.6655980375363785e-07,0.00016782576210335763,-0.00020419508986624761,-2.2470903616910918e-05,1.3584375336402951e-11
BBY UN Equity,0.003015060731043678,-6.515176331754624e-06,-4.6888465810396795e-06,6.055941054129898e-11,0.0010506000730784192,-5.376281378048991e-07,0.0008215232596196567,3.527197431934976e-05,2.8649679542606023e-05,4.922516653154726e-14
BDX UN Equity,-0.006760399943839505,0.00011708722270615076,0.0001078177940050081,6.232859678484861e-10,0.0011575255421975407,-1.4404665737673812e-07,-4.333482906472732e-05,2.265060209774232e-05,-5.149643884220567e-05,2.7587457387853025e-11
BEN UN Equity,-0.03653559547011913,-0.0002694920132244982,0.0005223727959718607,-4.5283818072759574e-11,0.0007328979679184471,-1.8048877481737144e-07,0.0002220029715391586,-0.00021378457575929895,-4.3031461924084285e-06,1.535739467104657e-11
BF/B UN Equity,-0.0030938416482493318,-0.0004980120773717472,-6.247759423703475e-05,2.816213720958151e-10,0.01180403373811161,-7.343351126486411e-08,4.8049938610797775e-05,0.00024749202651368007,-6.0329040179258634e-05,8.752745604543612e-12
BG UN Equity,-0.009395681091801696,-1.7248053711677516e-06,0.00032248249560046656,-1.0049638885348108e-09,-0.000984681352945276,-2.3486519347580018e-07,0.00021984213183570293,-6.876697581124227e-05,1.481135912669316e-05,1.5072588104792506e-12
BIIB UW Equity,-0.0029825646058429874,0.00013276263553374393,5.612167606429984e-05,-1.0462264899102242e-10,0.007658847472809922,-1.651028727563459e-07,-0.0001199987250286152,0.0003674912732685538,-0.00010071079662959637,-1.0861548363078833e-11
BK UN Equity,-0.018541613003948226,1.901891194031193e-05,0.00040375438499806244,5.136595593126417e-10,0.00043240803087365813,-6.483035437528674e-08,0.0001044810318966366,0.00010693232298719646,-0.00012327086520997352,-3.375403954809551e-11
BKNG UW Equity,-0.009917704345814063,-0.00023393793446091076,0.00014328779418399523,-1.2885404832917516e-10,0.006482318371628643,-1.0226933536280393e-07,5.466840543853895e-05,-1.5178141136000693e-05,3.6435157351640634e-05,2.2576829044962054e-12
BKR UW Equity,0.0,0.0,0.0,0.0,0.0,0.0,0.0,0.0,0.0,0.0
BLDR UN Equity,0.0,0.0,0.0,0.0,0.0,0.0,0.0,0.0,0.0,0.0
BLK UN Equity,-0.023356061819583444,-0.00031270873678900603,0.0002926414659171412,1.3964925443379245e-09,0.006009310910117597,-2.4633061518978062e-08,-0.00012254335829025692,0.00017621388610070308,-5.240998428005551e-05,3.887723454666775e-12
BMY UN Equity,-0.003268991688123159,2.278552659889882e-05,0.00020585076310616551,9.471371509269006e-10,-0.004158599454638436,2.4070053588403603e-08,4.4551966728763536e-05,-4.281953093460971e-05,-6.588034435415207e-05,-6.458906872522611e-12
BR UN Equity,0.004341213282458404,-0.0003233791555292501,2.8756033400243197e-05,8.930251326682054e-10,-5.239765036747517e-05,1.310241516862262e-06,-4.575595277348213e-06,-6.267013306415158e-05,-6.014590191657135e-06,4.328852674989905e-12
BRK/B UN Equity,,,,,,,,,,
BRO UN Equity,-0.004088702609203203,-0.0003536249077020753,6.864100879688384e-05,7.89151372796712e-11,0.014687240335436292,-5.716022677902965e-07,0.0002211248189685987,-0.0004963152315332201,-6.643969109228089e-05,-1.3754259900966365e-11
BSX UN Equity,-0.006983561069853138,5.406770122323804e-05,8.73447968916594e-05,4.22266974043448e-11,0.005042145015842467,-7.63335550242042e-08,2.562023302664688e-05,-6.429850051722775e-05,-0.00011186558407346224,-1.9509221640353808e-11
BX UN Equity,-0.03540880839715379,-4.2475429758993795e-05,0.0005619103381188064,-3.8902633068231904e-10,6.140364334241422e-05,-4.1464961448505395e-07,-5.5783321589206354e-06,0.0004091239987784589,4.6018105079331784e-05,1.1328484621688471e-11
BXP UN Equity,-0.01714902824857592,1.9937880748243647e-05,0.00028378165338488996,-4.4783057108006363e-10,0.001565428133811826,2.9451487200350526e-09,0.00016158656527462062,-6.036461892815885e-05,-0.00017667865463813324,1.0399993642237755e-11
C UN Equity,-0.005782061260844244,-1.4325008756313505e-07,0.00023302241490406574,1.5047197791386156e-10,0.0002928788263992351,-5.467544438964188e-08,2.069148206867404e-05,0.0004949738194159362,-2.59771468717981e-05,-1.6028204491336793e-13
CAG UN Equity,0.0018934187366622139,-0.0005413638396419182,4.280757445784479e-05,-6.171714174412879e-10,0.012647755735412138,-1.817575824552044e-07,4.346821722063598e-05,9.284639628701205e-06,8.556368141128195e-06,5.097748642428634e-11
CAH UN Equity,-0.010712906000581116,-0.00017932139682626447,9.688783917147899e-05,1.556595015320465e-09,0.010076836823004795,-9.457818219582457e-08,0.0003313010714542756,-0.00014788562674228003,-6.321432442337373e-05,2.657081142935677e-12
CARR UN Equity,0.0,0.0,0.0,0.0,0.0,0.0,0.0,0.0,0.0,0.0
CAT UN Equity,-0.006754163244003733,-0.00016539847623663902,0.0001358170068738463,-2.1694009991512135e-10,0.01049698088691194,-1.8943752908244033e-07,0.00036158640293737325,-0.0002468167940469114,4.641777467477179e-05,-4.270841601114906e-12
CB UN Equity,-0.003394249674846585,6.676288991743034e-05,0.0001574032283292188,5.051201011507295e-10,-0.0012262414592192584,3.5323255712011134e-08,0.00014568329902559673,2.0682569006624075e-05,-0.0001335098395704452,1.5273768262548258e-12
CBOE UF Equity,0.004092502270108776,-0.0006083136034787294,9.497073498272398e-05,-1.758538109572549e-10,-0.000591286205027007,1.4647056899446848e-06,-3.2214075962984506e-06,8.731335752759285e-05,3.734188411452595e-05,6.685345795762056e-11
CBRE UN Equity,-0.004765277842862699,-0.0010659438913226498,9.058198688897278e-05,-1.438757435800315e-09,0.018629511832325075,2.2724253718909388e-06,-0.0006148750914601155,-0.00025829477858033774,-0.00020889604123253814,-5.897299249783296e-11
CCI UN Equity,-0.03852253451587872,-1.5025853099108509e-05,0.0006710745381008753,-8.393940071215508e-10,-0.006778713095455485,-9.89532862465277e-09,8.055765078699581e-05,7.075749271240338e-05,-3.3607532769964737e-06,-3.8387126850392995e-12
CCL UN Equity,-0.007783889904469212,6.416272288225627e-05,0.00020442651007972733,-2.4560772383757608e-11,0.0012172813938924345,-2.1578661724531838e-08,-4.310167774590687e-06,-0.00028897299712282417,-6.068008486378991e-05,-6.905660406928305e-12
CDNS UW Equity,0.0006612459622293072,9.045441742123871e-05,-3.9977042682437e-05,1.622215173597121e-10,0.007373880816439439,2.2362537740088196e-08,-0.00011195086662460905,-9.202083619022652e-06,-0.00016253899389185314,-2.938156595771669e-11
CDW UW Equity,0.010956347769823542,-0.0005830216856650841,0.0002760151050805679,5.491053795749835e-10,0.0006032325538946103,-6.074890759559188e-07,0.0012003771210284304,-2.80331553479235e-06,-5.086521408044689e-05,4.39701592553667e-11
CEG UW Equity,0.0,0.0,0.0,0.0,0.0,0.0,0.0,0.0,0.0,0.0
CF UN Equity,-0.0045267925266344235,-0.0001033791382386131,0.00010614923838899264,3.4937089943087713e-10,0.009079463418588361,-8.698476937671546e-08,8.086578456750275e-05,-0.0002265234188355041,-0.00011498401214606414,-4.367747226389304e-11
CFG UN Equity,-0.03560666715741049,0.0013995440266176646,0.00034155017997473036,-5.467077789960107e-10,0.019373409321234544,-2.4503774588677247e-06,1.241811377438012e-07,0.000534580341597142,-0.00012096707322246437,5.980720237955067e-12
CHD UN Equity,0.009388843497236015,-0.000924071087494284,2.5762213639190635e-06,-4.834442584205718e-10,0.018854478450016022,1.981030197646914e-07,-3.407075458119469e-05,0.0006080903680806647,-8.647430119515502e-06,9.157686128380345e-12
CHRW UW Equity,-0.002631325985991215,-1.4969976153850228e-05,9.167922334784302e-05,3.527806411188406e-10,-0.0011658940916415088,-5.855947941985826e-07,0.0012147761424390622,2.147783085778568e-05,-7.948713988221431e-05,-3.4017970468560045e-11
CHTR UW Equity,0.005718067336321962,4.2085152332481964e-07,8.15789622866285e-05,9.312558606481732e-11,0.00021993189576158432,-1.819134366361827e-07,-6.234348864051062e-07,-1.78207329683024e-06,-2.1590907605001715e-05,1.1235906088126041e-12
CI UN Equity,-0.03175154409156306,-0.0002507920549939628,0.0004117312573356851,-3.042551416456172e-10,0.003239142273378232,2.0160110478401908e-07,9.262069640967186e-05,-0.0001787640069391428,-7.440753784509205e-05,9.632292654198716e-12
CINF UW Equity,-0.0022181185022341855,4.737032850802573e-05,8.637589698364698e-05,4.06050861170801e-10,0.0004284781808672318,2.349779129471801e-07,8.752980868847379e-05,-0.0002959281052692945,-9.322092701293844e-05,3.8138682810878174e-11
CL UN Equity,-0.006341287547195982,-0.00017919024483388136,7.000533185928321e-05,-1.8367500818145382e-10,0.005072939670791285,-1.2056240040885411e-08,0.00022068891187909852,-5.927811048536905e-06,-6.05803505655393e-05,8.100656414186163e-12
CLX UN Equity,-0.01103656676925303,-0.0011114237992634192,0.00012745791159983003,1.3405779464402546e-10,0.013333346022715967,1.543110065715781e-06,-6.055043058864869e-05,3.861202354987137e-06,-5.443602424243489e-05,-2.6356672910590983e-11
CMCSA UW Equity,-0.02297474147616117,0.00019496342023845998,0.00038542112206816823,-1.2016905313106806e-10,-0.01310336264427118,-1.7817397949440905e-07,9.77400877779082e-05,0.001985613451004833,-2.4859509979243097e-05,1.6678081132766007e-12
CME UW Equity,-0.013663742357949794,6.37026234158167e-05,0.0002277582300440647,-9.568699357852792e-10,0.0029274402810907014,-7.973259161895629e-08,-4.366727710706792e-05,2.154444810786265e-05,-1.9693009145121742e-05,6.150098522608828e-12
CMG UN Equity,-0.008012951081387647,-9.854185144870308e-05,8.950005397465506e-05,-1.472152140833375e-10,0.006248177273942045,-3.1821657043361633e-07,0.0005566939053147505,-0.00020471272141059317,2.370742339455827e-06,-6.132197527479407e-12
CMI UN Equity,-0.014362039474550474,-0.0003944970733583689,0.0001160789330654141,2.2066416953153754e-10,0.011772483440355856,-1.8367539256526696e-07,4.841835264313794e-05,-0.0002628615612539994,-5.2343367913343376e-05,1.5254130003700672e-11
CMS UN Equity,-0.004976933903240418,0.00012534870850147177,9.662696045040107e-05,-4.465052338548282e-11,0.0017120012857265786,-1.658954650584826e-07,0.0001073319507333255,6.765682448260375e-05,-7.457811287529042e-05,-4.7911909697926174e-11
CNC UN Equity,-0.0036003973232119372,-7.737804427987984e-05,8.235651863625973e-05,-4.672375391382487e-12,0.005669545388967143,3.2998594757588925e-07,0.0007463743852213887,-0.00022491923741048642,-7.082989369692026e-05,-3.277345596000429e-11
CNP UN Equity,0.0016001352311607363,0.0001781772857323678,1.4466225609726739e-05,-2.538878035826247e-10,0.0006365324295281431,-4.4959834019212255e-07,0.00021142284968632527,-5.39868468676831e-05,-4.9537892082774916e-05,4.3374312027038734e-11
COF UN Equity,-0.007490719133144508,-0.0004058741729762504,0.0002508258978406092,-6.20678120538625e-10,0.0022445355962876943,9.928897737028841e-08,2.122748149022545e-05,0.00013549997448990367,-0.00014078505753516683,-7.743153376397797e-12
COIN UW Equity,0.0,0.0,0.0,0.0,0.0,0.0,0.0,0.0,0.0,0.0
COO UW Equity,0.0,0.0,0.0,0.0,0.0,0.0,0.0,0.0,0.0,0.0
COP UN Equity,-0.026944139195863706,1.3960981637213257e-06,0.0003962551228532272,-6.208054886793541e-10,0.002357653063719548,-1.2960306678928764e-07,4.499571409473617e-05,0.00010483808160629048,4.2993058531537696e-05,1.464152065109632e-11
COR UN Equity,-0.0046982196609034995,3.7851804933692687e-06,0.00015847853455972364,7.375256177646178e-10,-0.006297669181228411,2.2391939587603193e-07,-0.0007722628982381493,0.00013936626517541898,-7.55386120543007e-05,5.662422213111487e-12
COST UW Equity,-0.015090180597410074,-0.0007992911927121685,0.00021209580636797433,-8.38683808485923e-10,0.011360733886104342,2.0223401505956578e-07,0.006165176202456177,-0.0006541755887069026,-5.1676254947203476e-05,-5.2048181038073465e-12
CPAY UN Equity,-0.0005942009212030494,-0.0004094773793584663,-0.0001348775580318409,-4.766186839945403e-10,0.0011977187375411774,5.321857931128713e-07,0.00011143706905088939,0.0004667303531639065,-4.940371816344465e-05,-1.2956415655630858e-12
CPB UW Equity,0.0,0.0,0.0,0.0,0.0,0.0,0.0,0.0,0.0,0.0
CPRT UW Equity,0.00505915142567069,-0.0003854780005914834,-8.53333796681547e-05,4.3012134949929095e-10,0.01006706771125132,-5.379874713005619e-07,2.257927565009958e-05,0.00010026289271393054,-1.3811917474274506e-06,8.007603969638891e-12
CPT UN Equity,0.002081762283159733,1.5816173800257133e-06,9.621435652504534e-06,-1.881629356039097e-10,0.003472960701346602,3.994849460415773e-07,3.0339133489796845e-05,3.951675307104422e-06,-0.00011303869096584275,-2.0120243655218864e-11
CRL UN Equity,-0.009190512412976663,8.937983204518561e-06,9.094796081417458e-05,1.0862401265177875e-10,0.0022979148533348063,-6.200250702983296e-07,1.821947613550721e-07,6.421219014716331e-06,6.023019664442608e-06,-1.168788603260514e-10
CRM UN Equity,,,,,,,,,,
CRWD UW Equity,0.0,0.0,0.0,0.0,0.0,0.0,0.0,0.0,0.0,0.0
CSCO UW Equity,-0.010204312354239692,0.0004182264253014152,0.00020010623853140573,5.430834552535179e-09,-0.005627480836975314,-4.819116273805721e-08,8.320481396186397e-05,0.00014920229831549264,-0.00010754614268824134,-5.461818309923414e-12
CSGP UW Equity,-0.013608981008883438,-6.870394190052235e-07,0.00021145742037836788,-4.259265206520097e-11,0.002435462246668852,-4.2124257431386335e-07,8.812562895965156e-05,-0.0006352952227800845,-2.737033061451578e-05,-1.9760871316986603e-11
CSX UW Equity,0.6287909158119969,0.06865842867957445,1.2694956408824581e-07,-5.294269534873425e-12,-0.14671979791520576,-0.00011443120323029663,4.280172072459087e-06,-6.486901411639937e-06,0.10934529649468597,3.2290452360167665e-10
CTAS UW Equity,-0.006024111800849429,-0.0001703910647277049,0.0001484790028294923,1.4661466670880794e-09,0.0015289047948161029,-4.616555301097454e-08,-0.00017606935423290592,0.00011040407925183774,-0.00010795040521719443,1.2113520834641824e-11
CTRA UN Equity,-0.004203004638089521,-7.090662833538727e-06,8.205044445411707e-05,-9.146291164099909e-10,0.00956866532401666,-1.9245642796439505e-07,1.2809983480821432e-06,-0.00010334481934246205,-0.00014092592081532213,9.151537390058813e-12
CTSH UW Equity,-0.014002851913620773,-4.3309920002903546e-05,0.00028910634557842755,-1.55623517861589e-09,-0.006115415113369961,-8.620821549363172e-08,0.0004941990362381158,4.0165382230180625e-05,-6.537849601867528e-05,3.9878366663271927e-11
CTVA UN Equity,0.0,0.0,0.0,0.0,0.0,0.0,0.0,0.0,0.0,0.0
CVS UN Equity,-0.0011104784605122093,-0.000457335355536213,-4.944333084858879e-05,-8.343388564420507e-10,0.015073837194267907,1.4441748140751451e-09,0.00037136214949190895,4.166329466951496e-05,-9.216819804248297e-05,1.5705610319423473e-11
CVX UN Equity,-0.018949478950937963,-0.0012364606472117215,0.0005486414683517792,1.7128054503597026e-10,0.010715919513793385,2.2394420396063772e-08,0.00025849457499640136,-0.0009290296082526199,3.456809429026151e-05,6.536323582896005e-12
D UN Equity,-0.013066865011988234,-0.00021906582796490324,0.00013076843434478333,-2.944616604107141e-10,0.006885150197651433,7.915498588246584e-08,1.692048558764647e-05,-4.323415114188419e-05,-4.569620621302453e-05,3.645414190790274e-12
DAL UN Equity,-0.004608965862166364,-9.68829973289865e-05,8.381491819988202e-05,1.1929487479227736e-09,-7.536550756019971e-05,-5.5497606793267245e-08,0.00022105032670734003,1.9464603188103397e-05,-7.853611533465172e-05,1.1575478404821782e-11
DASH UW Equity,0.0,0.0,0.0,0.0,0.0,0.0,0.0,0.0,0.0,0.0
DAY UN Equity,0.0,0.0,0.0,0.0,0.0,0.0,0.0,0.0,0.0,0.0
DD UN Equity,0.005274491272163227,2.4362870878064553e-05,-0.00012282591109061142,1.2822891963350446e-09,0.002266167506879614,-1.0324973843874025e-07,7.577194329833822e-05,1.4710399356525466e-05,1.2091423624423069e-05,-5.452145898767473e-12
DDOG UW Equity,0.0,0.0,0.0,0.0,0.0,0.0,0.0,0.0,0.0,0.0
DE UN Equity,-0.006340172321450076,0.00023842127365492581,4.2263187822114874e-05,3.762791763105853e-10,0.005600949759664459,-4.0349975057155345e-07,-4.152386295034611e-05,0.0001772462357350922,-7.043795582678136e-05,4.172025585710333e-12
DECK UN Equity,-0.0004718801319630201,-0.0007501816691288638,-1.1796097756838393e-05,-1.3660088409934356e-10,-0.00017468607743633492,4.463389712536676e-06,-5.5185168942075696e-05,-0.0004972739509281906,0.00020866763909046113,2.2180435794622317e-10
DELL UN Equity,0.0,0.0,0.0,0.0,0.0,0.0,0.0,0.0,0.0,0.0
DG UN Equity,0.0031648784465588527,-0.0004494318452072278,0.0002786988350492653,-1.0093146580266817e-10,0.005513952072039021,-6.330298013409376e-08,0.00023213133045304612,6.448861721416676e-05,-7.956685777785611e-05,-1.4541355368533648e-12
DGX UN Equity,-0.005712007617884189,0.0005747626475736485,0.0002580346104825706,-3.5925961075053277e-11,0.005998215720150164,-1.7229604890497585e-06,-6.953178734412875e-05,0.0001639137345129148,-1.6812734864265557e-05,-4.404807971732905e-11
DHI UN Equity,-0.024362922192357535,-2.2403209216699255e-05,0.0005921250866372931,-1.6887213501573725e-10,-0.00471582734034974,-1.5723317995093353e-08,-0.00010409039151952293,0.0002728621951459493,-8.018384764435214e-05,-8.250249697673202e-11
DHR UN Equity,-0.013316255654272113,6.708907479728257e-05,0.00029034810094987114,-1.3651704321221823e-09,0.01230400478959662,-9.475425869839635e-08,-4.199308010975795e-05,-0.000617609793662749,-5.660592156409625e-05,1.948404471229753e-11
DIS UN Equity,-0.028732710043494022,-0.0005698350387740051,0.00040518308785470234,-1.728477257225905e-09,0.009154532584305807,2.832822539681566e-08,-9.909586090729753e-05,0.0001831932271953507,-3.553485793184418e-05,6.630085538031566e-12
DLR UN Equity,-0.016561767254687564,2.674047747385064e-06,0.00029447723976204574,2.7323188693888856e-11,0.0021243201123111277,5.5080796881201723e-08,-5.586149089402702e-05,0.0006075963994924955,-0.00014465599912417862,-6.044932269505432e-11
DLTR UW Equity,0.002050464272404036,-0.00016770102579906468,9.616702986432908e-05,7.615695842301611e-11,-0.0019180643658341017,1.9546320004787366e-07,0.0004675859034439598,-3.472169105718758e-05,-5.4830237309993036e-05,-1.489128734764518e-11
DOC UN Equity,-0.031058525551464138,-6.88053837799822e-05,0.0006639110314797668,-7.88034597221029e-10,-0.0013804757838982212,-8.420638949819873e-08,4.103020853853448e-05,-3.6780339877035645e-05,-6.805445444265917e-05,2.0294995067333387e-11
DOV UN Equity,-0.008944191017089008,-0.00014819695312102206,0.00011789915550780079,3.0328052015830544e-11,0.00808066037242231,-2.149051357494449e-07,-0.0001628196224230006,-0.0001247829658922711,-2.9613201564785126e-05,-1.4425483438468938e-11
DOW UN Equity,0.0,0.0,0.0,0.0,0.0,0.0,0.0,0.0,0.0,0.0
DPZ UW Equity,,,,,,,,,,
DRI UN Equity,-0.003236100688819761,5.813962172327461e-05,7.898609524600933e-05,1.7753283626147522e-10,-0.0020084965673667294,-5.888951476206979e-07,-1.1184003156789276e-05,0.00013369171541198838,-2.9340691965969055e-05,3.653144917307937e-11
DTE UN Equity,0.003415304840519363,-0.0008570475015434716,-0.00011503236426966262,8.634923133872547e-11,0.016993497838730942,6.201866237149844e-07,-3.5655769659739163e-06,-0.0002732057231672744,-3.619480087056821e-05,1.1269364025204977e-12
DUK UN Equity,-0.007527886931200612,-0.0009958209672314687,0.00012800871234160458,7.567410594279854e-10,0.014952357448007113,2.326157635833915e-07,-9.841923676608537e-05,0.00014763955379547318,-3.689258904274901e-05,-9.876761555403202e-12
DVA UN Equity,-0.005315146976057957,-0.0005776337999151225,0.00016017698088523056,-6.905520640045613e-10,0.004424147380546309,4.516527904932061e-07,-8.895888511225019e-05,0.00030188780458962234,-4.660928425502379e-05,-6.533255682585502e-13
DVN UN Equity,-0.018019550891752348,-3.1131360702626395e-05,0.00026872859026165756,1.3943022825432607e-10,0.0017040168576219696,-3.3569982485226096e-07,-3.564711622313718e-06,2.2469739849302077e-05,5.458937493655301e-05,2.7208184621358325e-11
DXCM UW Equity,0.001265448833390339,-3.0548592306972884e-05,4.903840051521959e-05,-2.3016212170958142e-10,0.006121184113000145,-1.2998210503613626e-06,1.4773752789122307e-06,5.626188219004143e-06,-0.00011230322810914956,3.7147503781598517e-11
EA UW Equity,-0.007123925581676833,1.620905877596903e-06,7.219488581928147e-05,5.832108477278636e-10,0.002216243786845182,-1.316758876319248e-07,6.5814755403348425e-06,5.5616623132631714e-05,-7.661103775972608e-05,-4.544469658644488e-13
EBAY UW Equity,-0.009890729769552697,6.861471885793252e-05,0.0001847078864296776,3.6299089200883907e-10,0.0023301728764749995,3.1001547373575914e-08,-0.00013339871383341234,5.015281532997056e-05,-7.710511956915423e-05,-1.1002235163387065e-11
ECL UN Equity,-0.03138681740268055,8.923475414905901e-06,0.0005300226779587889,3.4013195240832534e-11,0.0006918267890828088,2.7287757114982193e-08,0.00013204296237602874,-0.00014694974913551705,-9.645775123361793e-05,1.5762011217146087e-11
ED UN Equity,-0.005154280910672668,-0.00027546566783915146,0.00016318892183631034,1.4338943891833887e-10,0.0031420251903341357,1.1060092445283248e-07,0.00011947793510216932,-0.0002499150219376652,-1.0274948839578786e-05,-1.3291709399543524e-11
EFX UN Equity,-0.008300483269624936,-0.00022062003292904253,6.377816080332125e-05,8.20447548036282e-12,0.007416971159674495,5.066062312267701e-07,-2.397083764601108e-05,-0.00010319459116829376,-5.602425261214877e-05,4.904056076002654e-11
EG UN Equity,-0.011768534758614533,-2.0971457443010384e-05,0.00022895690968069917,8.457549443062264e-10,0.002763058757898008,-1.0367416073566396e-06,4.8656655776820416e-05,0.00010780059493622831,-4.568461161756674e-05,6.941012285261931e-12
EIX UN Equity,-0.012184361727374292,-2.3161155677934147e-05,0.00018161449882505955,7.904320157409454e-10,-0.0011987113300423427,-7.549247983554704e-08,5.1278395222555894e-05,-7.69298562126983e-05,-2.130595704841981e-05,3.1426407186146006e-11
EL UN Equity,0.00026167370309727704,-0.0003830529568053145,-5.284704120552366e-05,5.116107788366377e-10,0.018824931010768594,-3.3423130215857713e-08,9.132101754486358e-05,-0.00019483789334123506,-6.550721060809724e-05,9.350271027922861e-12
ELV UN Equity,-0.006837142275497629,3.7604245827524536e-05,0.00016680889122479793,-1.2032910231791642e-11,0.0024416841335882554,-2.3449807916112623e-08,0.00012465622287830938,-0.00021979405258666217,-2.2524771196306047e-05,-1.869414975557809e-11
EME UN Equity,-0.003335315298657691,-2.0385582184160552e-05,7.23652740830573e-05,-1.1926106434263716e-09,0.009333867823616504,-2.8492558254010927e-06,-0.00023516887999103746,0.00010521422833150418,-5.184141575496394e-05,3.079624285155096e-11
EMR UN Equity,-0.023254908422787997,0.0003740055584655688,0.00042896897281460123,2.996323896280087e-10,0.009846414968268453,-2.7189044533930505e-07,0.00035952869709009535,-0.0006193636686319996,-9.074944660385384e-05,1.0564725490812249e-11
EOG UN Equity,-0.0064758240676994015,-5.594475428722262e-05,0.00017161580149113845,-1.990279026863895e-11,0.0066856792309031325,-8.828645322750228e-08,2.4417903797579653e-06,-0.00013497710663012497,-0.00011413154609566756,-3.518374130207957e-12
EPAM UN Equity,0.0025605484906833687,0.0010169490617425595,-0.00021984697978162242,-3.98097664136159e-10,0.006678603437992872,-1.2815171719644043e-05,-6.0723653336205416e-05,0.00032690856925220873,-0.00016082996890334644,6.397718840003579e-12
EQIX UW Equity,-0.0073041593453025706,-2.573248962501854e-06,0.00022446344213996044,-1.4899602791252943e-10,0.003169622874617911,1.5965201614947163e-08,0.00010679849659877801,-3.3053610765964886e-06,-0.00013750862724681102,-3.753008529831251e-12
EQR UN Equity,-0.017253580922424145,-6.499037853170292e-07,0.000314059083967543,-4.006810276844648e-10,0.0017028252396296295,4.97204823467161e-08,0.00015821484501644218,-2.057702111273411e-05,-0.00017390529066358822,5.271168535884049e-12
EQT UN Equity,-0.0016012482727474344,3.455966307559265e-05,2.5843117054770746e-05,-5.644106593768373e-10,0.006999506403030667,-2.799778740616716e-07,-3.232945055184061e-05,7.574105804213481e-05,-7.556168363372879e-05,-1.7337168104233196e-11
ERIE UW Equity,-0.006543649608738605,-0.00036332013443195036,0.0007647688383153902,-2.3308264256412503e-09,0.0018766841221177593,3.6031195322173964e-08,-4.370376278310607e-05,-1.0003838965277633e-05,-8.588085014701928e-05,3.489581003194898e-10
ES UN Equity,-0.0021317108725824267,0.00010926205397147289,9.619482865440821e-05,-1.4120934959529206e-10,-0.0037537886653291417,-1.4319027154758354e-07,0.00021932556781643878,1.8008052895401087e-06,-5.421045414941948e-05,5.472581629612854e-12
ESS UN Equity,-0.018834372915349472,6.97628313790507e-06,0.00035566147220438384,-2.396050207956191e-10,0.0038377314083813353,2.8003030934806215e-07,-0.00012455838821923333,0.00041463191076730884,-0.0001312587473509696,-2.540137012751297e-12
ETN UN Equity,0.0003470769945018476,-8.851892982181345e-05,3.10727155925345e-05,1.1723802858416138e-10,0.006060322703396518,-1.7525250159635678e-07,-5.847838799335322e-06,-0.0003558223211183964,3.6141330258940633e-06,2.011552889458126e-11
ETR UN Equity,-0.0101183436749777,0.00022373602522294468,0.00012155941645929776,3.1573478351316706e-10,0.012676916423963756,-8.330179804927712e-07,7.128094005368218e-05,-0.0002282666244062655,1.0962733224909068e-06,3.153848953492894e-11
EVRG UW Equity,0.0,0.0,0.0,0.0,0.0,0.0,0.0,0.0,0.0,0.0
EW UN Equity,-0.0027628255140091404,-4.619066672394906e-06,0.00022465307210888853,-3.6463002912951404e-10,-0.000779423934931795,-3.6795233182159787e-07,6.782828196973433e-06,0.0001099929654607201,-4.512437363301779e-05,-1.0168738197061894e-11
EXC UW Equity,0.0,0.0,0.0,0.0,0.0,0.0,0.0,0.0,0.0,0.0
EXE UW Equity,0.0,0.0,0.0,0.0,0.0,0.0,0.0,0.0,0.0,0.0
EXPD UN Equity,-0.0019444116355973222,2.5443433607827297e-06,-2.9355823562926646e-06,-3.3670259458546015e-13,4.687316404730892e-05,4.103518622407464e-05,7.26898081001473e-06,4.67544678387664e-07,-0.00283626845604016,-1.5833889415366061e-06
EXPE UW Equity,0.0005596515659976285,8.059149002635145e-07,-1.4690862165547414e-06,6.899345423914373e-10,0.002379831141865013,-8.590034338697177e-08,-4.293334456589766e-05,-5.197320267826149e-05,-0.00013090090739167656,-5.0341981906045186e-12
EXR UN Equity,0.0014877230508669912,7.298035559942575e-06,-1.662620401915187e-05,-2.956377056861236e-11,0.008261221053016085,3.760969412254733e-07,-0.000129452327241584,0.0006781445804896896,-0.00018043397167428942,1.82994565456338e-11
F UN Equity,-0.014018624806246632,1.4443718868751881e-05,0.0001760202528914264,-1.2612075678940464e-10,-0.005998818712997457,1.887204675462676e-09,-8.99867333311154e-05,5.748861031875409e-06,9.767163326938224e-05,1.5176831136890064e-11
FANG UW Equity,-0.002961193889278909,1.4669768644950497e-06,0.00025229544855903023,1.5433811019925125e-09,0.00026381831571103086,-3.070882517402502e-06,-1.0001183734603598e-05,-2.6293254690427535e-05,-0.00015163554161880531,-3.5814392675039744e-11
FAST UW Equity,-0.019556611830577577,-0.00037642435842258137,0.0003520724153180187,-2.7067544048031626e-11,0.007941355955163818,6.569286110569803e-07,0.0008889661131305882,-0.0010323252270534084,-3.274965037797097e-05,1.8907336633933794e-12
FCX UN Equity,-0.016008121950269596,-0.00017434702155974275,0.00024482788722498356,-9.969088697982839e-10,0.006035835848720443,-4.089834225181293e-07,5.456938225480352e-05,-1.5287457798388666e-05,7.358577580443059e-05,7.756954419770189e-12
FDS UN Equity,-0.005218119927561124,-0.0001564783445780686,-3.443365937235546e-05,-1.1507830088111613e-10,-0.002100225867695983,-2.5019169205833724e-06,0.0001277170494545525,0.0005009839622263423,-9.169140508097314e-06,6.666350062801391e-12
FDX UN Equity,-0.003877311222773372,-1.1132229116420167e-06,0.00011815788618033368,-5.454275354098858e-10,0.004277623100693422,-2.120335475026169e-08,5.055737187417801e-06,-1.5209119894535917e-05,-6.475459685001765e-05,-2.0253629082369934e-11
FE UN Equity,-0.00542397179100247,-0.0003045399604132354,4.138551449304105e-05,-3.14684642138251e-11,0.007407192617271272,1.0620799314949099e-07,1.639992313128634e-05,-0.00012205747112826383,-1.556235344504441e-05,-2.8091621964137865e-11
FFIV UW Equity,-0.002297148811055692,-6.108953175029213e-05,3.628874014864766e-05,1.6260373420056044e-10,-0.004578743060408922,-1.0392220679551068e-06,0.0007547626049003667,-0.00024423601158971893,-2.4927114299823184e-05,-6.711931620985074e-12
FICO UN Equity,0.014949684106442374,-0.0004267775358137786,-0.00013610375476563643,-4.580197397379899e-11,0.010828295795879902,5.054270165165317e-06,4.7711592676167425e-05,-0.0004547287074329147,-0.00010632883117211578,-2.7861059031079006e-11
FIS UN Equity,-0.0018176060530073824,-0.00045125467430004554,0.00014038301589865335,2.4043980772159013e-10,0.009912462788386305,3.038230245211985e-07,0.00013479007676550452,-0.00032124500769318274,-8.62549311500926e-05,-5.370641499857792e-11
FISV UW Equity,-0.013943415572025324,-0.0009118703001725242,8.231747852650216e-05,-3.105174999820176e-10,0.02134781387613886,6.164482819175213e-07,-7.097746534696938e-05,-7.725744125072889e-05,-7.768079818981976e-05,-4.589065894066466e-13
FITB UW Equity,-0.020877629084401234,3.1795821859071056e-05,0.000635938096186897,-2.1674378716845433e-09,-0.007546713521440665,-2.017870494632983e-07,0.0002559483092693858,-0.0002462281057810215,-3.4547808695023815e-06,5.464461972019178e-12
FOX UW Equity,,,,,,,,,,
FOXA UW Equity,0.0,0.0,0.0,0.0,0.0,0.0,0.0,0.0,0.0,0.0
FRT UN Equity,-0.0005467565175778515,-0.000606288332642825,5.436135444959624e-05,-4.703172826221055e-10,0.001586062831794135,1.5386553560594675e-06,0.00042733824796130067,0.0003061327770265468,-6.920562500817133e-05,5.766174879154832e-11
FSLR UW Equity,-0.010908091242420823,7.643896131543908e-05,0.00029086523232214683,-4.486222438114087e-11,-0.00307397471922545,-1.353579465609712e-06,0.0001421143132489558,0.0001770332433263846,3.220074886792237e-05,-1.5992003274692785e-11
FTNT UW Equity,0.00044119109723988407,4.7546166509554864e-05,0.00029470511552376035,6.582332767942186e-11,-0.0014790426383288887,-3.814929048486366e-06,0.00039862804311608453,-0.0005627697947232665,3.0406045801694455e-05,-4.353024542233548e-11
FTV UN Equity,0.0,0.0,0.0,0.0,0.0,0.0,0.0,0.0,0.0,0.0
GD UN Equity,-0.0014252222024966294,0.0002230106807338166,2.8213556586295318e-05,5.555660942070717e-10,0.0030569750327594774,-1.3487287726021225e-07,6.525377526292111e-05,-3.648748322051419e-05,-2.1130646371979272e-05,-2.1166392222921997e-11
GDDY UN Equity,-0.0165008349179571,4.989995292950528e-05,-0.0018820462731674427,6.71046267963177e-10,0.001659180535188834,-1.3306989642439887e-05,8.337107293957827e-05,-0.005249791669632381,-9.25947172789596e-05,2.1246301218109396e-11
GE UN Equity,-0.008854444224186905,5.5294757944295694e-05,0.00015444269447420985,-5.235458969353176e-11,-0.002854302308289131,-1.677428548275517e-08,0.0007040387230663085,-0.00030244388962395166,2.060473429309044e-05,-7.53493184590114e-13
GEHC UW Equity,0.0,0.0,0.0,0.0,0.0,0.0,0.0,0.0,0.0,0.0
GEN UW Equity,-0.006035856420139939,-6.0566717745557686e-05,0.00016880563549785893,6.72944939665208e-10,0.0046482134818865125,-2.7773564747380496e-07,5.2371397984724385e-06,4.753513827899931e-07,-5.5612447117214234e-05,-2.178869559887373e-11
GEV UN Equity,0.0,0.0,0.0,0.0,0.0,0.0,0.0,0.0,0.0,0.0
GILD UW Equity,-0.002127993362830785,-0.00027868946491115904,0.00016526476540211895,2.3191818504190104e-09,0.005901328925285021,-3.20302998530071e-08,-7.589254686679197e-05,3.156718655743535e-06,-7.057189233457219e-05,-4.632243212722432e-12
GIS UN Equity,0.0016265104189740385,-0.00020891886026666448,-7.316935131755174e-05,9.76960883981384e-10,0.006414287304898085,-1.485166882789083e-07,0.00013042639127830812,0.00019152818865243588,-5.925465560409592e-05,5.7454529375999746e-12
GL UN Equity,-0.006368879834009708,-0.00035539928335535616,0.00020880698111464647,1.0381706881851619e-11,0.0034033914781878014,9.929573077442966e-07,0.00016213527422484302,-0.00046021205655025834,-9.635627045893708e-05,-3.5166724539748884e-11
GLW UN Equity,-0.012082730615920518,0.00011456838426266026,0.000294414982465979,-1.0005196587606706e-10,0.0016901696554415108,-1.8200303867503388e-07,-7.606500996464849e-05,-0.0001758751133156838,-2.3108288712218185e-05,1.928829855723286e-11
GM UN Equity,-0.01666338571191945,4.037836784904788e-05,0.0004983581308752699,1.116356007484506e-11,0.00018615893274576633,-1.5860309347643091e-07,1.7327616361367813e-06,-0.00035140103784937944,5.200232160437781e-05,-8.547494800897321e-13
GNRC UN Equity,0.003501129092269591,6.401132548753217e-05,5.680719368220525e-05,-1.0275340406058654e-10,-0.00015302423284528535,-3.7200536441547565e-06,0.0006942420833277959,1.827360488959541e-05,-0.00013646604441599293,-1.8264346199120453e-11
GOOG UW Equity,,,,,,,,,,
GOOGL UW Equity,-0.005475501376535644,-0.00012078002223270731,3.2066945401611754e-05,5.536343158028786e-10,0.008565267411197203,-8.536220246136778e-09,6.209775538548756e-05,-0.0003193486298919444,2.4242636834075595e-05,7.575068478317236e-13
GPC UN Equity,0.000465048328679558,-0.00016017504740147346,5.9910254759470105e-05,6.229211020110557e-10,0.012432088281479767,-9.669812057101275e-08,8.98182628565678e-05,-0.0003227543276254846,-7.334745853994809e-05,-6.10156481041188e-11
GPN UN Equity,-0.004399127653730573,-0.0002614065386469442,8.529966449338646e-06,-1.3181740280874255e-10,0.006917029462673107,4.413655474577648e-07,0.00015462473188374595,3.390629742184832e-05,-9.273806805620297e-05,3.2923204508594464e-11
GRMN UN Equity,-1.3547680417942553e-06,-5.5236290504814834e-08,8.595843644253087e-08,6.223817377317743e-15,-0.031153873854418358,0.02596975391659308,3.223834156932692e-08,-1.0542812029336757e-07,-1.7140638364711145,0.0012828029762720684
GS UN Equity,-0.018518781991004315,-0.0002343418329848426,0.0002316629180805404,-2.0601011303839912e-11,0.007987771747365606,-1.229148963578385e-07,5.025341572881625e-05,-0.0003697711978594798,1.6807340345664436e-05,7.587487234993562e-12
GWW UN Equity,-0.013892207824956112,-0.00017018314559380824,0.00021138268368018907,-1.7799641984804535e-10,0.0017563405349119818,-1.8390739856691155e-07,0.0004270208379300709,0.00010278662631568291,-6.324957876022778e-05,-4.504481673988542e-11
HAL UN Equity,-0.02031209703991171,6.287651697732153e-05,0.0002713019093205032,-3.620102674055964e-11,0.0028903937979516425,-1.5934618111408012e-07,-8.21768712763738e-05,2.6465783159982972e-05,-1.789043005681755e-06,-4.549260038012561e-12
HAS UW Equity,-0.00048202315133589546,-0.0005010965689419837,1.7059709306416127e-06,2.422301019496207e-10,2.1942501748890145e-05,1.033447967608975e-06,3.340946265513808e-05,3.723293792524394e-05,-3.047736530108381e-05,8.391872877138238e-12
HBAN UW Equity,-0.014907620127954435,-0.00023050323892479917,0.00036764548440817784,-3.057666596479776e-10,0.0005268183912354264,1.2322877125621833e-06,-2.8327371410877278e-05,0.00025399565959907536,-0.0002338563652136463,-8.34348080394062e-11
HCA UN Equity,,,,,,,,,,
HD UN Equity,-0.011249485529453677,0.0001036097718570617,0.0003004296230027106,-1.6062922676218084e-09,-0.0023257799562991124,-3.3695125644785847e-08,-1.5006407093411839e-05,7.302380055348481e-05,-1.9450035528887063e-06,-1.1723849693276812e-12
HIG UN Equity,-0.022779367626729184,5.1574314626149594e-05,0.0005752869427304401,1.3417106724349207e-09,-0.008417713939705867,-3.2909506655381047e-07,0.000599943259721793,-0.00011652301369076371,-4.345302359438838e-05,-1.3443800483636901e-12
HII UN Equity,0.016205714212574333,0.0003200285002532149,-0.00017377985444428612,-2.1330884084701872e-10,0.007165343924754186,-1.3656527761652772e-06,-0.00023553008323540066,-4.631556005205557e-05,-3.9720628271014125e-05,2.265440502175407e-10
HLT UN Equity,-0.01167132461355453,-5.041802352286739e-06,0.0003901011895105218,-8.354916969125751e-10,0.000940091714173886,-7.382310056541557e-07,-0.00010784779716715734,0.0010264230707544757,-2.3769576520233804e-05,4.6288227792251215e-12
HOLX UW Equity,-0.0007624876206205616,-6.870067576611384e-08,2.349607887658655e-05,-8.882757946503463e-11,0.002500080534271377,-1.942999783223442e-08,-2.454459646399259e-06,-8.543567270116635e-06,-4.514902117677131e-05,-7.98502510557778e-13
HON UW Equity,0.0,0.0,0.0,0.0,0.0,0.0,0.0,0.0,0.0,0.0
HOOD UW Equity,0.0,0.0,0.0,0.0,0.0,0.0,0.0,0.0,0.0,0.0
HPE UN Equity,-0.0638776997767974,-0.10466282665065102,0.00034484363914631156,1.4973212173859893e-09,0.002086552129134854,4.019081381051696e-06,-5.239950509880737e-05,0.05504009692850114,0.0017979443071659354,-1.546323045929153e-10
HPQ UN Equity,-0.02191080860300624,0.00048153682012332436,0.0004157002892922538,3.5091173878841075e-10,-0.004549526011242083,-3.960764614055493e-08,0.00014052695862601717,-6.164556255177412e-05,-3.706047958506445e-05,6.075807804660406e-13
HRL UN Equity,0.0009438675854062048,-0.000375809475794124,5.691716212573962e-05,3.460655466425689e-10,0.006009204776497498,-9.908221142371143e-09,0.0008263694954994005,-0.00020406807848748044,-3.6346689048155265e-05,-2.2684906643581434e-11
HSIC UW Equity,-0.01187202593299505,-1.3274681206138175e-05,0.0001227290948521669,1.9949058457853824e-10,0.009399443742942284,-4.0430393324224275e-08,0.0006298329036260464,-0.0004989457796836226,-8.19024058280547e-05,1.0609720269885406e-12
HST UW Equity,0.0,0.0,0.0,0.0,0.0,0.0,0.0,0.0,0.0,0.0
HSY UN Equity,-0.010591284670938958,-0.0005040653250122881,0.00025155217232669864,7.435704762756517e-10,-0.007591144147116007,5.577024593463022e-07,-7.001459572749855e-05,7.668045727273093e-05,-4.515392846249182e-05,1.4421308421920739e-12
HUBB UN Equity,-0.0036606206789840156,-3.201061018814688e-05,0.00011878035272739539,-1.4020214026042503e-11,0.004477697901412679,-5.371305667020149e-07,0.0003502829156801418,-0.0003563036631885766,-4.529450203259639e-05,-9.295917588140639e-12
HUM UN Equity,-0.011875060597355432,-0.00018465641402116973,0.0002107089681286199,4.887340984345815e-10,0.00756132563773078,4.977385283883469e-08,-1.2799521934230262e-06,-0.00034591721209144597,-5.1268237785273443e-05,5.836123979792442e-12
HWM UN Equity,0.0,0.0,0.0,0.0,0.0,0.0,0.0,0.0,0.0,0.0
IBKR UW Equity,-0.00927129521983236,3.888293457108698e-06,0.00027160231786337296,-7.564370165867977e-11,0.00036252751419803676,-7.80681672373674e-09,-6.307587221838279e-06,-0.00011380863239532559,-6.756586331281789e-05,-1.3564610164821852e-11
IBM UN Equity,-0.011249788259047083,0.000241483088801391,0.000157253993119427,1.1703875052387025e-11,-0.0009628481435703883,-2.1989600074676875e-08,0.00019985426282457768,1.0130171771820142e-05,-5.8787861688561316e-05,-1.3627149775905316e-12
ICE UN Equity,-0.019749350655265646,-0.0002839830240163779,0.000441849052340291,2.8746858042997605e-10,-0.002852881768395283,3.758621291400766e-07,-1.6328089930424266e-05,0.0002398019761651539,-0.00011392719998812221,1.6047880707885349e-12
IDXX UW Equity,-0.006175853139950338,3.1408251073853604e-06,-1.4983417205543823e-05,1.3750525628093838e-10,0.00541477721847771,-1.088971176659466e-06,4.65686800982378e-05,8.115789871148942e-05,-2.9817140453172604e-05,-1.2320246792914645e-11
IEX UN Equity,-0.004710794858805774,-0.00024104268225863136,-4.2259401668911175e-06,6.414227307093894e-10,0.006918553972148435,-9.836378071590898e-09,1.8949163657234287e-05,-8.957226074362483e-05,-5.3958399407489376e-05,5.5854079232077995e-11
IFF UN Equity,-0.020284627193962484,-0.00016230372025663968,0.0003256962407895314,-3.3143641194985374e-10,0.010147801413805165,-3.214914548995529e-08,-5.9210332040501794e-05,-0.00014176163774615744,-8.409841655503411e-05,7.961703890377658e-11
INCY UW Equity,0.0027627751745038175,-6.275130789367682e-07,-7.741177024813087e-05,-5.205117235904165e-10,-0.0033185267125905894,-3.6587896206137705e-07,-3.8255713429084135e-07,0.0004708129115527755,-2.3526338840186267e-05,-3.990425963724239e-11
INTC UW Equity,-0.020025026711062006,-0.00011685905818465405,0.0002879356562083828,5.385781059220149e-10,0.0005567620038733504,-7.159498606375129e-09,-5.495398335054021e-05,-1.5539588125041135e-05,-5.990164058405569e-06,9.812390711903426e-13
INTU UW Equity,-0.005182736984009531,-0.00016998631395916057,0.0001326983327877059,2.4766579012260657e-10,0.00541550984865126,1.485090642420242e-07,3.025738033730689e-06,8.640107858678625e-07,-9.211407841065849e-05,-1.3079929810609851e-11
INVH UN Equity,0.0,0.0,0.0,0.0,0.0,0.0,0.0,0.0,0.0,0.0
IP UN Equity,-0.012571881919487512,0.00011623871725050544,0.00024319273665045148,-1.2738598353349773e-09,0.000972064937763095,-1.377426186676454e-07,0.0005435630087946234,3.3710750213909456e-05,-4.9091838537637616e-05,-7.157609501769842e-11
IQV UN Equity,-0.012418467176240651,-0.0008437794191906705,-9.048680011342285e-05,8.113476092273627e-10,-0.003186205786028758,5.792862256859746e-08,-0.00034622687078133694,0.002268983234460966,-0.00010870510610246051,-3.947961962303092e-11
IR UN Equity,0.0,0.0,0.0,0.0,0.0,0.0,0.0,0.0,0.0,0.0
IRM UN Equity,-0.0022659545951454283,2.682257270021246e-06,8.58902644136399e-05,-3.69981737885777e-10,0.004340236575734606,-1.6555247260267787e-06,0.0001985087744611647,9.179025696015079e-05,4.1830017934482185e-05,-4.102257423882173e-11
ISRG UW Equity,-0.012769817388641209,-0.00010190499366811683,9.925926008146134e-05,3.818379844034066e-10,0.006215124994018447,3.611729552156323e-08,0.00015386038554820908,-0.0005530284996555089,-2.644140292307273e-05,3.553991682030957e-11
IT UN Equity,-0.013501950131540737,-0.0005491384736306844,3.06982764482603e-05,5.866085216093274e-11,0.02066408375107518,8.44484590377408e-07,-7.548717619885393e-05,-1.9203274200818662e-05,-1.7405666635756945e-05,2.49234454080363e-11
ITW UN Equity,-0.006658588409138555,0.00026459473540954223,6.791808285685501e-06,-7.934486245060874e-11,0.00837159840181884,-5.008212187956063e-07,0.00010633300385265051,0.00012423071716754957,-4.3644096632598845e-05,8.216379781084589e-12
IVZ UN Equity,-0.00570937416418439,-2.0759577314587068e-05,-8.71355115272195e-07,-4.843029668858984e-10,0.009232024346123502,-9.696529028710165e-07,2.190105253363886e-05,0.0008675002168152471,-0.00017026433465434703,-1.1302356074961746e-12
J UN Equity,-0.022503627243042522,0.0005744219307451787,0.0005113256848357017,-4.106077845222268e-10,-0.002736640458682338,-1.648705541011218e-06,0.0008342205869645476,-0.00041584058712732506,-5.700799384880359e-06,-4.550005415375325e-11
JBHT UW Equity,-0.0096068745186886,-8.650150413154297e-05,0.00018753566617610642,-2.5784273045821647e-10,0.006299696030967804,2.993604532194915e-07,-0.0003822492394364225,5.7726370281231345e-05,-0.00010677323607132731,-9.03012417507627e-13
JBL UN Equity,0.004309958966790603,3.5034346469595395e-05,-0.0001524702610424818,1.980695541272215e-10,0.00808093369886701,-2.746317730415766e-06,-0.00012898578367943,-6.440619376954355e-05,5.84494766037385e-05,2.1153568761564608e-11
JCI UN Equity,-0.012852675501406348,3.391224841027187e-05,0.00016623048118102418,-5.455268356359546e-10,0.00434632616765141,-2.2310242019314284e-08,-6.512176810264021e-05,-3.918147649956959e-05,-7.665593020973266e-05,3.5673104425536595e-12
JKHY UW Equity,0.004225131766473585,-0.0008175537747103216,-0.0001452604554372596,-3.6003939509318854e-10,0.005915074029056045,6.570553721931643e-07,0.0002817891496464045,0.0007121472299010051,-8.724662423753357e-05,1.737896376983891e-11
JNJ UN Equity,-0.014157054282382675,-0.0002716592787850734,0.00027089166704499307,7.665056630578421e-11,0.0007476349816133944,9.238954193134215e-09,9.434395640541958e-05,-0.00015512914204563982,-4.0253266601444555e-06,3.170282313931399e-12
JPM UN Equity,-0.015591513794621316,-0.0002962983634359636,0.0004954781436624035,1.831658922772034e-10,-0.0015705918519219888,-7.669110363578436e-09,0.0002761179673390959,-0.000787308482612215,-1.7361104682195975e-05,-4.705312261675365e-12
KDP UW Equity,0.0,0.0,0.0,0.0,0.0,0.0,0.0,0.0,0.0,0.0
KEY UN Equity,-0.01196614481474638,-0.00012354577465418677,0.000559630990969048,-4.19679388036365e-09,-0.001980327559366533,6.588458356905775e-07,0.00021276655439036364,-0.0004249244420582612,-0.00016898081466190773,-2.2331507762105825e-11
KEYS UN Equity,0.01362279164797545,-0.0022967030870897696,0.0007316504360959378,5.211310596252779e-09,0.009185747689745904,3.697985950465885e-06,-5.5601180360126396e-05,-0.00025234108218765957,-0.00023605903943456677,-9.781693953593367e-11
KHC UW Equity,0.028951220844101386,0.033468039715632864,0.0026806793880973768,2.7997305121723922e-08,-0.030892568961742892,-1.312117480053147e-05,6.714124461343233e-05,-0.03949228763333726,-5.750522860404326e-05,-2.3275248871836203e-11
KIM UN Equity,-0.018898173790851958,2.1314985295781516e-06,0.0003448828497912897,-7.013369833415282e-10,-0.0006272109490700234,-1.4861583981023716e-07,4.236533586007944e-05,-1.4957585141184027e-06,-6.217285964812609e-06,-1.6822589600970808e-11
KKR UN Equity,0.003728504243390368,-1.0162310693522226e-06,2.1715346630193053e-05,-7.063496802576749e-10,0.001433007854054723,-7.18452050774245e-08,-1.965219106023801e-05,8.326891889737799e-06,-3.7085360906767908e-06,-5.163884595568772e-11
KLAC UW Equity,-0.0002592866805644421,7.662458281712775e-06,2.1168825271407972e-05,-4.5271442398598704e-10,0.007817374755787497,-5.159770787120363e-07,2.0379028494924715e-05,-0.00011235111991376648,-3.726416536069526e-05,3.3467708484546784e-12
KMB UW Equity,0.0,0.0,0.0,0.0,0.0,0.0,0.0,0.0,0.0,0.0
KMI UN Equity,-0.005879982788318322,-1.0361408311321956e-05,1.5338869750924542e-05,-1.185823270367394e-10,-0.0006823334400039247,-3.7271518902203746e-08,2.0187837002885632e-05,0.00029443793863683166,3.496597042671163e-05,-3.4082872326011882e-12
KO UN Equity,-0.009028940225405624,-0.0002386200419019849,0.00010692652481625797,-1.0063496741228468e-09,0.008541682994698728,-2.755946028354549e-09,6.221456804637335e-05,5.016404958044237e-05,-4.255711085385762e-05,7.1787670440883e-13
KR UN Equity,-0.001145481116377999,-0.00045875226496605695,-4.859611730568576e-05,9.744855284655456e-10,0.00649876046562185,6.481865622587702e-08,0.0004506014548884269,1.9024311797674156e-05,-3.433177355208289e-05,1.9063247781320398e-11
KVUE UN Equity,0.0,0.0,0.0,0.0,0.0,0.0,0.0,0.0,0.0,0.0
L UN Equity,-0.015609287145667226,9.343709210344418e-06,0.0004600055942088281,-5.330540606402605e-10,-0.0031909064759598435,1.0113186553332836e-08,5.545998362549778e-05,-0.00024472937081523047,-6.204385369917818e-05,2.4652316407509346e-11
LDOS UN Equity,-0.0018550297956418538,-4.0946148602312915e-06,0.00016757192270214544,-6.26621791946427e-11,0.002595757500956618,-1.0886604019873324e-06,-2.6397730025687923e-05,0.0002206716932045154,-6.578445253094583e-05,3.388697716260151e-11
LEN UN Equity,-0.01617014437265314,6.8289232281154344e-06,0.0003932015419208101,-8.131102162866566e-11,-0.0008638288146686123,-7.686734006416157e-08,-0.00014592082069184934,0.0002527741598638964,-9.439863776687886e-05,-6.401774287945184e-11
LH UN Equity,-0.0005525274193055243,-2.049619038834867e-05,7.308512534526049e-05,1.1197302692276914e-10,0.0036031965672279776,-1.4675932745287172e-07,9.652388489651034e-06,4.235640718708274e-05,-6.641207717117967e-05,-5.7761149667372256e-12
LHX UN Equity,-0.009393340850196356,-0.00040116053515335237,0.00010001875668730234,-4.982471669300669e-10,0.010602993362098606,-1.9481345743281526e-07,-0.00014125129810324723,6.477400154975613e-05,-2.6864470266185333e-05,-5.355165730625062e-11
LII UN Equity,0.0008660990513415278,0.00012062273515942395,2.9143984980022294e-05,-1.192272003546092e-10,0.0038666392102051396,-1.92232908139519e-06,0.00013422083863879475,0.00010417989449920591,-9.494028468866711e-05,2.3729784539692103e-11
LIN UW Equity,0.0,0.0,0.0,0.0,0.0,0.0,0.0,0.0,0.0,0.0
LLY UN Equity,-0.00251823286684118,8.744731705186346e-06,8.67153480823026e-05,-2.459854634068417e-11,0.007540189406105758,-3.7261582402124497e-08,-0.00016194637676893893,4.138342606199848e-05,-2.5167501217990673e-05,-6.0037895167203255e-12
LMT UN Equity,-0.007345311119639206,-3.9885994660271236e-05,5.516224838615479e-05,-6.120665648726058e-11,0.01047526388595116,-6.736469570203396e-08,1.0407872513421183e-05,3.5070451449775644e-06,-6.201311032217382e-05,-9.985611662933627e-12
LNT UW Equity,0.0,0.0,0.0,0.0,0.0,0.0,0.0,0.0,0.0,0.0
LOW UN Equity,-0.008046627593500142,0.0008921536093085045,0.00015337925171547183,-5.453641793378366e-10,-0.006266684549889586,-5.439935905094191e-07,-0.00020555497026229032,0.0007877000975204812,6.713094678866551e-06,8.7196383423732e-12
LRCX UW Equity,-0.01691531629288053,1.856751262493857e-05,0.0002853755478110302,-2.771069740025267e-10,0.0037985575104815283,5.4982958896135517e-08,-3.9150921856889154e-05,-0.00010334285274287237,-0.00011843605006064934,7.022308551802755e-12
LULU UW Equity,-0.0004423047586700618,-8.851437531299681e-05,-2.5129452976318594e-05,-1.5529919354654e-12,0.0011793118826105792,-8.090083143927483e-07,0.0003714242060746259,-8.066082110775581e-05,6.639958275128139e-05,1.24445146523529e-11
LUV UN Equity,-0.01684865521869281,-3.379195822670655e-05,0.0001597504866810156,1.290507126142474e-10,0.001031249623583844,-6.3926393580120645e-09,0.00015432091502107472,-0.00013074266177991262,-5.361301139253472e-07,-1.3016113710160657e-12
LVS UN Equity,-0.01574152760535373,-1.8159444245331148e-05,0.0002532205808650778,-1.7407596134495732e-10,-0.0035787437006432176,-1.336762419265136e-07,3.376133107784128e-05,9.232185597577791e-05,0.00010085799346922056,7.158756196180121e-12
LW UN Equity,0.0,0.0,0.0,0.0,0.0,0.0,0.0,0.0,0.0,0.0
LYB UN Equity,-0.006302496092544246,0.0011120190546923406,0.00018867671777681884,-3.140989162209256e-10,-0.001962943578601742,-2.6479294320345134e-07,3.133852998925927e-07,0.00013612091184727845,-8.045061292340514e-05,-1.330892484219079e-11
LYV UN Equity,-0.008568337146999396,1.6292762744915852e-06,7.854335946958531e-05,2.4957412746210293e-11,0.0002798616900777756,1.4719017257588926e-07,-4.4171304531056555e-05,-0.00010120497970027093,-2.482263028463374e-05,-6.012068191763562e-11
MA UN Equity,-0.012445490025209126,-0.000157536230500187,0.00010525559928448381,2.9189789984965165e-11,0.006895750329001444,-3.123432805401081e-08,2.4755886320607933e-05,2.6441072440998044e-05,-7.216839344951455e-05,8.646167304660628e-12
MAA UN Equity,-0.010851795847599639,-3.430310037256033e-05,0.00022741250795913544,1.354590613859637e-11,0.00481424781777542,1.0182513122291138e-06,-2.3775879276522596e-05,-7.934446898950236e-05,-0.00015092341549545902,8.861198439727656e-11
MAR UW Equity,0.019889229764924007,0.0017448785215544162,1.9613152600928435e-05,-8.540381027606305e-11,-0.00436019985756316,-1.4757519744344957e-06,1.5229292034207234e-06,-6.342223240170453e-06,-6.724802500756422e-05,1.9718566165213007e-12
MAS UN Equity,0.013789700545457346,3.2262564531893384e-05,-0.00010595029709032654,-8.510602220043626e-11,0.005140659710432813,-1.1748061786085694e-06,-1.3456936954220357e-05,4.165677413187832e-05,-5.057158103815108e-05,5.0833887395325055e-11
MCD UN Equity,-0.004378163023259791,-0.00025510933362270834,4.08627616153048e-05,1.3920170931657602e-09,0.005238899976123133,-3.496672460529716e-08,0.00012022384192496897,7.541622850152716e-05,-6.314879497104403e-05,3.4706137976266913e-12
MCHP UW Equity,-0.007307956679732022,-5.6951196445330954e-05,-3.87863929495537e-05,2.372979037717558e-10,0.020850620412076384,-1.823659271831548e-06,-5.4567284952773394e-05,-0.00010263646960885591,-6.010380502517817e-05,-6.0063265350362425e-12
MCK UN Equity,-0.019012137284919572,-0.00014638909058365044,0.0003393277761493833,-1.8911035851663497e-09,-0.00023012069341708504,2.1951697720181736e-08,0.0021712263753196825,-0.00010460639747251869,-1.726061735531242e-05,3.6141759402470684e-12
MCO UN Equity,-0.007955329962811706,-0.0008117465451527022,7.461975583880277e-05,-8.274446271220622e-11,0.0053898017693881075,4.982606760725593e-07,2.9419195179960394e-05,9.628929247721851e-06,-1.8983361730952915e-05,-1.8190367243329875e-11
MDLZ UW Equity,0.015786375913233987,-0.00016193491547429164,4.836972029475809e-05,1.520167164163083e-11,-0.0004732128295357556,3.59947723847152e-08,4.120689119751203e-06,6.918715313079076e-05,-2.4175155288607532e-05,-6.393834163293649e-12
MDT UN Equity,-0.011272209579077139,1.737795246385676e-05,0.00013445003819109036,1.8568338835972622e-12,0.005823050523342252,-5.25799023011297e-08,-3.562570517936754e-05,-4.455742137005451e-05,-3.108937962574728e-05,1.0646297412394618e-11
MET UN Equity,-0.02518599195667577,-2.2663341320241784e-05,0.0004485942569192442,4.2191160618456876e-10,-0.0006092791924285827,3.380805382073037e-09,1.781311880751954e-05,-3.2736181680526905e-05,-0.00011426973887010655,-1.9648926876961085e-12
META UW Equity,0.0010303690311015282,-4.058000477755589e-06,0.0001298352696170391,-1.4564931956084054e-10,0.006191789859376238,-5.960998894479671e-08,8.755282689714747e-05,-3.141623319581742e-05,-3.0410798067508056e-05,2.7126556015091573e-12
MGM UN Equity,0.0032072569648057847,8.282702308178687e-06,8.253064145965713e-05,-4.631089446822941e-10,0.0019736921348729774,-2.757055180201053e-07,-2.0673124972608813e-05,-4.187137106723168e-05,3.478844991239605e-06,-1.1527951969151966e-11
MKC UN Equity,-0.014921046765113157,-0.00047607871000101925,5.7885858418020835e-05,1.330520829541371e-10,0.011372913504355955,1.0453420046912823e-09,5.54408109894902e-05,0.00026813426313764113,-7.321351653613444e-05,2.8217748519883687e-11
MLM UN Equity,0.0028874276698451925,-0.00013224526641110397,8.725595509839542e-05,-1.6861592965860793e-10,0.010709600852340467,-5.337777227744527e-07,-1.0348257036921015e-05,-0.0004183030626655442,-1.9449987345499294e-05,-3.7172216716987824e-11
MMC UN Equity,-0.009863695998363427,-0.00013253889642077105,0.00013151510304270207,6.413841282326452e-11,0.009885626788369873,-1.463374982621204e-07,5.9581803256042916e-05,0.00010292332556561092,-0.00010680283898817646,-2.349547986440364e-11
MMM UN Equity,-0.007220708604665157,0.0005433112475554555,0.00013521658922805384,1.1024517945923649e-09,0.005869771355598287,-8.05357788070807e-08,-9.778901630676663e-05,-0.00015166962579881124,-6.803663708543014e-05,4.394312264166121e-12
MNST UW Equity,-0.009984733940761091,-0.00021027579493332446,0.00019228070927022003,-4.0425915429576734e-10,0.003739266847787559,1.6663893278678247e-07,6.185241262138189e-05,4.296063803325834e-05,-6.11662470765369e-05,1.9677924348849155e-11
MO UN Equity,-0.009626191248900972,2.5400913254407486e-05,3.8778375901262456e-05,1.4305981431180406e-10,0.005666009528811833,-2.7059253493796745e-08,8.372867910739357e-05,-7.701493941571848e-06,-6.295785825317049e-05,5.867844825926097e-12
MOH UN Equity,0.0020025477232912202,8.737554257585445e-06,5.2822046344617995e-06,-3.1570907363221263e-11,0.003486879011417021,-1.602522855690443e-06,-0.00019394913063300136,4.534243725273617e-06,-3.4785646143701484e-05,2.365358742512863e-10
MOS UN Equity,-0.013359390994816882,-5.1764752575749136e-05,0.0004887661885992992,-4.298187229227455e-10,0.002914248080373373,-9.633672605690302e-08,-0.0001369427403831922,-0.0004542878074860301,-3.346171522474325e-05,-4.301349813351053e-12
MPC UN Equity,0.01609962394971408,0.0006983078567369214,-0.0003704276090578902,1.3116989564064756e-09,0.003650478874557979,-5.603004199031258e-07,-0.00010625446687942271,0.00041035138222049754,-1.656583122830838e-05,-3.1744426232595e-11
MPWR UW Equity,-0.004187188483940347,2.7684306925270014e-05,0.00017704056029234084,-2.57529508654838e-10,0.002656000863820514,7.055308939943001e-07,-0.00010204727102675577,-0.00013770104471839056,-0.00010991312359956331,-1.1284065253219868e-10
MRK UN Equity,-0.0012040590248954758,-9.698879491243744e-05,2.326309642677743e-05,3.9071328304704073e-10,0.0032650614027786573,1.771516793530059e-08,2.4056394874952382e-05,-5.384954806072844e-05,-5.616417144024503e-05,3.485631060824306e-13
MRNA UW Equity,0.0,0.0,0.0,0.0,0.0,0.0,0.0,0.0,0.0,0.0
MS UN Equity,-0.022041705914248522,-2.0614635436072826e-05,0.000686793648149466,-5.323367743722116e-09,-0.003157516872398593,8.538774412861734e-08,-6.818307411523998e-05,-0.0001098809240520119,-8.275361007737055e-05,-5.045088151031963e-12
MSCI UN Equity,-0.004204452970584508,-4.530502000634523e-05,4.813380116436336e-05,2.570963735693181e-10,-0.0004519748674040847,-5.849073584373719e-08,0.00014010039711070873,3.847219899474376e-05,-6.703753248929349e-05,-1.3846439408753363e-11
MSFT UW Equity,-0.021253296416699603,-1.538460670952011e-05,0.0004297156733570166,-2.6768965946948815e-10,0.007652602441655552,-1.6809652392477816e-08,0.00010299038839295928,-0.0002516372257807818,-3.196716932900781e-05,1.2073394683765912e-13
MSI UN Equity,,,,,,,,,,
MTB UN Equity,-0.006692745351545139,-0.00048150718714655216,3.7578319372495286e-05,3.364508380555519e-10,0.008196763020267995,2.4144739157074784e-07,4.225873661537574e-05,-0.00034931710173445965,-0.00010426016209443631,2.2787905308087767e-11
MTCH UW Equity,0.0,0.0,0.0,0.0,0.0,0.0,0.0,0.0,0.0,0.0
MTD UN Equity,-0.009500501051803209,-0.0003387991996621624,0.00022453751249454777,-8.607792020599522e-10,0.005616379179968018,1.6922934079538085e-08,-1.618244241434439e-05,1.386150990710956e-05,2.3975054675608814e-05,4.2919598852433864e-12
MU UW Equity,0.006038385928568286,-7.094146510207287e-07,-1.9637850542776514e-05,5.609031557550453e-10,-0.002634127259859435,-1.3810676119870351e-07,-1.7206319463010733e-05,1.2599482016706657e-06,2.3800742062070966e-05,3.5602025426783404e-12
NCLH UN Equity,0.0,0.0,0.0,0.0,0.0,0.0,0.0,0.0,0.0,0.0
NDAQ UW Equity,-0.016231250233219578,-6.31716930071301e-06,0.00029286511536437675,4.706582521672997e-10,-0.0025146458554206625,1.4111517697866277e-07,6.970292268450326e-05,-0.00015145406848814393,-6.425597175704174e-05,-5.653815269975629e-11
NDSN UW Equity,-0.007356902000896967,-0.0007188129181342319,1.4148279870679428e-05,2.5273448489603295e-10,0.008758826904035254,1.5425955347143784e-06,-1.922867721441076e-05,-9.591717820782742e-05,-1.1012108628324003e-05,3.573735089553915e-11
NEE UN Equity,-0.0018652877607295954,1.2735277073506629e-05,0.00018422597907949003,7.626311818656647e-10,-0.0031560670452048085,-5.479419470090192e-08,9.713405589860953e-05,8.0979014915972e-06,-4.1643688646283465e-05,-1.6803735151255355e-11
NEM UN Equity,-0.01094448933662659,-1.3484528454778813e-07,0.0002906042459259091,-8.890533937710415e-10,0.0072436580323746655,-9.67537284049863e-08,7.779818568148302e-06,3.22994231581461e-06,-0.00013829433465704807,-5.988206992291131e-12
NFLX UW Equity,0.001545456079511998,8.243616990952565e-06,1.588099012416228e-05,-7.185025079902756e-11,0.0013277379751285942,-1.472445876524735e-07,0.0004442196292533625,-0.00010640587199874277,1.8399991733326233e-05,1.0740855485458752e-12
NI UN Equity,-0.015785919395467696,-4.98114552927842e-05,0.0003342113164957123,-2.197958119928884e-11,-0.0032446381619864813,-3.5580313045247856e-07,0.00012832433742076751,0.0010130669393405211,-0.00011749265734124145,-2.879574602500234e-11
NKE UN Equity,-0.014121220582164624,-0.0005808843372588358,0.0001756917652654891,-1.3796556567207774e-09,0.0033491925765518965,2.177965938638902e-08,0.0002991710936608736,0.0004583119305645095,-7.108156476793296e-05,1.7821047404737775e-12
NOC UN Equity,0.0043498144451589275,-3.553216617011982e-05,-0.00010777108995733268,-5.408360822045984e-10,0.011043851506102535,-1.9644186485682477e-07,4.2500074243272035e-05,-5.718274312130616e-05,-1.9385549601234218e-05,1.1749842066582893e-11
NOW UN Equity,-0.005768513560454737,-5.437355083494381e-05,0.0002501004917083541,-1.7899059374431944e-10,-0.0016138226397513244,-1.1790845007981153e-06,0.00011494798498320807,-0.00038965739142559795,-0.00014731096724490125,-4.803790457372825e-11
NRG UN Equity,-0.014414790268064644,-3.4329015018388096e-06,0.0003685301619474286,-1.0043497239723754e-09,-0.004859660143087312,-3.2951200914107273e-07,6.89656718665654e-05,-3.20592466541143e-05,6.437503568705714e-05,2.0501589511786193e-12
NSC UN Equity,-0.005395688250127953,-0.00019965495248125867,7.2985404672018946e-06,-1.3466469845442678e-10,0.01226433314469253,-2.1780277927214573e-07,3.237181540161446e-05,-0.00012616059404044436,-5.40633083936891e-05,-2.2239102643769808e-17
NTAP UW Equity,0.0015421961904232542,2.157598123183165e-05,0.00015283870194144172,8.128995897697762e-11,-0.001541770013574898,8.598976424575644e-08,0.00019181216137297046,-0.000246622033285043,-4.2020069190479464e-05,-3.549437094274362e-11
NTRS UW Equity,-0.021053974859235745,0.0004928169819894245,0.00040340277506281923,1.082514702737448e-10,-0.0033944039134473046,-7.223689011371803e-07,0.00018633564683359478,9.365436714644176e-05,-0.00011543111682628267,-1.3889975046035084e-11
NUE UN Equity,-0.02040375065409741,3.0194689753157625e-05,0.00044543183335094477,-1.384880313416031e-09,0.005734797526725298,-5.780263214004399e-07,0.0002121442860006029,-0.00019425068626007574,-3.817562295116383e-05,-2.531801579927416e-11
NVDA UW Equity,-0.006646066431360426,1.4776643583063111e-05,0.00012421134543469595,5.5646395559588185e-11,0.00027302143938092577,-7.202244774657684e-08,-1.5366990595379397e-06,-8.352377095409861e-05,-5.016428437374397e-07,-1.3582675788635272e-11
NVR UN Equity,,,,,,,,,,
NWS UW Equity,-0.0021355834060963258,8.873045204147847e-05,0.00023163074012273266,7.868834913774633e-10,-0.0012895932907460838,-5.013448052860959e-07,-9.846919770712828e-07,1.3160893611599505e-05,-6.031639916176801e-05,-2.5761146552609782e-11
NWSA UW Equity,-0.013312311255341039,0.0001451124700324171,0.0006126996275953108,2.5365180629848685e-11,-0.0036784458118931484,-1.1055606580591753e-06,-1.10507441095587e-06,1.6696395376497307e-05,-3.082279075866503e-05,-2.1460547246879087e-11
NXPI UW Equity,0.008741036489364714,1.673311236322868e-06,6.0324129494543974e-05,-1.8132287460665113e-10,-0.0019773135797942387,3.159532542805477e-08,-3.690618617735068e-05,-7.236358837311192e-05,1.9005114359614187e-06,3.204512296176154e-11
O UN Equity,-0.015800992304077555,-9.161990323325887e-06,0.0003478546067595145,2.1840153122405932e-11,-0.0021054604682587894,1.4617560484340555e-07,7.18151229648069e-05,-0.0003275148638625108,-8.780531922111656e-05,-4.614862486207142e-12
ODFL UW Equity,-0.004241221592063581,-0.00014171838243448397,0.00019771895163838744,-4.267687165889962e-10,0.006330643063656722,6.674144128882463e-07,0.00016469192390282993,-0.0004437471222878525,-8.210117663993912e-05,5.1029124853624984e-11
OKE UN Equity,-0.0028860465063670947,0.0001600636091987668,8.60110479253436e-05,3.7817872565342875e-11,0.0018348915932630007,-6.014573590538338e-07,0.0005448885470735567,-0.00024490098653100217,-3.534073028561493e-05,3.4150055075786952e-12
OMC UN Equity,-0.03672799534728527,-0.00022784396052753542,0.00038882837583590837,-1.5431408673265403e-10,0.0062574413846774824,-1.5784454456776974e-07,-0.0003271150173852271,0.0001513326899561701,-2.8663527296364344e-05,1.1533180569727841e-11
ON UW Equity,-0.010954930942309708,-3.2513321433706e-05,0.0001736581400781692,-9.041422901489184e-11,0.005134748133078739,-2.647416688102614e-06,-0.00015459063671497314,3.755335901656448e-05,5.495974583123269e-05,-1.812398147367852e-11
ORCL UN Equity,0.004454430189122096,-0.000599861209342123,-1.9207640248204558e-07,1.1814343848751265e-10,3.481040028254493e-05,3.707012790197452e-08,1.7544203897690083e-05,0.0002776215231162095,-7.427997503948144e-05,-3.4893729446445045e-12
ORLY UW Equity,0.0030527586116400295,-0.0007243212069625012,0.00012153780649630997,3.350445199456317e-10,-0.0005328677432996068,1.9786122077118817e-07,0.0006663911441889716,5.9247604040940026e-05,-3.5860904075980656e-05,-9.321220868956986e-12
OTIS UN Equity,,,,,,,,,,
OXY UN Equity,-0.017855641218396213,1.8497323261702606e-05,0.00037512911251651225,-7.374152798522903e-11,0.004724103428517315,-9.903016282600615e-08,3.417777408615068e-05,-0.00021981989401215045,-7.561250862596678e-05,3.555445181335735e-12
PANW UW Equity,0.0,0.0,0.0,0.0,0.0,0.0,0.0,0.0,0.0,0.0
PAYC UN Equity,0.008858806293451713,-0.00022695830489870828,0.0009322584854875869,-2.0298130786386183e-10,0.0013706966456923212,-9.5109178766875e-06,1.2691743280118036e-05,-0.0006446863647302647,0.00010939150646412259,7.207476011479085e-11
PAYX UW Equity,-0.021551445446275568,-0.0012709587208840402,0.0003797577012267324,8.760535069018785e-10,0.033499782062215974,1.1171156674727672e-06,-6.500717986602752e-05,-0.0004983266746521545,-8.252189665053738e-06,1.2218019326883972e-11
PCAR UW Equity,-0.00933374270054546,4.378959548100207e-06,9.690562695736132e-05,4.055006772043903e-10,0.004082085777429171,-3.3057171072106717e-07,0.00030608443141275386,2.9990294599446027e-05,-6.124552941493243e-05,-3.818739760950085e-11
PCG UN Equity,0.0032841543468387227,2.195956973053143e-05,4.554377138676871e-05,2.435930956295938e-10,-0.0019402857553938288,5.4095832685764865e-08,7.011761444376271e-05,-2.1936889662281617e-05,-6.016191629383116e-05,5.508762212248148e-12
PEG UN Equity,-0.01460676454025685,-0.00029751700783907885,0.00029015566722649617,1.5447514108337906e-09,0.011533562836418624,-3.7295390175705156e-07,7.80011536472631e-05,-0.0004200659347412252,-1.7876820581090873e-05,4.584293322930505e-11
PEP UW Equity,0.0,0.0,0.0,0.0,0.0,0.0,0.0,0.0,0.0,0.0
PFE UN Equity,-0.010467603551831404,0.0007622823146570197,0.00019121552525009174,3.095801236793131e-10,0.0050829491724635875,-7.728479329055267e-08,-4.571577654705515e-05,6.518586109481272e-05,-4.573184197656071e-05,-2.020785901153331e-12
PFG UW Equity,0.0,0.0,0.0,0.0,0.0,0.0,0.0,0.0,0.0,0.0
PG UN Equity,0.0008489823364688236,-0.0005591721614045457,3.5108396725748136e-05,-1.2074728796898796e-09,0.006920749084314387,3.065103787043826e-08,4.813882579125625e-05,5.8430990064817695e-06,-7.053602158198161e-06,1.501788692675902e-12
PGR UN Equity,-0.014584632808586791,0.00014594849409482196,0.0002565729181152034,1.808593337577423e-11,0.0011637897499087342,-2.564923806881667e-07,2.711882393591287e-05,0.00011174577004620781,-7.297921648158303e-05,-2.7983487767271452e-11
PH UN Equity,-0.008044529961219387,-0.00031766346943953996,9.86849336709868e-05,-1.3156187854249042e-10,0.019217809786501422,-3.976193328178113e-07,0.00016324531413272915,-0.0008052526251918375,-4.43546284536414e-05,-1.74166483675737e-12
PHM UN Equity,-0.021821039421429565,0.00011035382515363501,0.0004529108673662529,-4.3235150130596146e-10,-0.001526138254008961,-9.174401431852035e-07,7.495942423601647e-05,6.978557736471082e-05,2.0249198760166446e-06,-7.816942074691952e-11
PKG UN Equity,-0.004281035983594377,9.152906851188824e-06,0.00012021794268467903,-5.701745072692585e-10,0.0017629890216535671,-1.3396946934420053e-07,6.877172050479918e-05,2.0634883231584833e-05,-5.85460267551823e-05,-1.9293749191478703e-11
PLD UN Equity,-0.001117029169574887,-2.94580558284857e-06,0.0001009253202320569,-3.0625275970276215e-10,0.003590412341573858,1.4185083745413683e-07,4.891535621861629e-06,6.6597420811635456e-06,-0.0001598298978725443,-1.367461891217199e-11
PLTR UW Equity,0.0,0.0,0.0,0.0,0.0,0.0,0.0,0.0,0.0,0.0
PM UN Equity,-0.006319619318219371,-0.00029866213800697406,0.00012247982796777062,3.6596206149235414e-09,-0.012010727746049622,-1.7570565907136558e-07,0.00038602453643673054,3.613048384683471e-05,2.7970991585954996e-05,8.036905075754074e-12
PNC UN Equity,-0.012176312539241379,-0.0002577214680998972,0.0005051433416254899,-3.1150692101878553e-09,0.0003683557660930465,-4.253475500257829e-08,0.00029591483601752245,-0.0001994753697789991,-9.130452292995595e-05,-4.1657117797321355e-11
PNR UN Equity,-0.01014930144244378,0.00010597671913416243,0.00019197372241623714,-2.0301007502467927e-10,0.0035691274423187793,-1.4681679224704541e-07,-6.978761466757072e-05,-0.0001282967213750903,-8.550236026385176e-05,-1.5318801562184845e-11
PNW UN Equity,-0.0011092396523389623,-0.0010240260598202108,9.377426435031438e-06,-2.391256095664961e-10,0.02613528141938854,1.2513284117419276e-06,3.92828791327373e-05,-0.0006914049500061108,-1.905719181533303e-05,-6.023451396606143e-11
PODD UW Equity,0.0040220620348158055,0.00015345096499544056,6.362517592364383e-05,-2.322088506633431e-10,0.002584399826969235,1.8435328257038424e-06,1.5042278296383064e-05,5.167480580985898e-06,-1.3185142423392566e-05,2.021567396090254e-10
POOL UW Equity,-0.0037645170754298405,-0.0009230839433108401,8.649539533280742e-05,1.650849518103413e-10,0.011717200264555335,7.186130967243523e-06,-8.010230092282946e-05,-0.00018864926454322556,-1.0200805032915649e-05,-1.1031789983375425e-10
PPG UN Equity,0.0012453751323284858,9.286118051154838e-05,-9.730086907808115e-06,2.0225169385306763e-10,0.005968140755187711,-1.1806591021014727e-07,-4.956458332854359e-05,2.171853552505499e-05,-0.00010263887834731903,-2.413474242455988e-11
PPL UN Equity,-0.009143323010696626,-0.00012414602772998113,0.00017039814417836723,1.1621507794587852e-09,0.003848274755062395,-4.067457866968343e-08,9.032000747978218e-05,-9.802944509091866e-05,-9.376175815130222e-05,8.144624630946626e-12
PRU UN Equity,-0.036844284741303274,-0.0005174725950263155,0.000484476470447215,4.778985407756737e-09,-0.0008620107146006483,-1.1183874066738273e-07,0.00019750606565367956,-0.0002214814062998308,-5.104507890843947e-06,1.1450830238638029e-11
PSA UN Equity,-0.019805156727270883,6.084126013630837e-07,0.0003644990625244422,-6.738450994251585e-10,-6.403821806693971e-06,-5.982224283415313e-08,8.233123036238162e-05,0.0001519117827832313,-0.00013834268763670714,4.081989177231456e-11
PSKY UW Equity,0.0,0.0,0.0,0.0,0.0,0.0,0.0,0.0,0.0,0.0
PSX UN Equity,-0.011522949133074533,0.0007459874453655782,0.0007485773445783619,2.6979062942423087e-11,0.0002724242722585514,-2.846239808166274e-07,3.6787181420144707e-06,-0.0007131555130858423,-3.165207543664592e-05,1.4053327612577625e-11
PTC UW Equity,-0.0036627596169225046,7.440250378379354e-05,3.879368225113668e-05,-6.813205114708301e-10,0.006659838265396852,-2.3052996583071663e-06,-9.141775069867919e-06,0.00011954984083769249,-3.857623202692012e-05,-5.209250030765933e-12
PWR UN Equity,-0.010314042854689865,-0.00023084570654647937,0.0002157059944957487,-2.371886869502482e-10,0.006371147430838193,-1.3236067102052949e-06,-0.00012895434774920917,0.00034066082833762934,-8.831423518348013e-06,1.0492343184198837e-12
PYPL UW Equity,-0.0011566253183956567,-0.010264557543615601,0.00025054215139887616,-6.431267629297551e-10,0.01545622295348075,2.392672124400092e-06,-1.0509766315220326e-05,0.011962158882333585,0.00025929873806933713,2.078783634472696e-11
Q UN Equity,,,,,,,,,,
QCOM UW Equity,-0.010938986794290758,-0.0002465008349743831,0.0002942933609735019,-1.1291415621388364e-09,0.0062213444681625376,1.03394702275711e-08,-9.97867305014599e-06,-0.00020401826441281606,-3.8361899781461166e-05,4.878225623000774e-13
RCL UN Equity,-0.009827655005364866,-0.00013122298946447423,0.00023657162431882335,3.684026078009693e-11,-0.0009005042513464267,5.065668572446315e-07,0.00011678427904408202,-0.0009677784665160189,-3.114115560752382e-05,1.2753632325461334e-11
REG UW Equity,0.0,0.0,0.0,0.0,0.0,0.0,0.0,0.0,0.0,0.0
REGN UW Equity,-0.004104538975012267,-2.0926220612882813e-06,0.00011516132976075077,-1.3910256576177249e-10,-0.0011711120125624756,-6.9406150107016744e-09,4.753708118466599e-06,-6.314568672593896e-06,5.347635300432559e-06,1.136893186990105e-11
RF UN Equity,-0.014599448139534212,5.915790548865634e-05,0.0003425494008560904,-7.440306076133566e-10,-0.00038208641982569744,-2.3641408592535483e-07,5.3745989101191875e-05,9.369543432732765e-05,-5.6412299091659826e-05,-3.320194561854586e-11
RJF UN Equity,-0.026263668576289746,-0.0004968208934532101,0.0004745139319496283,1.761925317097682e-10,0.001111387894473663,8.20987030855964e-07,0.0011979622274749977,-0.0013937911453158606,-0.0001284618455756406,3.084777654543826e-11
RL UN Equity,-0.009024208434291688,-0.001591111726323651,0.00013535736697572193,-1.7883009333437966e-10,0.029360446452685533,1.4888837772381215e-06,5.607838358946051e-05,-0.0011380740593571065,-1.929562195711083e-05,8.47658787250555e-12
RMD UN Equity,-0.0019295642234932959,-0.0002830917911746887,6.0363247039492966e-05,4.393839385830707e-11,0.002231326206992889,-1.3973311241996374e-06,0.000249413869480438,0.0003357680940965186,-1.143944348574764e-06,1.1353107884674976e-11
ROK UN Equity,-0.011062520070778707,2.288999646666196e-06,0.00023478157609174764,1.510887237141074e-10,0.002122206389822405,2.814488840312589e-07,-0.00041600433791136364,3.980997171790065e-05,-8.678967348953762e-05,-1.2392027203757209e-11
ROL UN Equity,0.0008798102122723327,-0.0007651412158294426,0.00018861600252407005,3.3778107176068356e-10,0.0031175721329805665,2.5426496421633663e-06,0.00022694297568657146,0.00032798550768318335,-0.00012045789966481525,5.850171002825765e-12
ROP UW Equity,0.0,0.0,0.0,0.0,0.0,0.0,0.0,0.0,0.0,0.0
ROST UW Equity,-0.011595235967034333,-0.0010013239924133927,0.00027282022223366887,-3.6418067616379544e-10,0.005842212749927905,2.7251969610399163e-07,0.0008787506743591183,-7.766747517993385e-05,-7.687773454233924e-06,8.626770491832976e-12
RSG UN Equity,-0.005630952842907899,8.340919565286208e-06,3.1635776857482604e-05,9.470882159062263e-10,0.005124010088204975,-3.4842974960595683e-07,0.0001948769775015347,-0.0001170080183761295,-6.696243411448319e-05,8.686018447874191e-12
RTX UN Equity,-0.012997357348614038,-0.000292477088792354,0.00020596040252534675,-1.9291451434838996e-10,0.00968654383446066,-2.1707633986646897e-08,1.5743994766734834e-06,-0.0002809836470838835,-1.5714489257960476e-05,-3.06616174701534e-13
RVTY UN Equity,-0.011992217534118638,-0.0001659909389876658,0.00014883299858808568,-3.7120551811157806e-11,0.008280594860432635,-5.272639165384955e-07,-4.28200230902656e-05,-0.0001979235837581254,-4.8419050017087496e-05,1.2716458130660988e-10
SBAC UW Equity,-0.017361861941465172,1.0883995946884513e-07,0.0003701412003929288,3.1813514348816556e-11,-0.0037018241651043957,1.8189382569867185e-07,6.705710871846672e-05,-3.1925284789613966e-05,-7.50145778317886e-05,-4.639842907977283e-11
SBUX UW Equity,-0.006484770256689985,-0.0003300050259157475,9.93115185210606e-05,-1.179706411846305e-10,0.008581689189680072,9.981435841264922e-08,6.819253774205401e-06,-1.457637700683221e-05,-4.492513620156368e-05,-7.46874637199484e-12
SCHW UN Equity,-0.004879151157304302,-0.00016950356006076227,-1.6732184833204187e-06,1.3298337607814031e-10,0.008688610944009249,1.495349243680503e-08,-8.495478290453761e-05,-5.348998963121306e-05,-4.7643281670850914e-05,-1.2751733090085442e-11
SHW UN Equity,-0.004418933717771937,0.0003132839846347059,0.00013977475731960295,2.546234601724431e-11,-0.0001830575349502359,-1.4124325729578546e-07,3.065890428742758e-05,-2.11025455917542e-05,-0.00011171538417166876,-1.4822305398249556e-12
SJM UN Equity,-0.004076229637432699,-9.248116131549896e-05,4.192157394705341e-05,3.600055538892158e-10,0.0013541644722647101,-5.053853345977497e-08,0.00021126689679549116,-0.0001060529995148473,-2.422428038647048e-05,-1.6730561184971438e-13
SLB UN Equity,-0.020128625834960796,-0.00016871043008631696,0.0001605138937957211,5.2712324102217845e-11,0.009359232016529084,-6.201195427674995e-08,-2.5642368844240208e-05,8.274148918774378e-05,-5.381326908676936e-05,7.048776108006204e-13
SMCI UW Equity,-0.006234782518633733,-0.0005800988428015955,0.00044620583750282054,-3.9668839990664544e-10,0.0008364451097021234,3.829308460614944e-06,0.0008670772750079002,-0.0006996705233939639,-3.64029682918883e-06,-7.991975809491248e-10
SNA UN Equity,0.0002418038969176818,-0.0008501412316682312,0.000142679757259025,-3.111826848781957e-11,0.026712342912347246,2.9730202264952556e-06,-0.0005871299980808915,-0.0012966746641721468,-6.364066354066711e-05,3.364223496787093e-11
SNPS UW Equity,-0.012131468253412964,-2.6234573320304093e-05,0.00023578091222567615,-9.516445496613511e-11,-0.0010591565422314129,5.182304848497129e-07,0.00011123330288514944,-0.00016777798464392957,-8.726137079080186e-05,6.8996741763089e-11
SO UN Equity,-0.008072508148128741,-0.0007876338137281251,0.00014301076472181132,-3.606262674084425e-10,0.004447739402676944,2.2326422857266282e-07,9.77468361704117e-05,0.00027055084382344584,-4.184149690499956e-05,-7.991134380557338e-12
SOLV UN Equity,0.0,0.0,0.0,0.0,0.0,0.0,0.0,0.0,0.0,0.0
SPG UN Equity,-0.019580486184816857,-0.00020055001254862208,0.00032804264157991253,-1.5108275526369735e-10,0.0028552239480802914,1.7738594834812188e-07,-1.4145518214575155e-05,-4.1963385482683376e-05,-0.00012232612454529722,3.2896291862871164e-11
SPGI UN Equity,-0.009364933902172355,0.00018857409207266538,0.00016726185673538046,-3.896370314023967e-10,0.00016445167859334203,-1.2048884587381863e-07,-1.4834429034980674e-05,1.2518820461273624e-05,-2.678169110940457e-05,-5.947918952530382e-11
SRE UN Equity,-0.003647149659257158,0.0003744726665468464,9.134205154795244e-05,-8.411373280275168e-11,0.0035784049144676885,-2.839601397539411e-07,3.171964131514285e-05,5.219416076680789e-05,-7.613408551923969e-05,-4.984437065308755e-11
STE UN Equity,-0.0059705837270814105,-0.00023103423876277406,1.080176296856855e-06,6.75657144592869e-10,0.0007277328728870739,5.800628087205026e-07,-2.800875971831648e-05,-0.00021923701037456875,-7.179785110697796e-05,4.477584693985483e-11
STLD UW Equity,-0.0034525359228286924,1.0694788395906377e-06,9.846628580449757e-05,1.7573822012232327e-11,0.0034227049909708865,-7.850066788953688e-07,-6.63238645072857e-05,-4.842631735473239e-05,-6.662112770678472e-05,-2.831608877024765e-11
STT UN Equity,-0.006974404880872563,-8.698488679943841e-05,0.0002031334300333827,7.682979237669879e-10,0.0017502684986587184,-7.077951829865094e-08,0.00011101579788673615,0.00014120609336267212,-0.0001494576980683223,-1.998627610281351e-11
STX UW Equity,-0.004100336389960442,-0.0001614890295564859,-1.4946476570903792e-05,6.791978516333207e-11,0.005697135406819022,-2.6654475964316165e-07,-7.692749314415852e-05,-1.3151941123772392e-05,2.1122367268282872e-05,5.159097931686495e-12
STZ UN Equity,0.00010903354284472156,2.199767914508823e-05,8.075552866633798e-05,-4.3596480030165105e-10,0.0016005427385766002,-7.604846161253217e-08,4.40656701354192e-05,2.602177578488386e-05,-5.7964953076219646e-05,3.811729256561542e-11
SW UN Equity,0.0,0.0,0.0,0.0,0.0,0.0,0.0,0.0,0.0,0.0
SWK UN Equity,-0.008796972199870154,5.2718373213147065e-05,0.00019682844878352355,2.4664763139091295e-10,0.0025596299187547796,4.389117749616992e-08,0.000227070082514745,-0.00026739371997743373,-0.0001118238889025331,-3.678090471598081e-11
SWKS UW Equity,-0.011939704368362797,-0.00017712210666261542,0.0002697945165435334,-2.733141394781575e-10,-0.0011072458951658715,-2.5600926631904815e-07,0.00034492666015797663,-0.00029790285728314753,-2.826566101531766e-05,3.1940419544147426e-11
SYF UN Equity,-0.004026792008833547,0.005274763741485337,5.4853034589122864e-05,1.3353224808682816e-12,0.011221423906469538,-2.985601134423736e-06,1.2072203413845246e-06,0.00032336748271773267,2.4399801388701027e-05,1.7186751595954293e-12
SYK UN Equity,-0.01791859956861728,0.00027431467828677,0.00023268964578438005,8.869434431295024e-10,0.012311487182080468,-4.2634066914942655e-07,0.00013745584672578658,-0.0005800419494293164,-3.5719967251269085e-05,-6.235259137729088e-12
SYY UN Equity,-0.006913972615334121,7.167586339246586e-05,-8.81948855964626e-05,1.2827140560550043e-09,0.022012992137965398,-8.888444512052493e-07,-0.00025770787956887675,0.00012740122414187468,-7.049693403148334e-05,1.9767307247233887e-11
T UN Equity,-0.015845046740064848,0.00048701726542432435,0.0003579463495439411,3.3782976205254765e-10,-0.007191247931534523,-3.6157142585248954e-08,-3.6876487444257224e-06,6.919828651803625e-05,-7.882331812184798e-06,6.213997591749788e-12
TAP UN Equity,0.006226701382556646,3.3228617924608225e-05,-1.2351541688831271e-05,2.493526520929276e-10,0.007518331547752103,-5.879017032931509e-07,2.5034652330278605e-05,3.3535255490296396e-05,-5.143854075890058e-05,1.9780214933243002e-11
TDG UN Equity,-0.005344158223053638,2.2235362235883138e-05,5.7253335442437955e-05,-3.8686192764390115e-10,-0.0011742207074733617,-1.0929229499618091e-08,0.0002690500986879804,7.2760797721938685e-06,-0.0001450888033674205,-4.299528611024508e-11
TDY UN Equity,-0.004794176085074579,-0.0015711090248091226,3.59560171965775e-05,1.0405142013531856e-09,0.016114575074760336,3.496716476141216e-06,0.00024162204254896195,-0.00024237573983266523,-4.0033322039453604e-05,-5.530039545350906e-11
TECH UW Equity,-0.0019338946110984553,-0.00025761720293703515,5.6132150959443355e-05,6.705088043465777e-10,0.004339543070262356,1.5085830065458012e-07,0.00014756182779811837,-0.00021948440067540314,-5.5438089774173135e-05,1.952068922471549e-11
TEL UN Equity,0.004023915585215091,0.0002241278847215636,-6.269236117446854e-05,5.671417648504921e-10,0.0002949535814448639,-1.4179273570035193e-07,-4.196214698528801e-05,2.040888964563618e-05,-6.866181455373176e-06,-6.000274628245759e-13
TER UW Equity,0.0,0.0,0.0,0.0,0.0,0.0,0.0,0.0,0.0,0.0
TFC UN Equity,-0.01188284064629165,-0.00043024972139020046,0.00023719716279894978,1.794956478362646e-11,0.0044304454659369425,1.9525707861591567e-07,1.3821678963962425e-06,-0.0005520882619521578,-4.104337196945515e-05,-7.51782606901806e-12
TGT UN Equity,-0.010921528319752195,0.0004289388368669618,0.0001838671581830318,-1.1981992306321308e-10,-0.0039052142198667174,-2.1022618113472002e-07,0.0010172094198930407,-7.72364669915209e-05,-4.7780772092775775e-05,-2.661787950429066e-12
TJX UN Equity,-0.014393293264389805,-0.0003359191674597944,0.00017718715648665708,-1.6820887548117522e-09,0.00982236194197698,-1.1248014912010998e-07,0.0005500899437629569,5.661349725483566e-05,-9.583373284851015e-05,9.318949752458477e-12
TKO UN Equity,0.002437032654495642,4.380076191117018e-05,8.351459586332778e-05,1.707292847052027e-11,0.004091274407411787,-1.223830208201319e-05,0.0001322154618208417,-0.0002841143090073688,-2.6653359176417128e-05,-3.764363036645447e-10
TMO UN Equity,-0.022070193207044255,-0.00026863405521967927,0.00020907763400151503,8.009327562880027e-11,0.011738951562377621,2.3441903358176046e-08,1.7884699718713675e-05,-0.00034058549319709733,-8.928875003322042e-05,3.178646504394648e-11
TMUS UW Equity,0.09894197147339981,0.00016734585673214042,9.215233743954239e-07,-3.7312241115705995e-12,0.005924518344969318,-1.7853033622338464e-09,1.5390224786888327e-07,-1.6967059726457848e-07,-0.00086504116728232,5.016633469350199e-11
TPL UN Equity,-0.00016546704889340444,-0.00010202311495345971,0.0003396433082786974,6.897068434194721e-10,0.0004270515307077918,-7.37469057756884e-06,-0.00020637351769195328,8.131126111122339e-05,3.445113221313596e-05,6.052401190979368e-10
TPR UN Equity,-0.003368059696559467,0.0001950764497108709,8.180976616244027e-05,-1.3330174921711102e-10,-0.002323939567090391,-5.084067406842577e-07,-5.16516276301677e-05,0.00015772284463305236,1.1902101590970782e-06,-5.268139340992527e-12
TRGP UN Equity,-0.012572605940519215,-5.711545720402993e-06,0.00015117341592822312,-4.304557741370368e-11,4.857104440271452e-05,-8.73081117892534e-07,-0.0008114944561591561,0.0001191618184721732,6.28473688818842e-05,6.497670038403868e-11
TRMB UW Equity,-0.006259144545231582,-0.00015223543809535572,0.00012890041109526497,-1.0892930783771028e-09,0.013155026832175462,-1.0553443425802908e-06,0.00018251296380011306,-0.0008062974992772455,3.4616805168022596e-05,5.67064106436213e-11
TROW UW Equity,-0.02927421477889343,-0.0005195748035542081,0.00030584623750080816,8.566000693066087e-10,0.004799623308698693,-6.003954882561716e-07,0.0005631598393999963,-0.0004753193115851509,-6.64704872166293e-05,1.3138097207735022e-11
TRV UN Equity,-0.009716079185702388,0.0004556456083259717,0.00028477515647042296,1.1280495401775225e-09,-0.005967136916162663,-3.1322256154191164e-07,0.0001555003378421354,0.0003877944848986336,-6.791452184803421e-05,7.99877634756186e-14
TSCO UW Equity,-0.002791190865554703,-0.00029173743387637794,8.87070416845848e-05,3.5106430721271818e-12,-0.004227519911591028,-3.770088375467151e-07,0.00027026245076952344,0.000576234248800272,-3.7812741017663134e-05,-2.2860119138573597e-11
TSLA UW Equity,-0.006882816560923454,-5.911152528839283e-06,0.0002994984813315913,-1.0947054675076396e-10,0.0020108771831281497,-1.6892138311845948e-07,3.289296085849574e-05,-3.0288526582293007e-05,-0.00010727424786234361,-3.761525881660711e-12
TSN UN Equity,-0.0066817139824400865,-1.5558226212269735e-06,0.00010672067549514994,5.496069506368705e-10,-0.00300499010985336,-2.726351476779718e-07,0.00018441625620881408,-6.320377775776695e-05,-7.33355767100411e-06,5.369432506925973e-11
TT UN Equity,-0.012790906654293051,0.0003708845988083639,6.341798650699253e-05,-5.471738799705591e-10,0.01665584266003753,-1.360345104751936e-06,0.00011396700100669024,-0.00011904602396938524,-5.13753987720256e-05,-5.005265550508496e-12
TTD UQ Equity,0.0,0.0,0.0,0.0,0.0,0.0,0.0,0.0,0.0,0.0
TTWO UW Equity,0.002482157575731739,2.42130969914011e-06,-3.4454142153709084e-05,9.228077661474954e-11,0.0026320455468762556,-1.6463463958226444e-06,-5.0064643468472e-06,7.120391470699671e-06,-1.283377604278664e-05,-2.149819984131179e-11
TXN UW Equity,0.006116123256199801,0.0001263760752917924,4.74488662283181e-05,7.914345172300297e-10,0.0001927019057522662,-5.892987164002938e-08,4.5321458312684985e-05,7.79403967580405e-06,-6.653892589133201e-05,-1.1050495581219609e-11
TXT UN Equity,-0.028072300371673714,-1.9936084780051533e-05,0.0004625896249062281,-6.49622359921879e-10,-0.001762906196531304,1.1954783910999501e-07,-0.0004882857032722807,-0.00023118399673490442,0.00011143163902885546,1.116516960901952e-11
TYL UN Equity,-0.002876100257745294,-9.503061348041906e-05,-7.701530471008184e-05,5.470275007909338e-10,0.007798263670045099,1.242514232060014e-06,-7.165691596718328e-05,0.0002728224974990652,-0.00017325290560160566,1.0398013807359201e-10
UAL UW Equity,9.628013036347416e-05,5.287914379303812e-05,5.403282638235487e-05,4.0761612509759815e-10,-0.0035147678775500515,1.8090567256656474e-07,6.286513052278101e-05,2.1062077141598792e-05,-5.2401785015433126e-05,7.974945813869704e-12
UBER UN Equity,0.0,0.0,0.0,0.0,0.0,0.0,0.0,0.0,0.0,0.0
UDR UN Equity,-0.014132270765469135,2.740306863522514e-06,0.00028318997900604587,6.890946285518154e-10,-0.0004907281280321685,6.277143497784792e-07,7.273701632055608e-05,-0.00011918733583911513,-0.00016501222694553113,-2.9095035253102124e-11
UHS UN Equity,-0.004114807418840776,-0.00028303332990290894,0.00011342511151629885,-1.757363685621283e-09,-0.003973785591828685,-1.1823577783473219e-07,0.00041392267706553336,0.00024552838382244915,2.278748561400072e-05,2.6779540341080936e-11
ULTA UW Equity,-0.0041536842840717465,-0.00015038565663249125,0.00010670683658600004,5.882853358479328e-11,-0.0031435652333453817,-6.537532762019987e-07,0.0007586591762357977,0.0004217036634315547,-0.00012654774893551212,-2.6293600449112083e-11
UNH UN Equity,-0.009728284909539083,-0.001137256754508921,0.0002155537383267259,1.980104092657877e-10,0.0015824144575630763,1.8476539291027557e-07,0.00028700678553507446,-0.00017347703594035278,-2.40304922903342e-05,5.1357913929867935e-12
UNP UN Equity,-0.012252288879995602,-0.0006133446399952861,0.0001639824131170034,2.5001038035102447e-10,0.013311876828934035,9.196161487630367e-08,0.00016067762708125142,-0.000637769530265713,-5.917517816941745e-05,-4.5015461271566365e-12
UPS UN Equity,-0.008520681693286881,-0.00014633701090266188,0.0002493033453560681,-2.0361037325091807e-09,0.004576841068825773,2.9450766275330467e-09,-2.562335779590503e-05,-7.157785367980347e-06,-5.4357180537682916e-06,4.279481299597052e-12
URI UN Equity,-0.011116540945835928,2.9434413789475e-05,0.00014648463687451542,-2.334215109772432e-10,0.006517569387963525,-1.0544919843694177e-06,1.0780691181787686e-05,7.057556317567655e-05,-9.77018314443999e-05,-5.689211978532534e-11
USB UN Equity,-0.015308389567939333,-0.00011338472279956064,0.0004943271192941943,1.1076482187416307e-09,-0.0011005231859440938,-2.4710992894111274e-07,0.001273591202002858,-0.002095118853679584,-6.630309821954966e-05,-1.9575006474085835e-11
V UN Equity,-0.0008501166618876494,7.92128041358616e-05,0.00011249437831238726,-4.5626601392173693e-10,2.6591529611423307e-05,-2.0916379572170285e-08,-6.439855405443188e-06,0.00021362884608296388,-6.581406226542207e-05,-3.277421420190002e-13
VICI UN Equity,0.0,0.0,0.0,0.0,0.0,0.0,0.0,0.0,0.0,0.0
VLO UN Equity,-0.012941552065694523,-2.3377315032194193e-05,9.312169211391816e-05,7.662121700293615e-10,0.003683495972580672,-3.9290160495651256e-07,0.00038340695877544227,0.0001735589036240867,-3.7970550299696603e-06,-7.457274880089643e-13
VLTO UN Equity,0.0,0.0,0.0,0.0,0.0,0.0,0.0,0.0,0.0,0.0
VMC UN Equity,0.004962128635378637,4.155945642519096e-07,3.176099734768389e-05,-2.661339432640108e-10,0.0033790783105516298,-6.492426125594558e-07,7.939351816612367e-05,9.5646578195086e-05,3.916975680658937e-06,-5.800096703362116e-11
VRSK UW Equity,0.0008619168459993636,-5.007068020530594e-05,0.00010567622061013924,-2.772736440363442e-10,-0.00018081626758511594,1.771405513727267e-08,0.00013623835430934082,5.242849017039017e-06,-0.00011194652177727341,-3.378950255999489e-12
VRSN UW Equity,-0.023293376746420878,-2.999119634388008e-05,0.00037676838858307276,2.780299351691067e-10,0.0036551546935254596,-1.48974106452609e-06,-9.808259660483743e-05,5.717701490961274e-05,-5.61823703120726e-05,4.348891238285216e-11
VRTX UW Equity,-0.00318875939923748,1.2684486455663133e-06,0.00013526237907333916,-1.9214716476095808e-10,-0.0013168056731804661,-7.648212186969979e-08,-1.5104829948192798e-06,7.029486105094595e-06,-3.087565679715803e-05,1.9928664745106925e-11
VST UN Equity,0.0,0.0,0.0,0.0,0.0,0.0,0.0,0.0,0.0,0.0
VTR UN Equity,-0.020643721061008362,-0.00013902637918125196,0.00040531096567730004,-1.7571069520443862e-10,0.0010298394016389912,2.3414856612070646e-07,-1.5193943654498421e-05,8.611275033687329e-05,-8.077775921623447e-05,1.5152230207088565e-11
VTRS UW Equity,0.0008543214230694875,1.0922018680858833e-05,6.728828641667919e-05,-6.340583957653827e-11,0.002361270800536865,-2.4205905062463844e-07,-3.647429106757504e-05,1.7015107973412182e-05,-9.015377490278342e-06,1.5934312317902203e-11
VZ UN Equity,-0.006469331685001481,0.00010770181763401963,0.0002032289128268416,2.3067614068567314e-10,-0.003991237996431191,-2.5568833133026998e-09,-6.128830323928779e-05,2.2912707458469723e-05,-2.5983828458238275e-05,1.1843224534224317e-12
WAB UN Equity,-0.0035773802259696503,-0.0003888301341996781,7.720852262065492e-05,-1.502968348107284e-10,0.005809061435905169,-2.081302034448924e-07,0.0009673918405114732,-0.00041054998466084436,-9.50459744579283e-05,-6.555463793747962e-11
WAT UN Equity,-0.009009234469245677,-0.00022956602133430528,4.501642061568836e-05,3.5922444371421704e-10,0.002225141990868589,-1.6444955715131992e-08,0.0001385107788962704,6.01342651010411e-05,-5.746226493334238e-05,-3.4232379193350102e-12
WBD UW Equity,0.0,0.0,0.0,0.0,0.0,0.0,0.0,0.0,0.0,0.0
WDAY UW Equity,0.0,0.0,0.0,0.0,0.0,0.0,0.0,0.0,0.0,0.0
WDC UW Equity,0.00029298852732510816,-0.0020272840278832,2.2964391636245765e-05,7.902920718082922e-11,0.0008076473552729819,8.068016135028116e-07,4.3865020606124935e-05,-4.427609460023772e-06,-8.189531606849205e-06,3.5061269553150535e-12
WEC UN Equity,-8.113134750479352e-05,-0.0002560184849781637,7.803690423936582e-05,1.480620059249706e-10,0.005113282204451687,1.1844560104482646e-07,-1.9546712742998284e-05,-2.4041032173322802e-05,-1.157797532668412e-05,7.033125436061401e-12
WELL UN Equity,-0.010734865930902733,-1.3837648291460344e-06,0.00028309023426685527,-2.388927885713698e-10,-0.0003332378410393063,3.33279563318864e-08,7.796829162851497e-05,-0.0005379287268332259,-6.045174119630708e-05,1.1383424326912896e-11
WFC UN Equity,-0.012775125652422085,-0.0019724364998732844,0.0004295171325711238,7.077513680684371e-10,0.003924761305080365,1.5098883163150306e-08,0.00041164627058033325,0.00010166577078734595,-0.00013550991749013098,-8.414127471767057e-13
WM UN Equity,-0.005433968955293468,0.0008804682916214712,0.00021642503067815215,-4.553214912600603e-10,-0.002282338567741998,-7.908416262872146e-07,0.00019224223415288186,-7.751461024055477e-05,-3.616046803461003e-05,-2.0157659726999486e-11
WMB UN Equity,-0.01354738521419334,0.00014629618424568243,0.0001780216667203421,5.265749801804404e-10,0.0016845505048992933,-3.421866832736767e-07,-1.4838169891432434e-05,-4.788155171294547e-05,-1.916578362031917e-05,4.801116678696759e-13
WRB UN Equity,-0.005312566059951319,-0.00012048957367362064,0.00012437675845034684,4.061067184703885e-10,-0.0007473347746133031,5.776314461828244e-07,-3.692170318192891e-05,-0.00011790748439821199,-6.870895826569936e-05,1.465745713438847e-10
WSM UN Equity,0.0003787399995145769,-2.5369530084757983e-05,0.00012979627791160706,-2.0184460428009896e-10,0.003880205678608779,1.8820070914129302e-06,0.0005415176887286308,-0.0005828250572340602,-0.00015751600799709223,-2.824017180633584e-11
WST UN Equity,-0.009006466351963088,-6.55532580015231e-05,0.000152504174454951,-1.807429533414187e-11,0.003767660907394684,5.496226825070243e-07,8.483149074220824e-05,-0.00023874407744878568,-3.742055644683304e-05,-1.2284310001641069e-10
WTW UW Equity,0.0,0.0,0.0,0.0,0.0,0.0,0.0,0.0,0.0,0.0
WY UN Equity,-0.022681756923029872,3.7127168037701356e-06,0.0003078063097259073,-8.70627746793185e-11,0.00046733747583227025,-1.450502553264396e-07,6.234813995441975e-05,-1.952420673724138e-05,-9.899203120528868e-06,-1.2788122423006732e-11
WYNN UW Equity,-0.007831101158250971,-6.308218417371517e-08,0.000284969736775966,-5.720181049738936e-10,-0.001161824160169544,-1.0227184941676146e-06,0.000669157423133351,-1.3958124746511627e-06,3.9388430188398755e-05,-1.825496847290338e-11
XEL UW Equity,0.0,0.0,0.0,0.0,0.0,0.0,0.0,0.0,0.0,0.0
XOM UN Equity,-0.020712897147015238,-0.0010758511303327729,0.0005415772963576597,-1.1126890856355913e-09,0.014420146118653655,3.6773324964110847e-09,0.0007858575380359401,-0.0007019013547672115,1.3437100080351897e-05,-9.461012003836669e-13
XYL UN Equity,0.00943884860287623,0.0004929198286757348,0.00013281099938628374,1.4584666431057288e-09,0.005803971364614387,-3.130655494201993e-06,2.38827168214252e-06,6.997612114701334e-07,-9.890423844441257e-05,1.0010456080442116e-10
XYZ UN Equity,0.09881275540577052,-0.0007168649399088337,-0.00027436894451612394,-3.5695028402225575e-09,-0.00027029183557004217,-2.3544151284151344e-05,1.550578894696097e-06,-0.0036931114914965676,0.0010034256883929885,3.424190575462851e-11
YUM UN Equity,-0.006046126783630165,-0.0002787571016230233,0.000124047852008276,-1.3013821416238185e-09,0.006172135605011998,1.0287843179349707e-07,1.558129624097403e-05,1.1829720151349659e-05,-7.844115410444362e-05,-6.946004469483997e-12
ZBH UN Equity,-0.015381321963938195,-1.7334281049809545e-06,0.00015135849439662136,2.5075704990483924e-10,0.005129318984863123,-2.4989055960822216e-07,2.8381789454617385e-05,-6.102005676498003e-05,-4.17489882037348e-05,2.7255608960602683e-11
ZBRA UW Equity,-0.004463751608071637,-1.3454630618418368e-07,5.646160636982375e-05,-4.2842260335409326e-10,0.0032709145855120735,-1.3826506464261345e-06,-7.069125870367601e-05,-1.4650446374819374e-05,2.6987126648410432e-05,1.9344069619742317e-10
ZTS UN Equity,0.011573072388803014,0.0008824138405165947,-0.0006960936752193904,-9.265548010500411e-11,4.299635520923616e-05,-2.9906016546467735e-08,0.00019770706135397714,0.00011483165023133029,-0.00026303565874627834,8.418591185569212e-12
