,0
2007-01-04,1.5734205547884368
2007-01-05,2.8553668588681598
2007-01-08,2.8890592681608975
2007-01-09,2.8589139384063773
2007-01-10,2.8545251318794573
2007-01-11,2.857810758185615
2007-01-12,2.8921247113087913
2007-01-16,2.876348702977491
2007-01-17,2.854907042287644
2007-01-18,2.855024097290215
2007-01-19,2.8625655353591886
2007-01-22,2.8621525190999093
2007-01-23,2.8803792256733725
2007-01-24,2.866020379445196
2007-01-25,2.92218536098242
2007-01-26,2.9736274459449628
2007-01-29,2.8556742993899458
2007-01-30,2.8554039999865948
2007-01-31,2.8855784161669895
2007-02-01,2.895121320603393
2007-02-02,2.881214957759572
2007-02-05,2.8569775031816214
2007-02-06,2.8551516631001204
2007-02-07,2.854731114544291
2007-02-08,2.856101784950654
2007-02-09,2.855580309287624
2007-02-12,2.9013350503490667
2007-02-13,2.864278884834444
2007-02-14,2.908510838772465
2007-02-15,2.9091889888291003
2007-02-16,2.8552985580205634
2007-02-20,2.854987449658548
2007-02-21,2.861874711330735
2007-02-22,2.856128289472256
2007-02-23,2.854964567892183
2007-02-26,2.8662056782399308
2007-02-27,2.855737806949442
2007-02-28,3.987727614854155
2007-03-01,2.8836160267462794
2007-03-02,2.86060539136803
2007-03-05,2.9764438346040816
2007-03-06,2.937461939689168
2007-03-07,3.079844783999896
2007-03-08,2.8600403979267024
2007-03-09,2.9019951466204854
2007-03-12,2.8547257933278223
2007-03-13,2.860987242175657
2007-03-14,3.2440822148276083
2007-03-15,2.896438227283827
2007-03-16,2.8670341957361947
2007-03-19,2.8680466388728765
2007-03-20,2.9657957282127505
2007-03-21,2.891992062116621
2007-03-22,3.128414218738228
2007-03-23,2.8544564908942878
2007-03-26,2.8553985856687945
2007-03-27,2.855153630365839
2007-03-28,2.890209349485824
2007-03-29,2.913903194571554
2007-03-30,2.8674287288574125
2007-04-02,2.855571389137662
2007-04-03,2.86061056798127
2007-04-04,2.9351935435087775
2007-04-05,2.8554571729790856
2007-04-09,2.8630137122537
2007-04-10,2.8546010046118626
2007-04-11,2.860706359567005
2007-04-12,2.8948671596017572
2007-04-13,2.890474485002416
2007-04-16,2.865713885306375
2007-04-17,2.962884193766829
2007-04-18,2.8582482820807837
2007-04-19,2.8547255956488593
2007-04-20,2.855630849290769
2007-04-23,2.9348540349258863
2007-04-24,2.8592814332947265
2007-04-25,2.854390227529182
2007-04-26,2.9508647584295113
2007-04-27,2.8548726947949086
2007-04-30,2.8542869017935857
2007-05-01,2.911892937834921
2007-05-02,2.86089178767375
2007-05-03,2.893636978119574
2007-05-04,2.871859627757621
2007-05-07,2.858620480993914
2007-05-08,2.8604499108486916
2007-05-09,2.8555520354067987
2007-05-10,2.8640362122381218
2007-05-11,3.037288530891439
2007-05-14,2.941662925120401
2007-05-15,2.8573159000065567
2007-05-16,2.855871416915362
2007-05-17,2.9241949440268598
2007-05-18,2.8550826375951655
2007-05-21,2.8953322601785056
2007-05-22,2.8565212928122277
2007-05-23,2.8546616535405462
2007-05-24,2.8556426424418664
2007-05-25,2.9427267460560738
2007-05-29,2.8822315474478053
2007-05-30,2.856596790790562
2007-05-31,2.914161841405073
2007-06-01,2.854349289080871
2007-06-04,2.867395114115979
2007-06-05,2.8574871652546476
2007-06-06,2.8811374472230225
2007-06-07,2.928100875676237
2007-06-08,3.1443422915350387
2007-06-11,2.975822122616917
2007-06-12,2.8551729377648765
2007-06-13,2.9614806978977053
2007-06-14,3.0709336522230495
2007-06-15,2.8761239765636737
2007-06-18,2.8943037125450224
2007-06-19,2.855666594545377
2007-06-20,2.8571096008867616
2007-06-21,3.0282542846511307
2007-06-22,2.8902075835028223
2007-06-25,3.0105411591705082
2007-06-26,2.863981422124768
2007-06-27,2.864128211533027
2007-06-28,2.930655062539494
2007-06-29,2.8544620364675306
2007-07-02,2.856581416334855
2007-07-03,2.961770104104422
2007-07-05,2.8663445075313594
2007-07-06,2.854389676055911
2007-07-09,2.8645305062067155
2007-07-10,2.8550732401580916
2007-07-11,3.043346104829321
2007-07-12,2.8850781056496464
2007-07-13,3.1954430262306577
2007-07-16,2.8633969272686124
2007-07-17,2.8577372972560884
2007-07-18,2.854282796513085
2007-07-19,2.8582811551496876
2007-07-20,2.873040645478047
2007-07-23,2.994606662329758
2007-07-24,2.8765865811131173
2007-07-25,3.2228056310337503
2007-07-26,2.8748198244490255
2007-07-27,3.3657765337125563
2007-07-30,3.0948843528092556
2007-07-31,2.953126550520668
2007-08-01,3.004413710843128
2007-08-02,2.903504343108182
2007-08-03,2.8721417366211455
2007-08-06,3.518403002952215
2007-08-07,3.4024863847138955
2007-08-08,2.89005864358335
2007-08-09,3.0403377474502196
2007-08-10,3.6803203208001283
2007-08-13,2.8546165728471657
2007-08-14,2.8545037143806575
2007-08-15,3.164020975875032
2007-08-16,3.036094340027739
2007-08-17,2.864235882961603
2007-08-20,3.42133629424688
2007-08-21,2.8544848386341592
2007-08-22,2.8553815145932813
2007-08-23,2.983179169145859
2007-08-24,2.8553861887196432
2007-08-27,2.9792936780068007
2007-08-28,2.922248506725163
2007-08-29,3.371992750416491
2007-08-30,3.3059447916263256
2007-08-31,2.8708123010057736
2007-09-04,2.9724935022646877
2007-09-05,2.9572668688448767
2007-09-06,2.9785852143822273
2007-09-07,2.8712910485465066
2007-09-10,3.1229046526309325
2007-09-11,2.855863070733405
2007-09-12,3.0288878507221835
2007-09-13,2.8543193889760965
2007-09-14,2.9208814840084067
2007-09-17,2.85432835725114
2007-09-18,2.878908274705025
2007-09-19,3.6558574225327574
2007-09-20,2.8892825742297528
2007-09-21,2.89675333702668
2007-09-24,2.8742440862708443
2007-09-25,2.8801746205867165
2007-09-26,2.85438995875031
2007-09-27,2.881718739653188
2007-09-28,2.868623573242978
2007-10-01,2.8628656546752085
2007-10-02,3.020222626587007
2007-10-03,2.8543810662323867
2007-10-04,2.8736855703748123
2007-10-05,2.858439201398681
2007-10-08,2.9401526423206628
2007-10-09,2.8640158340614468
2007-10-10,2.9158647891450475
2007-10-11,2.8570435487273587
2007-10-12,2.879276622806366
2007-10-15,2.8755167599942686
2007-10-16,2.920282525391826
2007-10-17,2.894887128313869
2007-10-18,2.8571985862157905
2007-10-19,2.8548061075262505
2007-10-22,3.4707965696253313
2007-10-23,2.867985392819319
2007-10-24,2.927086217118762
2007-10-25,2.8598921564324997
2007-10-26,2.855158118742746
2007-10-29,3.0327165446365356
2007-10-30,2.867269626635199
2007-10-31,2.8935288477380627
2007-11-01,2.9894049209430436
2007-11-02,3.510334471125379
2007-11-05,2.8550435686444313
2007-11-06,2.87734039502202
2007-11-07,2.99069360477608
2007-11-08,3.66478989767697
2007-11-09,2.8547898022887286
2007-11-12,3.046061735003817
2007-11-13,2.948061768166627
2007-11-14,3.6495725897517985
2007-11-15,2.901430715449125
2007-11-16,3.01831015125582
2007-11-19,2.8800186050440093
2007-11-20,3.140726547464561
2007-11-21,2.8732562546265425
2007-11-23,3.0926229750195127
2007-11-26,3.122391360979031
2007-11-27,3.3617588698926544
2007-11-28,3.0638465003600515
2007-11-29,3.620721983999868
2007-11-30,2.854680238428618
2007-12-03,2.911002208974932
2007-12-04,2.8868548368293188
2007-12-05,2.894472575361829
2007-12-06,3.0710867339344845
2007-12-07,3.066970219337037
2007-12-10,2.857319282309781
2007-12-11,2.907267335335939
2007-12-12,3.4543412590168545
2007-12-13,2.8888181350413493
2007-12-14,2.85569017298627
2007-12-17,3.031818354917434
2007-12-18,3.0663184209084595
2007-12-19,2.891380908592989
2007-12-20,2.8560225340703393
2007-12-21,2.87683520566234
2007-12-24,3.115378357752924
2007-12-26,2.9156367227290554
2007-12-27,2.854902941050369
2007-12-28,3.04414789430068
2007-12-31,2.856258538908065
2008-01-02,2.898382307923733
2008-01-03,3.050145591660481
2008-01-04,2.8543226371752812
2008-01-07,3.4206419918390294
2008-01-08,2.8641779548164332
2008-01-09,3.170734801194883
2008-01-10,3.028756017772928
2008-01-11,2.9136747808665393
2008-01-14,3.0279594445768923
2008-01-15,2.9653503135965487
2008-01-16,3.4380306691803666
2008-01-17,2.884013742273075
2008-01-18,3.649538609103153
2008-01-22,2.888813282453403
2008-01-23,2.9697412616035237
2008-01-24,3.2862992225544065
2008-01-25,2.9495250719290547
2008-01-28,3.090999856807507
2008-01-29,3.1439247030451902
2008-01-30,2.8899106230768927
2008-01-31,2.8756069732780776
2008-02-01,3.118595639329183
2008-02-04,2.9950506596820596
2008-02-05,2.957166661440045
2008-02-06,3.816175686941962
2008-02-07,2.909124968412256
2008-02-08,2.9127153381159654
2008-02-11,2.8708918002514463
2008-02-12,2.886863151268617
2008-02-13,2.9038859900206564
2008-02-14,3.028177994375487
2008-02-15,3.0235729532254085
2008-02-19,2.854987066485063
2008-02-20,2.855040647372692
2008-02-21,2.919641259617761
2008-02-22,3.00985796734101
2008-02-25,2.9126657474855273
2008-02-26,3.033552443231541
2008-02-27,2.899285335183551
2008-02-28,2.855078787108848
2008-02-29,2.929401282284363
2008-03-03,3.543816268776814
2008-03-04,2.854714962129457
2008-03-05,2.865441588923024
2008-03-06,2.880058940686691
2008-03-07,3.3096217861272454
2008-03-10,2.9208502818567683
2008-03-11,3.0789658427378854
2008-03-12,4.149681812712838
2008-03-13,2.930633161693772
2008-03-14,2.878990344411965
2008-03-17,3.2601340613371725
2008-03-18,2.929785484280311
2008-03-19,4.544222836544451
2008-03-20,3.408940977970238
2008-03-24,3.393120953964882
2008-03-25,3.074976532862663
2008-03-26,2.859316295613846
2008-03-27,2.926471907329405
2008-03-28,2.9777007108273295
2008-03-31,2.9136916038386125
2008-04-01,2.884679379668143
2008-04-02,4.064992583771446
2008-04-03,2.8580938375868175
2008-04-04,2.8558659543377836
2008-04-07,2.854868894602359
2008-04-08,2.856564529077855
2008-04-09,2.878712958545676
2008-04-10,2.9158051639516374
2008-04-11,2.873096372877407
2008-04-14,3.2443092041160755
2008-04-15,2.8651300754182722
2008-04-16,2.8741559828811263
2008-04-17,3.3380740636112196
2008-04-18,2.8547599341338437
2008-04-21,3.1634255474486
2008-04-22,2.856619124303278
2008-04-23,2.927204287508427
2008-04-24,2.862192678071104
2008-04-25,2.893272141763288
2008-04-28,2.8939165467508077
2008-04-29,2.8553222491757837
2008-04-30,2.868481634326353
2008-05-01,2.868177284870867
2008-05-02,3.130334290800196
2008-05-05,2.864179401556685
2008-05-06,2.8735873299462384
2008-05-07,2.9092932151763433
2008-05-08,3.1625763991501956
2008-05-09,2.8670027887382865
2008-05-12,2.8967756813776964
2008-05-13,2.9684062313949604
2008-05-14,2.854441048373083
2008-05-15,2.869348757240826
2008-05-16,2.9595421650903533
2008-05-19,2.8557687391650677
2008-05-20,2.8550312315969784
2008-05-21,2.9350784568922155
2008-05-22,3.0964415376146324
2008-05-23,2.860771166443441
2008-05-27,3.0182497830430424
2008-05-28,2.898354965585824
2008-05-29,2.8690402293780335
2008-05-30,2.881018949915092
2008-06-02,2.8564397988938732
2008-06-03,2.9579490351401265
2008-06-04,2.8857747206238606
2008-06-05,2.854381331198149
2008-06-06,3.2114115908577987
2008-06-09,3.7508746751041984
2008-06-10,2.85509173902543
2008-06-11,2.859858244166496
2008-06-12,3.122454605438393
2008-06-13,2.864447609886283
2008-06-16,3.0669905252800955
2008-06-17,2.8543330425364615
2008-06-18,2.897354955537072
2008-06-19,2.942906515082655
2008-06-20,2.867525547853443
2008-06-23,3.1773479888936214
2008-06-24,2.8543574478123475
2008-06-25,2.8617180401531157
2008-06-26,2.8863585236599643
2008-06-27,3.664514209038767
2008-06-30,2.867462426985275
2008-07-01,2.85578532138354
2008-07-02,2.8680991333858006
2008-07-03,3.165632497240056
2008-07-07,2.8554762121681545
2008-07-08,2.9203421634985376
2008-07-09,3.128409316979331
2008-07-10,3.3417622776795
2008-07-11,2.900301171551253
2008-07-14,2.9698425365811807
2008-07-15,2.9308824775800217
2008-07-16,2.9659516312681458
2008-07-17,3.444541075308536
2008-07-18,2.9900085277999406
2008-07-21,2.8543840959334004
2008-07-22,2.85454651328224
2008-07-23,3.0253136256629056
2008-07-24,2.86983647549262
2008-07-25,3.3567199108202144
2008-07-28,2.870719384030227
2008-07-29,3.1792200902490615
2008-07-30,3.3669104461524335
2008-07-31,3.115567470716848
2008-08-01,3.0166625387676946
2008-08-04,2.8835534861071954
2008-08-05,2.9296811831446488
2008-08-06,3.628796492818021
2008-08-07,2.8650412829161804
2008-08-08,3.156468460949686
2008-08-11,3.3907354472789555
2008-08-12,2.8996987792239888
2008-08-13,2.9907320792306606
2008-08-14,2.862295181411858
2008-08-15,2.8829229681081134
2008-08-18,2.8698907313414623
2008-08-19,3.0684531552240877
2008-08-20,2.93585327385897
2008-08-21,2.890379902346755
2008-08-22,2.8601313485282005
2008-08-25,2.9749469530352797
2008-08-26,3.2161973725672794
2008-08-27,2.8671328958166002
2008-08-28,2.9141498576793095
2008-08-29,3.0612153768194426
2008-09-02,3.031286438832245
2008-09-03,2.8700548872731275
2008-09-04,2.858168565434648
2008-09-05,3.6955227787548326
2008-09-08,2.8729309955633915
2008-09-09,3.249536079608469
2008-09-10,3.9493927049005397
2008-09-11,2.890080981736903
2008-09-12,3.033384428736507
2008-09-15,2.858547754676965
2008-09-16,4.941865954687202
2008-09-17,3.143042403307145
2008-09-18,4.9416714086959495
2008-09-19,4.620549213117201
2008-09-22,4.376774723825992
2008-09-23,4.228385998973886
2008-09-24,3.0842388545136528
2008-09-25,2.8580064829228458
2008-09-26,3.2173123528800405
2008-09-29,2.863791557877551
2008-09-30,10.113507061239948
2008-10-01,5.61664604647193
2008-10-02,2.874299568867703
2008-10-03,4.380196676046284
2008-10-06,3.026065051147406
2008-10-07,4.248328885166045
2008-10-08,5.949815394721592
2008-10-09,2.9757289130013365
2008-10-10,8.305309370254527
2008-10-13,2.9855794055228664
2008-10-14,15.454054807818137
2008-10-15,2.8840732414493027
2008-10-16,10.524299094272216
2008-10-17,4.553959338905692
2008-10-20,2.8909705139081097
2008-10-21,4.990783755773367
2008-10-22,3.74613467130158
2008-10-23,6.352176985508776
2008-10-24,3.005136333550046
2008-10-27,3.973396382088376
2008-10-28,3.802583898264616
2008-10-29,13.791674800899296
2008-10-30,2.9723705887704184
2008-10-31,3.4799286843935286
2008-11-03,3.0762669303355707
2008-11-04,2.860338913628984
2008-11-05,4.420348041096027
2008-11-06,5.461938294581094
2008-11-07,5.228795013794937
2008-11-10,3.6371743364324476
2008-11-11,3.0049038751592505
2008-11-12,3.3107593541003153
2008-11-13,5.384701705658682
2008-11-14,7.355963213051552
2008-11-17,4.489200524306212
2008-11-18,3.4806267526664496
2008-11-19,2.945378615537971
2008-11-20,6.36839952352085
2008-11-21,7.088506541694427
2008-11-24,6.613974840435106
2008-11-25,6.791210175513156
2008-11-26,2.8955888869795112
2008-11-28,4.026975051592904
2008-12-01,2.941942496981678
2008-12-02,10.346317257569737
2008-12-03,4.35506996044931
2008-12-04,3.4818414256978176
2008-12-05,3.661530027488889
2008-12-08,4.1062135530583665
2008-12-09,4.23917001418896
2008-12-10,3.356762550195255
2008-12-11,2.987326480441252
2008-12-12,3.6187857545993247
2008-12-15,2.9008819525033713
2008-12-16,3.005491809918699
2008-12-17,5.332856593416283
2008-12-18,2.941364194572599
2008-12-19,3.2751047030726963
2008-12-22,2.86248403526059
2008-12-23,3.169006711227996
2008-12-24,2.943077387635096
2008-12-26,2.8856978007480762
2008-12-29,2.8812372451920996
2008-12-30,2.868371068023066
2008-12-31,3.414000205693732
2009-01-02,3.04276558783261
2009-01-05,3.7930456748833365
2009-01-06,2.8749878772497044
2009-01-07,2.911694898042744
2009-01-08,3.700468693867008
2009-01-09,2.86533042226632
2009-01-12,3.280683148312745
2009-01-13,3.3327690606380553
2009-01-14,2.8572982938748375
2009-01-15,3.906214310279592
2009-01-16,2.856199097772425
2009-01-20,2.907997329780812
2009-01-21,5.4753304456460645
2009-01-22,4.632172316486959
2009-01-23,3.070732787060459
2009-01-26,2.8815001215552534
2009-01-27,2.883255540362469
2009-01-28,2.9664383442616384
2009-01-29,3.9123946298347123
2009-01-30,3.885227846997259
2009-02-02,3.3425084675415473
2009-02-03,2.854663248061042
2009-02-04,3.0898444222473502
2009-02-05,2.9070368284207757
2009-02-06,3.1059437574066466
2009-02-09,3.534038120945787
2009-02-10,2.8565174167641425
2009-02-11,5.121417986164369
2009-02-12,2.9143049227544866
2009-02-13,2.857130245514653
2009-02-17,2.9481908862126915
2009-02-18,4.804547094008332
2009-02-19,2.855614834111068
2009-02-20,2.990118394261433
2009-02-23,2.976695101882153
2009-02-24,3.985602308404378
2009-02-25,4.3656921284697985
2009-02-26,2.9613836881152995
2009-02-27,3.0882632453001335
2009-03-02,3.3760738570025812
2009-03-03,4.896562542215874
2009-03-04,2.893356982386712
2009-03-05,3.384413572026078
2009-03-06,4.554136490991793
2009-03-09,2.8560922904905386
2009-03-10,2.9486793738650356
2009-03-11,6.662478834956814
2009-03-12,2.8608565573943605
2009-03-13,4.412899372500658
2009-03-16,2.9109421373953426
2009-03-17,2.8659027330108136
2009-03-18,3.824859586753492
2009-03-19,3.2632950207862508
2009-03-20,3.012660005119554
2009-03-23,3.2215354300780485
2009-03-24,7.558584725792469
2009-03-25,3.2470649193544356
2009-03-26,2.941441934254896
2009-03-27,3.365286703737797
2009-03-30,3.2421942391326186
2009-03-31,3.993487511712431
2009-04-01,3.0165364848161107
2009-04-02,3.1118771063457817
2009-04-03,3.6297395213819903
2009-04-06,2.9434561273591564
2009-04-07,2.9195300314923553
2009-04-08,3.388958037523175
2009-04-09,2.9848713831686036
2009-04-13,4.2148890598020055
2009-04-14,2.860647511301556
2009-04-15,3.232542497076769
2009-04-16,3.002334655297874
2009-04-17,3.0811808619259065
2009-04-20,2.877533559461612
2009-04-21,4.574650866245289
2009-04-22,3.2790774233985536
2009-04-23,2.909823784822366
2009-04-24,2.9467934603941326
2009-04-27,3.1194050326614335
2009-04-28,2.9495558518948184
2009-04-29,2.8613538687909035
2009-04-30,3.293059358940341
2009-05-01,2.8552321248798895
2009-05-04,2.8816351441435653
2009-05-05,3.932048860366486
2009-05-06,2.8680543358095827
2009-05-07,3.1388896608425703
2009-05-08,3.0181200793963976
2009-05-11,3.398640873998238
2009-05-12,3.289242446288734
2009-05-13,2.855283340781749
2009-05-14,3.5339190306182924
2009-05-15,2.955128451391415
2009-05-18,2.9766247965283075
2009-05-19,3.72202491830272
2009-05-20,2.857326834449818
2009-05-21,2.8790149215198304
2009-05-22,3.1181349811340837
2009-05-26,2.8564460124027957
2009-05-27,3.504290033038025
2009-05-28,3.19260273930152
2009-05-29,3.077740903236377
2009-06-01,3.0274731977209424
2009-06-02,3.4806050602593186
2009-06-03,2.8581273802958496
2009-06-04,3.0316386446401835
2009-06-05,2.978226568186318
2009-06-08,2.8602461839553803
2009-06-09,2.855234137781331
2009-06-10,2.8658045232943996
2009-06-11,2.865657322351374
2009-06-12,2.889375088491103
2009-06-15,2.856115686641818
2009-06-16,3.385091895862512
2009-06-17,3.006440050128818
2009-06-18,2.8561051726305484
2009-06-19,2.9207456764125737
2009-06-22,2.863402446847869
2009-06-23,3.7340999448166623
2009-06-24,2.8594951513589075
2009-06-25,2.8942711795982903
2009-06-26,3.286363622472185
2009-06-29,2.8564344602932166
2009-06-30,2.9314875737952093
2009-07-01,2.922671216649435
2009-07-02,2.8721675213478233
2009-07-06,3.652374417483084
2009-07-07,2.860660393571098
2009-07-08,3.218314564434408
2009-07-09,2.8569808991002845
2009-07-10,2.8660965991351923
2009-07-13,2.8694743060914254
2009-07-14,3.4384169685725774
2009-07-15,2.8809739061841615
2009-07-16,3.6791851572316863
2009-07-17,2.924650920350096
2009-07-20,2.854428505592997
2009-07-21,2.9770601059730533
2009-07-22,2.866666493648633
2009-07-23,2.8545444483874385
2009-07-24,3.3639204329009393
2009-07-27,2.8630975216881493
2009-07-28,2.8626296786438927
2009-07-29,2.8606584484107627
2009-07-30,2.8738380165219115
2009-07-31,2.9872362793375444
2009-08-03,2.854820981169408
2009-08-04,3.0754353535070864
2009-08-05,2.8628536416796475
2009-08-06,2.8622512562828377
2009-08-07,2.8840014362733424
2009-08-10,3.023984460790526
2009-08-11,2.864828861923878
2009-08-12,3.0048731006366545
2009-08-13,2.979116406472701
2009-08-14,2.8987803334495674
2009-08-17,2.9226727282298834
2009-08-18,3.4073237808854184
2009-08-19,2.951129761202119
2009-08-20,2.8985259590075794
2009-08-21,2.96691890263231
2009-08-24,3.1801605774085795
2009-08-25,2.854635350534837
2009-08-26,2.8595482257232874
2009-08-27,2.854287252538275
2009-08-28,2.8615439913507834
2009-08-31,2.8579898724719475
2009-09-01,2.915414216592381
2009-09-02,3.314585269415339
2009-09-03,2.8645997813455804
2009-09-04,2.9227188056690703
2009-09-08,3.015965898724556
2009-09-09,2.927821575729479
2009-09-10,2.911199233503342
2009-09-11,2.9563489647668373
2009-09-14,2.856012338998212
2009-09-15,2.892030881973374
2009-09-16,2.8635190333209377
2009-09-17,3.074902780105637
2009-09-18,2.8631786129447163
2009-09-21,2.8608572427626506
2009-09-22,2.865183112746295
2009-09-23,2.8948936611481146
2009-09-24,2.9495346835373324
2009-09-25,2.939293506051791
2009-09-28,2.8891506799666913
2009-09-29,3.1523056666122713
2009-09-30,2.8590192366631912
2009-10-01,2.8646826210902687
2009-10-02,3.477754453487998
2009-10-05,2.8735042332526888
2009-10-06,3.062178736747589
2009-10-07,3.030819834970062
2009-10-08,2.86127490303362
2009-10-09,2.90657003309374
2009-10-12,2.8841814640952155
2009-10-13,2.872359141144711
2009-10-14,2.8615790969805404
2009-10-15,3.1435356810951687
2009-10-16,2.8705864935118157
2009-10-19,2.915894614258789
2009-10-20,2.9374059203703746
2009-10-21,2.8908695869529852
2009-10-22,2.9279368264005106
2009-10-23,2.9607354419867824
2009-10-26,2.993657217428618
2009-10-27,2.9833106259555855
2009-10-28,2.8645907167307776
2009-10-29,3.2133972070103014
2009-10-30,3.330880260890795
2009-11-02,3.593949242772341
2009-11-03,2.8935089345178926
2009-11-04,2.8598128990759855
2009-11-05,2.855295977168572
2009-11-06,3.2019305031370004
2009-11-09,2.860248594503935
2009-11-10,3.318968152069751
2009-11-11,2.8543944556246132
2009-11-12,2.878064500561552
2009-11-13,2.953175843735418
2009-11-16,2.885248102031481
2009-11-17,3.0509487764865755
2009-11-18,2.8551172496369497
2009-11-19,2.8544794169451033
2009-11-20,3.023638746627407
2009-11-23,2.864027260166032
2009-11-24,3.0284673757107643
2009-11-25,2.8545844246197323
2009-11-27,2.8733350598240333
2009-11-30,3.133331208213197
2009-12-01,2.8678613813900227
2009-12-02,2.9912807609985967
2009-12-03,2.8544123692029157
2009-12-04,2.9204640381753793
2009-12-07,2.8828108738188174
2009-12-08,2.8600052952816832
2009-12-09,2.9530205376499787
2009-12-10,2.8669697338526254
2009-12-11,2.8863183924370275
2009-12-14,2.8670266656259042
2009-12-15,2.899784714272308
2009-12-16,2.883195605270986
2009-12-17,2.8554764452305132
2009-12-18,2.985336565157351
2009-12-21,2.8862406888498136
2009-12-22,2.9579446369628886
2009-12-23,2.8662313390185603
2009-12-24,2.8592410235780568
2009-12-28,2.8802328457290614
2009-12-29,2.8555310375558496
2009-12-30,2.8561176312939005
2009-12-31,2.854309437552055
2010-01-04,2.9491661304769226
2010-01-05,3.0958706963048033
2010-01-06,2.863507043414768
2010-01-07,2.8545550721891217
2010-01-08,2.8693824703443784
2010-01-11,2.8620320060087208
2010-01-12,2.857141935720002
2010-01-13,2.9369642056408574
2010-01-14,2.919426780064834
2010-01-15,2.8598218787374217
2010-01-19,2.9643403616748656
2010-01-20,3.001105367321891
2010-01-21,2.959841246200431
2010-01-22,3.1915284947105125
2010-01-25,3.3149723380358966
2010-01-26,2.8743341157023536
2010-01-27,2.8709498551506307
2010-01-28,2.8766550597594196
2010-01-29,2.9855026768626503
2010-02-01,2.94508277092043
2010-02-02,3.0455261364842854
2010-02-03,3.0124532231095134
2010-02-04,2.8824718302610743
2010-02-05,3.765445363351284
2010-02-08,2.8623900333998407
2010-02-09,2.9280887805757683
2010-02-10,3.0140650748508078
2010-02-11,2.8589576668158565
2010-02-12,2.9421535496572395
2010-02-16,2.8613733141926536
2010-02-17,3.1587304326304353
2010-02-18,2.8712254446288377
2010-02-19,2.895017382439174
2010-02-22,2.8587757682976807
2010-02-23,2.8552843008692914
2010-02-24,2.9921059518891187
2010-02-25,2.943087816594993
2010-02-26,2.8583645407382923
2010-03-01,2.8561298240508606
2010-03-02,2.951236171688868
2010-03-03,2.8594001666325832
2010-03-04,2.854447513125065
2010-03-05,2.867389040721665
2010-03-08,3.0386349425430614
2010-03-09,2.8543458865631646
2010-03-10,2.85700130649026
2010-03-11,2.873508662287622
2010-03-12,2.8696252245608824
2010-03-15,2.8543213829756575
2010-03-16,2.8544652425742822
2010-03-17,2.9111332263524208
2010-03-18,2.886132257138918
2010-03-19,2.8543809302953336
2010-03-22,2.8785829206565343
2010-03-23,2.8786728630095233
2010-03-24,2.9025961839652465
2010-03-25,2.8826383660053323
2010-03-26,2.8570090812343736
2010-03-29,2.8547851865275744
2010-03-30,2.8846214224478506
2010-03-31,2.8542824950485244
2010-04-01,2.8643379973400087
2010-04-05,2.9059210772835806
2010-04-06,2.9133431890128008
2010-04-07,2.8569535501343886
2010-04-08,2.8867235412680117
2010-04-09,2.8649798047742983
2010-04-12,2.8962514183662753
2010-04-13,2.857216169230024
2010-04-14,2.854715185089991
2010-04-15,2.9710882295466616
2010-04-16,2.8549696177648043
2010-04-19,3.0986289855542455
2010-04-20,2.873542461741002
2010-04-21,2.9154187367440576
2010-04-22,2.8552640320120375
2010-04-23,2.85905329313837
2010-04-26,2.9019539537312573
2010-04-27,2.871629777402835
2010-04-28,3.3679669874690803
2010-04-29,2.8936470830732444
2010-04-30,3.011690335456411
2010-05-03,3.1147157570519455
2010-05-04,3.0160891205272935
2010-05-05,3.3882603875238204
2010-05-06,2.8948548406665964
2010-05-07,3.839322231830719
2010-05-10,3.074454929955104
2010-05-11,4.6704768410430635
2010-05-12,2.8655770770854256
2010-05-13,3.031648023723036
2010-05-14,2.992910941037741
2010-05-17,3.186403568832335
2010-05-18,2.855513654682322
2010-05-19,3.0436272284969776
2010-05-20,2.8790508401636385
2010-05-21,4.281637055353236
2010-05-24,3.066731954783019
2010-05-25,3.0108814904716326
2010-05-26,2.854430412204338
2010-05-27,2.8843835459871996
2010-05-28,3.8698320450174646
2010-06-01,2.9984127423793154
2010-06-02,3.131158298855695
2010-06-03,3.4818473458777284
2010-06-04,2.8698543556220453
2010-06-07,3.966901178871703
2010-06-08,3.026609961929437
2010-06-09,2.9675132812454
2010-06-10,2.8874722243924977
2010-06-11,3.6723418548482005
2010-06-14,2.872502846588664
2010-06-15,2.8573379079869157
2010-06-16,3.3729113505772492
2010-06-17,2.8546946404721494
2010-06-18,2.8558197875273987
2010-06-21,2.855903617796357
2010-06-22,2.868249877608696
2010-06-23,3.096946789294944
2010-06-24,2.8627090577812897
2010-06-25,3.1195751564760275
2010-06-28,2.862072080804112
2010-06-29,2.8581973938895886
2010-06-30,3.7582217133605664
2010-07-01,2.9505958422438856
2010-07-02,2.864163943241949
2010-07-06,2.874700487298645
2010-07-07,2.8812624203180675
2010-07-08,3.7766104614061873
2010-07-09,2.937586867668176
2010-07-12,2.9031835334289866
2010-07-13,2.8547901322296334
2010-07-14,3.0764983970830366
2010-07-15,2.8543519328241445
2010-07-16,2.8556175141225606
2010-07-19,3.634669017784743
2010-07-20,2.8880921124935734
2010-07-21,2.9767470359743484
2010-07-22,3.008724506846831
2010-07-23,3.3305461146723614
2010-07-26,2.917881119236824
2010-07-27,2.9721563328820895
2010-07-28,2.855337480878996
2010-07-29,2.8992933536598064
2010-07-30,2.8705341989715674
2010-08-02,2.85428102129685
2010-08-03,3.3099697229896825
2010-08-04,2.8760036037742727
2010-08-05,2.8886825930073226
2010-08-06,2.8557728438045897
2010-08-09,2.867226087236214
2010-08-10,2.882524234678696
2010-08-11,2.8877394699321357
2010-08-12,3.6003584751242825
2010-08-13,2.881645330127919
2010-08-16,2.8694914303820873
2010-08-17,2.8542905960248013
2010-08-18,2.993943752615743
2010-08-19,2.8563742713029043
2010-08-20,3.1237565551423643
2010-08-23,2.8669481588469576
2010-08-24,2.8696147001609114
2010-08-25,3.0521666276852275
2010-08-26,2.864489616530743
2010-08-27,2.909764736585798
2010-08-30,3.11279029320261
2010-08-31,3.0579091813916857
2010-09-01,2.8544681572256647
2010-09-02,3.672210025201032
2010-09-03,2.9319616494638914
2010-09-07,3.018479216505064
2010-09-08,2.977953772401963
2010-09-09,2.89325682848072
2010-09-10,2.876223064674379
2010-09-13,2.876502084096555
2010-09-14,2.9706865713365698
2010-09-15,2.854780312268614
2010-09-16,2.86605566019228
2010-09-17,2.8544008762256086
2010-09-20,2.854915636605034
2010-09-21,3.0716380317741554
2010-09-22,2.8605054641203047
2010-09-23,2.876153585636669
2010-09-24,2.919496294148676
2010-09-27,3.276356001184485
2010-09-28,2.8845594285520404
2010-09-29,2.8763866468567514
2010-09-30,2.860570843814229
2010-10-01,2.863209518194096
2010-10-04,2.8726018779872358
2010-10-05,2.914938837650714
2010-10-06,3.263198308229035
2010-10-07,2.8548007835711373
2010-10-08,2.856820755417747
2010-10-11,2.889492385308436
2010-10-12,2.854302022113555
2010-10-13,2.8679747353293337
2010-10-14,2.901923090230415
2010-10-15,2.866744425030157
2010-10-18,2.8581390521467918
2010-10-19,2.9035762907770692
2010-10-20,3.0911476599780228
2010-10-21,2.9583989349554254
2010-10-22,2.8572845814417205
2010-10-25,2.8595997641615476
2010-10-26,2.858605393355441
2010-10-27,2.8542744783416554
2010-10-28,2.8610748201230054
2010-10-29,2.8554635558420878
2010-11-01,2.8544547203694646
2010-11-02,2.8551300782148195
2010-11-03,2.9107199538460184
2010-11-04,2.8669982577121993
2010-11-05,3.203642930377566
2010-11-08,2.868820472300561
2010-11-09,2.858503616855892
2010-11-10,2.9151975760623823
2010-11-11,2.8722823283003875
2010-11-12,2.8711868427852303
2010-11-15,2.985293967429912
2010-11-16,2.855698940109552
2010-11-17,3.1010255244781737
2010-11-18,2.854377795109703
2010-11-19,3.075875154909126
2010-11-22,2.8603926773907467
2010-11-23,2.8566065021866165
2010-11-24,3.0459835659031516
2010-11-26,3.0635654179504073
2010-11-29,2.9067368271692655
2010-11-30,2.8560727599584523
2010-12-01,2.8888958131002487
2010-12-02,3.2933527380070915
2010-12-03,3.0087730016550958
2010-12-06,2.860679956688989
2010-12-07,2.8558584240200346
2010-12-08,2.8545227950817447
2010-12-09,2.8671483510757505
2010-12-10,2.8681513165243344
2010-12-13,2.888120441656389
2010-12-14,2.8542838715952885
2010-12-15,2.8550528289366226
2010-12-16,2.878928021402924
2010-12-17,2.8902239039611937
2010-12-20,2.854940101047732
2010-12-21,2.8603754312280274
2010-12-22,2.8884402628394485
2010-12-23,2.8650133224703453
2010-12-27,2.8568164625517256
2010-12-28,2.854626463911805
2010-12-29,2.854832243742335
2010-12-30,2.8552300900471255
2010-12-31,2.856410629816954
2011-01-03,2.854307860806867
2011-01-04,2.974565796275863
2011-01-05,2.8559234337078307
2011-01-06,2.877830103711167
2011-01-07,2.858513532808211
2011-01-10,2.8574719133681463
2011-01-11,2.8560537826797083
2011-01-12,2.8673120737247872
2011-01-13,2.930512356121334
2011-01-14,2.8570423896201795
2011-01-18,2.9055116837745083
2011-01-19,2.85606608564013
2011-01-20,2.9504196739178514
2011-01-21,2.855872989159295
2011-01-24,2.859746989119187
2011-01-25,2.8862793248520573
2011-01-26,2.8543463937510727
2011-01-27,2.8710133664274715
2011-01-28,2.8590099055463276
2011-01-31,3.153734244955086
2011-02-01,2.9095167970788056
2011-02-02,3.1161314041540638
2011-02-03,2.861303963211733
2011-02-04,2.859482565449065
2011-02-07,2.8620908390401762
2011-02-08,2.890862312291429
2011-02-09,2.870737359028553
2011-02-10,2.8615692496634404
2011-02-11,2.8548027801559175
2011-02-14,2.8827720986090557
2011-02-15,2.859624888692
2011-02-16,2.864107320683702
2011-02-17,2.891066586698028
2011-02-18,2.863170432635569
2011-02-22,2.8577562782861503
2011-02-23,3.249952073364106
2011-02-24,2.8895603869647615
2011-02-25,2.855211028800979
2011-02-28,2.9588627430251533
2011-03-01,2.8833575290579825
2011-03-02,3.0870537347429714
2011-03-03,2.856783295009452
2011-03-04,3.1328581631912193
2011-03-07,2.905491530235929
2011-03-08,2.9196594518590024
2011-03-09,2.9290966565818657
2011-03-10,2.856015105159996
2011-03-11,3.189139150066344
2011-03-14,2.901462822137479
2011-03-15,2.888668887552128
2011-03-16,2.9721519907220966
2011-03-17,3.2114002456131034
2011-03-18,3.0228334373259598
2011-03-21,2.8718354179158685
2011-03-22,3.065287337953257
2011-03-23,2.8661716073909513
2011-03-24,2.862254428304845
2011-03-25,2.9362547315714185
2011-03-28,2.8636829782661177
2011-03-29,2.8613696051270647
2011-03-30,2.9011084469845234
2011-03-31,2.8962705151727093
2011-04-01,2.857428500232768
2011-04-04,2.8774168336635535
2011-04-05,2.8543909576781004
2011-04-06,2.8543036095989107
2011-04-07,2.858753441590256
2011-04-08,2.8564450509921735
2011-04-11,2.8693408461234
2011-04-12,2.861608251329113
2011-04-13,2.911099887266431
2011-04-14,2.8543214865609885
2011-04-15,2.8542797084961595
2011-04-18,2.868751066973918
2011-04-19,2.968336836651639
2011-04-20,2.8851644501075895
2011-04-21,3.025902251088111
2011-04-25,2.880553518275135
2011-04-26,2.856685526431894
2011-04-27,2.930036391429344
2011-04-28,2.8909931355490905
2011-04-29,2.8661601600020425
2011-05-02,2.859249441035321
2011-05-03,2.857160780356778
2011-05-04,2.865003879174402
2011-05-05,2.898432011325845
2011-05-06,2.9315777765747635
2011-05-09,2.8680032082866793
2011-05-10,2.873741949553757
2011-05-11,2.9154169932022276
2011-05-12,2.970295157645279
2011-05-13,2.8768197319101496
2011-05-16,2.915429501831446
2011-05-17,2.890457480350603
2011-05-18,2.8544099011449244
2011-05-19,2.927097545660021
2011-05-20,2.858748680047259
2011-05-23,2.9098138420690827
2011-05-24,2.9879159641485806
2011-05-25,2.854950153534287
2011-05-26,2.8637940888849434
2011-05-27,2.8689589009402283
2011-05-31,2.8699246047411395
2011-06-01,2.959705787756487
2011-06-02,3.3420857310407976
2011-06-03,2.855805864287335
2011-06-06,2.9432989173844244
2011-06-07,2.9630843475371123
2011-06-08,2.855159947093784
2011-06-09,2.870745134110493
2011-06-10,2.905417752306853
2011-06-13,3.0379169592630952
2011-06-14,2.8547397903886695
2011-06-15,3.0037221095649085
2011-06-16,3.1398270588110164
2011-06-17,2.857237179913124
2011-06-20,2.8629860040284547
2011-06-21,2.881625332766551
2011-06-22,3.023585222632028
2011-06-23,2.8936294345623357
2011-06-24,2.8617974475755092
2011-06-27,2.9834633552723964
2011-06-28,2.9335645247880735
2011-06-29,3.011727433166637
2011-06-30,2.9187731304426485
2011-07-01,2.950503393635605
2011-07-05,3.04939451054271
2011-07-06,2.8559999083631045
2011-07-07,2.855230251127344
2011-07-08,2.9568071793764483
2011-07-11,2.899830023752064
2011-07-12,3.161782919329767
2011-07-13,2.872819785335119
2011-07-14,2.8633415909308835
2011-07-15,2.896657493681179
2011-07-18,2.8832718045891506
2011-07-19,2.9163824253220136
2011-07-20,3.1041964658458494
2011-07-21,2.854759124011158
2011-07-22,3.026687221533332
2011-07-25,2.855091154627629
2011-07-26,2.88419377256715
2011-07-27,2.8701130026651307
2011-07-28,3.2418088534379996
2011-07-29,2.8641980536442615
2011-08-01,2.8933715712625623
2011-08-02,2.87032695158968
2011-08-03,3.46797304721445
2011-08-04,2.878066433029761
2011-08-05,5.002945557949525
2011-08-08,2.8551269726847783
2011-08-09,7.0262262635462225
2011-08-10,4.966983399385531
2011-08-11,4.686490867562209
2011-08-12,4.868074596779581
2011-08-15,2.8807948083340773
2011-08-16,3.3001870065887746
2011-08-17,2.9434969287034503
2011-08-18,2.8551389944923447
2011-08-19,4.722757919515512
2011-08-22,3.066408427406097
2011-08-23,2.8543893480197546
2011-08-24,3.9587244161764437
2011-08-25,3.016288797312319
2011-08-26,3.08196603572475
2011-08-29,3.069181342425539
2011-08-30,3.6062347921557136
2011-08-31,2.859602241986864
2011-09-01,2.877037300737014
2011-09-02,2.9866978055050497
2011-09-06,3.454872581921717
2011-09-07,2.906383455141358
2011-09-08,3.6253387918503925
2011-09-09,2.9602845227303702
2011-09-12,3.5244036604523674
2011-09-13,2.900032525228876
2011-09-14,2.9324366186599145
2011-09-15,3.025021382927247
2011-09-16,3.1318711710958946
2011-09-19,2.8849423964562897
2011-09-20,2.944566840556848
2011-09-21,2.8568882375560163
2011-09-22,3.6658986742383024
2011-09-23,3.8096135598912517
2011-09-26,2.8892712205504725
2011-09-27,3.3659681759514255
2011-09-28,2.9617426420704738
2011-09-29,3.256565615872515
2011-09-30,2.9162390939856113
2011-10-03,3.4403235426668957
2011-10-04,3.61498623020124
2011-10-05,3.3296494797844787
2011-10-06,3.1542926279323353
2011-10-07,3.169138718544491
2011-10-10,2.9169670325448633
2011-10-11,3.948461421989334
2011-10-12,2.8548277977265037
2011-10-13,2.9444153457628386
2011-10-14,2.8626046718151
2011-10-17,3.1381048700759466
2011-10-18,3.2068757024808994
2011-10-19,3.24610254176822
2011-10-20,3.0047084863664217
2011-10-21,2.873798852751095
2011-10-24,3.186679716456609
2011-10-25,3.0102573865831985
2011-10-26,3.2321321148479987
2011-10-27,2.9586826216117643
2011-10-28,3.9591770478138777
2011-10-31,2.8546948118307998
2011-11-01,3.4292575699308845
2011-11-02,3.5880268245699356
2011-11-03,3.09815318550768
2011-11-04,3.1860690529752893
2011-11-07,2.891506081277508
2011-11-08,2.8915246577589446
2011-11-09,2.98368801117203
2011-11-10,4.11950233971468
2011-11-11,2.924345459019977
2011-11-14,3.21145605014519
2011-11-15,2.940201103334586
2011-11-16,2.8760980616971787
2011-11-17,3.113699282053841
2011-11-18,3.11952858095543
2011-11-21,2.854486553145388
2011-11-22,3.18103249158324
2011-11-23,2.870466993164778
2011-11-25,3.312987564867285
2011-11-28,2.861165442538812
2011-11-29,3.657633247319095
2011-11-30,2.8590808763612374
2011-12-01,4.617161363573072
2011-12-02,2.858141692454105
2011-12-05,2.8543286869848132
2011-12-06,2.9537050331024326
2011-12-07,2.8554470582540845
2011-12-08,2.858100987858347
2011-12-09,3.274250867583948
2011-12-12,3.1222102956951856
2011-12-13,3.0633353305978637
2011-12-14,2.925215722746403
2011-12-15,2.975296989997082
2011-12-16,2.8641858517730485
2011-12-19,2.8639942958214695
2011-12-20,2.98361882081335
2011-12-21,3.6905922989603317
2011-12-22,2.8580262897690716
2011-12-23,2.9184663809790794
2011-12-27,2.930991365341069
2011-12-28,2.854298380574815
2011-12-29,3.0005683171243627
2011-12-30,2.962027151354241
2012-01-03,2.871539519764687
2012-01-04,3.079022099891256
2012-01-05,2.8543631228948603
2012-01-06,2.8624151538348155
2012-01-09,2.860322590040832
2012-01-10,2.8590808820431155
2012-01-11,2.928462006036771
2012-01-12,2.854381922388556
2012-01-13,2.859403035831037
2012-01-17,2.877277349064383
2012-01-18,2.8661395282313284
2012-01-19,2.9702095169357094
2012-01-20,2.877219811267025
2012-01-23,2.8547000181150506
2012-01-24,2.8544819719037444
2012-01-25,2.8552473499563944
2012-01-26,2.924801530213097
2012-01-27,2.8853174049321764
2012-01-30,2.856664746197698
2012-01-31,2.8602507947543327
2012-02-01,2.8544708312568208
2012-02-02,2.9286929965086164
2012-02-03,2.8554187210558473
2012-02-06,3.0547054169556107
2012-02-07,2.8544925664375955
2012-02-08,2.858119691917498
2012-02-09,2.8586589973307994
2012-02-10,2.85631599259095
2012-02-13,2.898831064516172
2012-02-14,2.8977318465085067
2012-02-15,2.855113464663142
2012-02-16,2.881501701633528
2012-02-17,2.9685024325962455
2012-02-21,2.8594863932753163
2012-02-22,2.854761436202454
2012-02-23,2.864756025119564
2012-02-24,2.8714238655674227
2012-02-27,2.8569048563449266
2012-02-28,2.8559978294309123
2012-02-29,2.864857692130262
2012-03-01,2.87535948054505
2012-03-02,2.889910114383983
2012-03-05,2.864180899716209
2012-03-06,2.868292356117791
2012-03-07,3.0764581109343268
2012-03-08,2.8990714240351783
2012-03-09,2.9448535672309273
2012-03-12,2.866685729471333
2012-03-13,2.854300452743872
2012-03-14,3.163169188164694
2012-03-15,2.85569594294539
2012-03-16,2.8877306075500995
2012-03-19,2.8554588380931367
2012-03-20,2.8691112687257765
2012-03-21,2.862736248075509
2012-03-22,2.857540160573563
2012-03-23,2.9030706959010004
2012-03-26,2.8633248251141055
2012-03-27,3.035444581509894
2012-03-28,2.8617739359877707
2012-03-29,2.8772187243762137
2012-03-30,2.856708168584834
2012-04-02,2.867126245714206
2012-04-03,2.907193561713042
2012-04-04,2.869234583157593
2012-04-05,2.952080464896061
2012-04-09,2.8546696330630583
2012-04-10,2.9754945348264994
2012-04-11,3.1284562894521875
2012-04-12,2.9064770609227377
2012-04-13,3.0326894775852047
2012-04-16,3.0005448256051355
2012-04-17,2.854548347597842
2012-04-18,3.0796218157592223
2012-04-19,2.869782042895071
2012-04-20,2.8873671571531028
2012-04-23,2.855566107735404
2012-04-24,2.9206900186625644
2012-04-25,2.8670126026660983
2012-04-26,3.0292064240911194
2012-04-27,2.8962461804999524
2012-04-30,2.8597605894430895
2012-05-01,2.8684453847191764
2012-05-02,2.8843607693241857
2012-05-03,2.8601380142784065
2012-05-04,2.9093886775893476
2012-05-07,3.099271255207563
2012-05-08,2.854450549992531
2012-05-09,2.8714745082835478
2012-05-10,2.8964844201270834
2012-05-11,2.860238235579056
2012-05-14,2.8650557610337652
2012-05-15,2.9703115883654903
2012-05-16,2.885323419847095
2012-05-17,2.8725032613661448
2012-05-18,3.067136580771467
2012-05-21,2.905609326358455
2012-05-22,3.095903359780727
2012-05-23,2.854556432895929
2012-05-24,2.8569685938963416
2012-05-25,2.856063114763812
2012-05-29,2.858679917493742
2012-05-30,2.96960244677125
2012-05-31,3.0473774782805396
2012-06-01,2.8591920982912673
2012-06-04,3.42450130831889
2012-06-05,2.854427005256198
2012-06-06,2.8850894324345076
2012-06-07,3.3534655263849755
2012-06-08,2.8544099719414366
2012-06-11,2.916135440364399
2012-06-12,3.003936313329138
2012-06-13,2.981851684446626
2012-06-14,2.9006515464369227
2012-06-15,2.9641775829366552
2012-06-18,2.9547162749235105
2012-06-19,2.856259597752377
2012-06-20,2.944802557670405
2012-06-21,2.8569679411503603
2012-06-22,3.319923939846209
2012-06-25,2.9027564987346777
2012-06-26,3.093465845050879
2012-06-27,2.875736434967896
2012-06-28,2.9301310860660634
2012-06-29,2.858474872626926
2012-07-02,3.4377818987989133
2012-07-03,2.860103612206839
2012-07-05,2.89076774420094
2012-07-06,2.874923197330858
2012-07-09,2.9378802068733996
2012-07-10,2.8568175866379275
2012-07-11,2.9163161577532293
2012-07-12,2.854288853925523
2012-07-13,2.877711964563185
2012-07-16,3.1100023518081428
2012-07-17,2.8593702554260463
2012-07-18,2.9058610824153837
2012-07-19,2.8962195737739282
2012-07-20,2.861220499361596
2012-07-23,2.949397285443305
2012-07-24,2.9288740802601603
2012-07-25,2.9310937667375536
2012-07-26,2.8543850773740425
2012-07-27,3.1113506436739096
2012-07-30,3.196416934284296
2012-07-31,2.8545791938278886
2012-08-01,2.8717820080631835
2012-08-02,2.86290662346735
2012-08-03,2.9053639140891723
2012-08-06,3.194921065397436
2012-08-07,2.859457054941596
2012-08-08,2.8787782125449373
2012-08-09,2.8546414601995056
2012-08-10,2.854433964248357
2012-08-13,2.8587733094521584
2012-08-14,2.8557468272058206
2012-08-15,2.8542889295883223
2012-08-16,2.855493488504808
2012-08-17,2.9016455526205265
2012-08-20,2.8575782153613085
2012-08-21,2.8542743717452397
2012-08-22,2.8657671722493943
2012-08-23,2.854324200142321
2012-08-24,2.915497997352289
2012-08-27,2.893435156665025
2012-08-28,2.854507666694754
2012-08-29,2.8548869970704938
2012-08-30,2.8549432003242816
2012-08-31,2.911523440468822
2012-09-04,2.878471435486729
2012-09-05,2.8555565570298187
2012-09-06,2.8553588166003885
2012-09-07,3.2469378903419526
2012-09-10,2.8697836893833335
2012-09-11,2.8897892010034676
2012-09-12,2.863557260240276
2012-09-13,2.85836285806196
2012-09-14,3.104216064500196
2012-09-17,2.869062754238582
2012-09-18,2.863450487680115
2012-09-19,2.855814341198801
2012-09-20,2.85559398947216
2012-09-21,2.854548154307493
2012-09-24,2.8542785169165943
2012-09-25,2.8589567441196646
2012-09-26,2.9579009338296145
2012-09-27,2.8852214560865286
2012-09-28,2.941759191560165
2012-10-01,2.8731345433203135
2012-10-02,2.860883902347793
2012-10-03,2.8549897014717924
2012-10-04,2.866616225720514
2012-10-05,2.902639396939406
2012-10-08,2.8543825289544538
2012-10-09,2.86550020210328
2012-10-10,2.946197195151811
2012-10-11,2.890275806488642
2012-10-12,2.8543181129310327
2012-10-15,2.862539681302168
2012-10-16,2.915586214303343
2012-10-17,2.9533889259845103
2012-10-18,2.8702245692412283
2012-10-19,2.859888036123025
2012-10-22,3.1122952384180547
2012-10-23,2.854519908270732
2012-10-24,3.0502988650967526
2012-10-25,2.863267320620759
2012-10-26,2.8627067780772006
2012-10-31,2.854774535324466
2012-11-01,2.8542960539921514
2012-11-02,2.966450708854639
2012-11-05,2.9369616318448553
2012-11-06,2.8586931154083426
2012-11-07,2.912221548927182
2012-11-08,3.3822737095624826
2012-11-09,2.994367094006197
2012-11-12,2.8570198766336548
2012-11-13,2.8542897991878617
2012-11-14,2.8691972964588723
2012-11-15,3.0345651694346603
2012-11-16,2.856704623783601
2012-11-19,2.87628358819726
2012-11-20,3.2249509097930447
2012-11-21,2.8547802925445347
2012-11-23,2.859331417986692
2012-11-26,3.0137100489227495
2012-11-27,2.8581838593936624
2012-11-28,2.879940622454306
2012-11-29,2.9122677563478416
2012-11-30,2.871417090752269
2012-12-03,2.85430224154142
2012-12-04,2.8754296164523896
2012-12-05,2.857025540275267
2012-12-06,2.8566339241262835
2012-12-07,2.8645472334864532
2012-12-10,2.8622921283056737
2012-12-11,2.854382796829423
2012-12-12,2.894571207795616
2012-12-13,2.854472078359338
2012-12-14,2.891819645878148
2012-12-17,2.870351209082379
2012-12-18,2.9866763266336056
2012-12-19,2.9782794072068097
2012-12-20,2.9084217199333082
2012-12-21,2.8825877250550196
2012-12-24,2.936928110352969
2012-12-26,2.859889394759804
2012-12-27,2.875809417402741
2012-12-28,2.855673519974343
2012-12-31,2.9690006536699993
2013-01-02,3.1239969016828923
2013-01-03,3.460692100262438
2013-01-04,2.858513366517267
2013-01-07,2.876513836448826
2013-01-08,2.8634436157683543
2013-01-09,2.864153441604246
2013-01-10,2.8609032010585707
2013-01-11,2.9085092981093053
2013-01-14,2.854288952416349
2013-01-15,2.8550869578578797
2013-01-16,2.855470397793286
2013-01-17,2.854309870405772
2013-01-18,2.88419279606493
2013-01-22,2.865163168207551
2013-01-23,2.872699189707068
2013-01-24,2.8564129984946076
2013-01-25,2.854273698730248
2013-01-28,2.8821351656545704
2013-01-29,2.8574948328885443
2013-01-30,2.8787709273368813
2013-01-31,2.868567794444861
2013-02-01,2.8604504476085255
2013-02-04,2.9492267814618436
2013-02-05,2.9793964825870822
2013-02-06,2.9562535614450804
2013-02-07,2.854582300708925
2013-02-08,2.8573358259580006
2013-02-11,2.8843522989195747
2013-02-12,2.854625875482177
2013-02-13,2.8566642947197436
2013-02-14,2.8546033797777586
2013-02-15,2.8547213713711885
2013-02-19,2.855299497255003
2013-02-20,2.9048470630900782
2013-02-21,2.998855057369318
2013-02-22,2.8916392404988107
2013-02-25,2.926591197697473
2013-02-26,3.1692829009014747
2013-02-27,2.889424030502145
2013-02-28,3.006449966070646
2013-03-01,2.8550131936822103
2013-03-04,2.859347713305961
2013-03-05,2.874249093833231
2013-03-06,2.940258483767728
2013-03-07,2.855400083264636
2013-03-08,2.8573736283331863
2013-03-11,2.873141357861442
2013-03-12,2.864197133711192
2013-03-13,2.859702417933676
2013-03-14,2.855896860026384
2013-03-15,2.883771061992256
2013-03-18,2.8567417192485376
2013-03-19,2.88280362974528
2013-03-20,2.8597944759894083
2013-03-21,2.896421534238932
2013-03-22,2.918739852790657
2013-03-25,2.9026507784635402
2013-03-26,2.8647670747145626
2013-03-27,2.911222132930709
2013-03-28,2.8546127298524793
2013-04-01,2.8697359245407266
2013-04-02,2.873081673356001
2013-04-03,2.8794145667570414
2013-04-04,2.9587815955736634
2013-04-05,2.8696993211719684
2013-04-08,2.871609212106536
2013-04-09,2.891603196656098
2013-04-10,2.8660858885257383
2013-04-11,2.9938768909535534
2013-04-12,2.8661646504579963
2013-04-15,2.861837233817553
2013-04-16,3.3498666830462898
2013-04-17,3.0467316262968582
2013-04-18,3.047205816815976
2013-04-19,2.896512882651571
2013-04-22,2.9278404137688345
2013-04-23,2.874709924475637
2013-04-24,2.9562807797308004
2013-04-25,2.854298943475048
2013-04-26,2.86956892181477
2013-04-29,2.857465300220932
2013-04-30,2.9027936403954753
2013-05-01,2.860087257426955
2013-05-02,2.9356782956859067
2013-05-03,2.9374574816814936
2013-05-06,2.958569007839234
2013-05-07,2.857719360852917
2013-05-08,2.8799776016445895
2013-05-09,2.870376893300474
2013-05-10,2.867051206516787
2013-05-13,2.8718254035217377
2013-05-14,2.854279278342882
2013-05-15,2.9509238692219664
2013-05-16,2.8788717914540625
2013-05-17,2.877860568486201
2013-05-20,2.9539628890217986
2013-05-21,2.8547688526748867
2013-05-22,2.85706067550677
2013-05-23,2.918591960124851
2013-05-24,2.8623219210667434
2013-05-28,2.8545607705421436
2013-05-29,2.892051985696111
2013-05-30,2.900955719890521
2013-05-31,2.8669424395900105
2013-06-03,3.0466086420527514
2013-06-04,2.8874290091877066
2013-06-05,2.882815902230292
2013-06-06,3.032692471431953
2013-06-07,2.922048891216192
2013-06-10,3.008994404804078
2013-06-11,2.8544252688526326
2013-06-12,2.951136501196672
2013-06-13,2.920116074948337
2013-06-14,3.0596632306088924
2013-06-17,2.8868664948824043
2013-06-18,2.90808692264827
2013-06-19,2.911322154344656
2013-06-20,3.0345618786084145
2013-06-21,3.4420505935026
2013-06-24,2.86111854417483
2013-06-25,2.9928656116260703
2013-06-26,2.939057453279588
2013-06-27,2.9407165798780444
2013-06-28,2.8904115748692103
2013-07-01,2.871571568577438
2013-07-02,2.8817146393829938
2013-07-03,2.85455904050483
2013-07-05,2.854911150559696
2013-07-08,2.9520624864931624
2013-07-09,2.8802110923561024
2013-07-10,2.9033908277924265
2013-07-11,2.854316507787467
2013-07-12,3.026893512429757
2013-07-15,2.8632679973393156
2013-07-16,2.856051415404588
2013-07-17,2.867197688434554
2013-07-18,2.861506831155998
2013-07-19,2.8780758708056333
2013-07-22,2.856714870120242
2013-07-23,2.858157132070135
2013-07-24,2.8574965788540383
2013-07-25,2.867921665696135
2013-07-26,2.8604171883830856
2013-07-29,2.854919277850433
2013-07-30,2.8673878831425275
2013-07-31,2.854407727938689
2013-08-01,2.854290636208916
2013-08-02,3.0020396209219444
2013-08-05,2.8568389414035997
2013-08-06,2.8563313528264267
2013-08-07,2.8850482706605005
2013-08-08,2.867890768589773
2013-08-09,2.8684616391827706
2013-08-12,2.8662517704065373
2013-08-13,2.855524988638105
2013-08-14,2.861514235829028
2013-08-15,2.879453593700882
2013-08-16,3.045922680084456
2013-08-19,2.864582344338001
2013-08-20,2.88698716404762
2013-08-21,2.868001320617474
2013-08-22,2.8856632179917883
2013-08-23,2.9240880838304095
2013-08-26,2.868928488915728
2013-08-27,2.8696100982330868
2013-08-28,3.091045461855305
2013-08-29,2.861426584807362
2013-08-30,2.8578968359201546
2013-09-03,2.8637414335479443
2013-09-04,2.8705685999184225
2013-09-05,2.9161831713033153
2013-09-06,2.8556641214824676
2013-09-09,2.8542762457084954
2013-09-10,2.948100121301826
2013-09-11,2.904997882148878
2013-09-12,2.863039592147055
2013-09-13,2.865012459806567
2013-09-16,2.8612003479053625
2013-09-17,2.8847291999765936
2013-09-18,2.8709954687821035
2013-09-19,2.9936155639945654
2013-09-20,2.857499561684104
2013-09-23,2.903211967421331
2013-09-24,2.875214206336086
2013-09-25,2.860616364924897
2013-09-26,2.8613260216429945
2013-09-27,2.8656892221521915
2013-09-30,2.869869236441129
2013-10-01,2.8884332965173196
2013-10-02,2.9143945654064827
2013-10-03,2.8547059149685725
2013-10-04,2.9300332886253306
2013-10-07,2.9010356349786948
2013-10-08,2.922272501789502
2013-10-09,2.9971839121493757
2013-10-10,2.854618673356457
2013-10-11,3.302057082618519
2013-10-14,2.8915173711353743
2013-10-15,2.8698827151646187
2013-10-16,2.9011597597851715
2013-10-17,3.033937019460877
2013-10-18,2.89705241256078
2013-10-21,2.8945798883927787
2013-10-22,2.8542912101093165
2013-10-23,2.885203738539575
2013-10-24,2.875253919152849
2013-10-25,2.86425287316764
2013-10-28,2.8724232973020003
2013-10-29,2.8559390576033636
2013-10-30,2.8835734423801385
2013-10-31,2.876619671954093
2013-11-01,2.868129156992715
2013-11-04,2.862197369056985
2013-11-05,2.8662538006774896
2013-11-06,2.861671776411072
2013-11-07,2.871370725741699
2013-11-08,3.017566390453859
2013-11-11,3.023723870912435
2013-11-12,2.85480699630242
2013-11-13,2.85955243855887
2013-11-14,2.9158501156015912
2013-11-15,2.8762744289108615
2013-11-18,2.871027288689938
2013-11-19,2.867127821759655
2013-11-20,2.858197900297265
2013-11-21,2.866693401539354
2013-11-22,2.9163590007151585
2013-11-25,2.8774178385722857
2013-11-26,2.8557785582679527
2013-11-27,2.854294579096026
2013-11-29,2.860075780421623
2013-12-02,2.854854668062342
2013-12-03,2.8612196809871433
2013-12-04,2.8638533949662595
2013-12-05,2.855872050151427
2013-12-06,2.871967792639902
2013-12-09,2.972939919750427
2013-12-10,2.8574054764118966
2013-12-11,2.8637734603123475
2013-12-12,2.974611087511255
2013-12-13,2.8676620487599296
2013-12-16,2.854286157801428
2013-12-17,2.8918027657684204
2013-12-18,2.8633177692635527
2013-12-19,3.114688972348493
2013-12-20,2.854654929581763
2013-12-23,2.8760909565910207
2013-12-24,2.880852475184563
2013-12-26,2.862268033976859
2013-12-27,2.875434569083943
2013-12-30,2.854384913628565
2013-12-31,2.8543033207615705
2014-01-02,2.8690049468631442
2014-01-03,2.928066707096944
2014-01-06,2.854395946770866
2014-01-07,2.8602011102991747
2014-01-08,2.8890284250935676
2014-01-09,2.8543242120935584
2014-01-10,2.85438711471851
2014-01-13,2.859272584035647
2014-01-14,3.002881772801623
2014-01-15,2.9642698311727425
2014-01-16,2.8793783244222624
2014-01-17,2.8559845957693506
2014-01-21,2.868529237013224
2014-01-22,2.8615054275192193
2014-01-23,2.8545854903350425
2014-01-24,2.9285242997094794
2014-01-27,3.2637556261263563
2014-01-28,2.8767187318314615
2014-01-29,2.8897091690138166
2014-01-30,2.9522143638059637
2014-01-31,2.973576466740358
2014-02-03,2.893578728564301
2014-02-04,3.34409338470596
2014-02-05,2.9092570696345774
2014-02-06,2.8581523670473192
2014-02-07,2.9996749001563567
2014-02-10,3.0205630086004174
2014-02-11,2.856629003947653
2014-02-12,2.9692522476685514
2014-02-13,2.854370310959288
2014-02-14,2.885990898717973
2014-02-18,2.8760124449636195
2014-02-19,2.8555396046304775
2014-02-20,2.8942710174227817
2014-02-21,2.888464199582417
2014-02-24,2.857740832646047
2014-02-25,2.8902352689453443
2014-02-26,2.85598876221945
2014-02-27,2.8542739910056696
2014-02-28,2.8772777614982585
2014-03-03,2.8615548221715703
2014-03-04,2.905429153220299
2014-03-05,3.0733080237688215
2014-03-06,2.8543311689676907
2014-03-07,2.8570477451089364
2014-03-10,2.8545458631785845
2014-03-11,2.8544748219257974
2014-03-12,2.8785410330025853
2014-03-13,2.8543667717652577
2014-03-14,2.982918946008645
2014-03-17,2.8617872347081916
2014-03-18,2.9411149881337075
2014-03-19,2.9032693154565816
2014-03-20,2.889611803111908
2014-03-21,2.8885658764772884
2014-03-24,2.8623628845119167
2014-03-25,2.876510740654652
2014-03-26,2.8725017042979237
2014-03-27,2.9003226769854833
2014-03-28,2.8576769688309116
2014-03-31,2.8745052868574565
2014-04-01,2.913277131380037
2014-04-02,2.900847011968629
2014-04-03,2.8619345892360166
2014-04-04,2.8554672939116093
2014-04-07,3.0019621281333935
2014-04-08,2.9628958016951157
2014-04-09,2.8675178759166333
2014-04-10,2.9662824294593024
2014-04-11,3.264128245399079
2014-04-14,2.938939347761197
2014-04-15,2.9177393601429196
2014-04-16,2.8971923721314843
2014-04-17,2.9576468269131695
2014-04-21,2.8560471066981865
2014-04-22,2.86766414956382
2014-04-23,2.8700104940021873
2014-04-24,2.8588798822283845
2014-04-25,2.85704422192968
2014-04-28,2.915866229918
2014-04-29,2.864127994628341
2014-04-30,2.87557188252965
2014-05-01,2.8626899510784467
2014-05-02,2.8542945424757713
2014-05-05,2.8559815433926516
2014-05-06,2.8575634661412304
2014-05-07,2.9301846203085296
2014-05-08,2.883931713788335
2014-05-09,2.8560535505602305
2014-05-12,2.856442954802808
2014-05-13,2.942183761069326
2014-05-14,2.8544625075758474
2014-05-15,2.8750381227611177
2014-05-16,2.9366274547281974
2014-05-19,2.867485618331429
2014-05-20,2.868166065349528
2014-05-21,2.893955074696542
2014-05-22,2.9161748630721465
2014-05-23,2.8595319366117193
2014-05-27,2.871232926867698
2014-05-28,2.8879655502764745
2014-05-29,2.8554478160654497
2014-05-30,2.881339351972049
2014-06-02,2.8574739413210297
2014-06-03,2.8547716415245215
2014-06-04,2.854408367990493
2014-06-05,2.8576353715489637
2014-06-06,2.8942816432622736
2014-06-09,2.8744058884829715
2014-06-10,2.85510619458682
2014-06-11,2.85433018405316
2014-06-12,2.866028037021346
2014-06-13,2.901492949377015
2014-06-16,2.86351690281926
2014-06-17,2.8549332462551833
2014-06-18,2.858708320181042
2014-06-19,2.9102566149533793
2014-06-20,2.855820647952674
2014-06-23,2.857085794836407
2014-06-24,2.854290312414611
2014-06-25,2.8931848680560015
2014-06-26,2.8768195580718623
2014-06-27,2.8555845724272566
2014-06-30,2.8577043307165617
2014-07-01,2.854404194950082
2014-07-02,2.89617249873174
2014-07-03,2.854691496212713
2014-07-07,2.8824849380990756
2014-07-08,2.868744748654233
2014-07-09,2.90096084698463
2014-07-10,2.8745513390018584
2014-07-11,2.8703135741151735
2014-07-14,2.856310249336023
2014-07-15,2.8763164668182903
2014-07-16,2.857786300466391
2014-07-17,2.87085740813581
2014-07-18,2.9858630741916508
2014-07-21,2.9533110281586987
2014-07-22,2.859356614124771
2014-07-23,2.8779162242511656
2014-07-24,2.8571712577713777
2014-07-25,2.8544977645366867
2014-07-28,2.8763670580549685
2014-07-29,2.854356700726128
2014-07-30,2.8735353412323454
2014-07-31,2.8542814721766927
2014-08-01,3.230085584816541
2014-08-04,2.862048889115274
2014-08-05,2.902835798267118
2014-08-06,2.9424272294208054
2014-08-07,2.8542956325949795
2014-08-08,2.883283932335029
2014-08-11,2.9792216057308623
2014-08-12,2.861458996388792
2014-08-13,2.8567916658319055
2014-08-14,2.8965426920862245
2014-08-15,2.8720287941357743
2014-08-18,2.8542811441591
2014-08-19,2.922666481911583
2014-08-20,2.877786551001531
2014-08-21,2.8600476953379315
2014-08-22,2.862450855998901
2014-08-25,2.8580058209556127
2014-08-26,2.8758122116369913
2014-08-27,2.855316626069241
2014-08-28,2.854275728437063
2014-08-29,2.856956379991965
2014-09-02,2.864632990662723
2014-09-03,2.8545538808374675
2014-09-04,2.8548435368933163
2014-09-05,2.856485570879949
2014-09-08,2.8781023128854253
2014-09-09,2.8631529562721205
2014-09-10,2.894524453758109
2014-09-11,2.866774173655371
2014-09-12,2.8550070471183133
2014-09-15,2.887678475659914
2014-09-16,2.854755391867809
2014-09-17,2.9069058243193595
2014-09-18,2.8558637602475714
2014-09-19,2.8767519425103907
2014-09-22,2.854492843787924
2014-09-23,2.9146080138672446
2014-09-24,2.885640740866133
2014-09-25,2.911923211654545
2014-09-26,3.099925148880145
2014-09-29,2.9234378542635593
2014-09-30,2.8603852005790653
2014-10-01,2.8615672292881933
2014-10-02,3.019197239266985
2014-10-03,2.8543148374573035
2014-10-06,2.971411707576005
2014-10-07,2.8566043714707545
2014-10-08,3.0692517577250955
2014-10-09,3.1408188827236825
2014-10-10,3.255453296542536
2014-10-13,2.9775804514371402
2014-10-14,3.10911615962786
2014-10-15,2.8566798511015112
2014-10-16,2.9159258519973825
2014-10-17,2.8543084491491806
2014-10-20,3.0102465935110043
2014-10-21,2.9328518327861324
2014-10-22,3.214309469767587
2014-10-23,2.9044258190642616
2014-10-24,2.996516104256766
2014-10-27,2.901055085724719
2014-10-28,2.8564035320190473
2014-10-29,2.988204819361437
2014-10-30,2.8561102626949872
2014-10-31,2.8907437014624877
2014-11-03,2.9835947943523373
2014-11-04,2.8543191007086928
2014-11-05,2.8617972129498215
2014-11-06,2.88480803838701
2014-11-07,2.8676742809365496
2014-11-10,2.8543913057231114
2014-11-11,2.8634207496437805
2014-11-12,2.8547314648915028
2014-11-13,2.8547350699614995
2014-11-14,2.8545370323797097
2014-11-17,2.8543274273239096
2014-11-18,2.854781219668789
2014-11-19,2.8790384782941643
2014-11-20,2.8563966332876842
2014-11-21,2.857909343271971
2014-11-24,2.880042399887113
2014-11-25,2.861987033832658
2014-11-26,2.8555178706229056
2014-11-28,2.861671262670328
2014-12-01,2.8603484424457015
2014-12-02,2.898096955450466
2014-12-03,2.89258283990666
2014-12-04,2.8675998937531086
2014-12-05,2.8555447804852583
2014-12-08,2.856878596442727
2014-12-09,2.903750497633709
2014-12-10,2.854338770611227
2014-12-11,3.105477785078619
2014-12-12,2.873666729929157
2014-12-15,3.1012799032792984
2014-12-16,2.8921343805151882
2014-12-17,2.921993295800723
2014-12-18,3.2434907937913184
2014-12-19,3.396266667568815
2014-12-22,2.8740342996725565
2014-12-23,2.867920256995004
2014-12-24,2.8571423175270665
2014-12-26,2.8542920676709005
2014-12-29,2.8645643937733913
2014-12-30,2.854973477161856
2014-12-31,2.8767283630076728
2015-01-02,2.9541692115916485
2015-01-05,2.8544069813742463
2015-01-06,3.1681826714244257
2015-01-07,2.9286691272820975
2015-01-08,2.9813751625813554
2015-01-09,3.154969937699006
2015-01-12,2.9207086061372585
2015-01-13,2.9158404894803964
2015-01-14,2.8605360651606557
2015-01-15,2.886025307534175
2015-01-16,2.934638786779279
2015-01-20,3.0236175679248385
2015-01-21,2.856573168588167
2015-01-22,2.875309902295242
2015-01-23,3.073360539562956
2015-01-26,2.882664618869457
2015-01-27,2.860478767522153
2015-01-28,3.0226829259707917
2015-01-29,3.0254458747133173
2015-01-30,2.9397357597778258
2015-02-02,3.012890431668336
2015-02-03,3.0121897762271606
2015-02-04,3.0502175682847814
2015-02-05,2.8705519935998156
2015-02-06,2.9537928246465532
2015-02-09,2.865276295093424
2015-02-10,2.871225060576122
2015-02-11,2.9613601681207937
2015-02-12,2.854300980465274
2015-02-13,2.9416716686092395
2015-02-17,2.8698957846368742
2015-02-18,2.856675008990457
2015-02-19,2.854366502143165
2015-02-20,2.855332992089516
2015-02-23,2.8895401041916133
2015-02-24,2.8543684519185852
2015-02-25,2.8614240789907996
2015-02-26,2.854825926953778
2015-02-27,2.8563201656803408
2015-03-02,2.8624854973061287
2015-03-03,2.8895244540065965
2015-03-04,2.8736367579831668
2015-03-05,2.872373693529026
2015-03-06,2.855621877221572
2015-03-09,3.043039033831063
2015-03-10,2.8689398157288624
2015-03-11,3.124588224875026
2015-03-12,2.857796747469974
2015-03-13,3.0034791148508964
2015-03-16,2.888983716858785
2015-03-17,3.0263783893950658
2015-03-18,2.864674599174566
2015-03-19,2.9931742146123903
2015-03-20,2.876616281062239
2015-03-23,2.9306014351844625
2015-03-24,2.8571556370612035
2015-03-25,2.8896900672242594
2015-03-26,3.0534415165894195
2015-03-27,2.8596342363866922
2015-03-30,2.8595454392048167
2015-03-31,2.9949659314676027
2015-04-01,2.927000525358331
2015-04-02,2.869066074469703
2015-04-06,2.8659828189270655
2015-04-07,2.8953134262455404
2015-04-08,2.858278071490842
2015-04-09,2.861035887209805
2015-04-10,2.8729437060089626
2015-04-13,2.8797119734060463
2015-04-14,2.8739994338318415
2015-04-15,2.8567735533435115
2015-04-16,2.8791777241481404
2015-04-17,2.8548488590629675
2015-04-20,2.9744888455115532
2015-04-21,2.934439854897039
2015-04-22,2.856353343965412
2015-04-23,2.878593101260254
2015-04-24,2.8595023855408965
2015-04-27,2.8590429811747655
2015-04-28,2.8703888080657087
2015-04-29,2.861482414965701
2015-04-30,2.8674203093442108
2015-05-01,2.950673469260096
2015-05-04,2.96640247727124
2015-05-05,2.862427238741588
2015-05-06,2.9859347625332977
2015-05-07,2.872960459804577
2015-05-08,2.8676589478663703
2015-05-11,3.024450695358206
2015-05-12,2.8786550487394247
2015-05-13,2.8624542261177823
2015-05-14,2.854362526927161
2015-05-15,2.963446727132463
2015-05-18,2.854855592278341
2015-05-19,2.863002194735469
2015-05-20,2.8546643231977926
2015-05-21,2.855086791416014
2015-05-22,2.8594089025459177
2015-05-26,2.8589632219255514
2015-05-27,2.953606794746163
2015-05-28,2.933180986789956
2015-05-29,2.855800888224481
2015-06-01,2.891784301156143
2015-06-02,2.858267630254064
2015-06-03,2.8552300520359215
2015-06-04,2.8584918460813595
2015-06-05,2.9241419174355614
2015-06-08,2.85622880267998
2015-06-09,2.893660595406049
2015-06-10,2.8544475695355436
2015-06-11,2.990533104644105
2015-06-12,2.8571475601576304
2015-06-15,2.9002391950739743
2015-06-16,2.874361504475319
2015-06-17,2.8846966250626274
2015-06-18,2.857963246169463
2015-06-19,2.9464140393560356
2015-06-22,2.880724605071292
2015-06-23,2.889182838682934
2015-06-24,2.8546619306805314
2015-06-25,2.905079015207039
2015-06-26,2.86259396991469
2015-06-29,2.854418166781268
2015-06-30,3.2633704349089467
2015-07-01,2.861016696255633
2015-07-02,2.899478788118641
2015-07-06,2.854373721908174
2015-07-07,2.8682854533261395
2015-07-08,2.8890209223255825
2015-07-09,3.1148451192998037
2015-07-10,2.8591474342328755
2015-07-13,2.9973164063036157
2015-07-14,2.9693702526745067
2015-07-15,2.8729356169025957
2015-07-16,2.8547853770643523
2015-07-17,2.914627431948371
2015-07-20,2.855438248536796
2015-07-21,2.854832191449175
2015-07-22,2.8713379744360874
2015-07-23,2.859634102643422
2015-07-24,2.884545902084134
2015-07-27,2.9619222559337226
2015-07-28,2.8856366214410016
2015-07-29,2.998429954594271
2015-07-30,2.904638456032275
2015-07-31,2.854286610090745
2015-08-03,2.8591216739981915
2015-08-04,2.8614155650078574
2015-08-05,2.859030447057976
2015-08-06,2.86338951420864
2015-08-07,2.910753308431592
2015-08-10,2.8620531501406306
2015-08-11,3.0084168992492937
2015-08-12,2.9401344404637397
2015-08-13,2.8551429250760743
2015-08-14,2.855801098266241
2015-08-17,2.868652086068823
2015-08-18,2.879795695167853
2015-08-19,2.86075655487367
2015-08-20,2.9183031279008995
2015-08-21,3.2726120680791384
2015-08-24,3.807586959174591
2015-08-25,4.3141203953416705
2015-08-26,3.0264426950045986
2015-08-27,4.28592666675321
2015-08-28,3.4093548878577247
2015-08-31,2.8547616542288776
2015-09-01,2.920440313835694
2015-09-02,3.676216200925572
2015-09-03,3.1689011553051203
2015-09-04,2.8556274334938228
2015-09-08,3.0750751860044163
2015-09-09,3.4454844057356784
2015-09-10,3.03589866145414
2015-09-11,2.8804932368442473
2015-09-14,2.8731971517738257
2015-09-15,2.869992866571624
2015-09-16,3.008975681407654
2015-09-17,2.9255181733282076
2015-09-18,2.8604537156874015
2015-09-21,3.0997742465850933
2015-09-22,2.8739226574817565
2015-09-23,2.996856376522125
2015-09-24,2.858252636978566
2015-09-25,2.864900594820772
2015-09-28,2.8544796498462395
2015-09-29,3.473232937318498
2015-09-30,2.855857790913759
2015-10-01,3.196170218137253
2015-10-02,2.858020595653175
2015-10-05,3.0468229693458264
2015-10-06,3.168633357035614
2015-10-07,2.866450313741712
2015-10-08,2.9149480291622787
2015-10-09,2.9273552911602563
2015-10-12,2.8547856469981876
2015-10-13,2.855801886648535
2015-10-14,2.898045873002212
2015-10-15,2.875184101879763
2015-10-16,3.0615583629778933
2015-10-19,2.8739530045457777
2015-10-20,2.854346852790282
2015-10-21,2.8561706310840305
2015-10-22,2.886158862982433
2015-10-23,3.114056511399292
2015-10-26,2.9686593536837558
2015-10-27,2.857740971279668
2015-10-28,2.860403388859099
2015-10-29,2.985991284227784
2015-10-30,2.8544964200328504
2015-11-02,2.8760115353141056
2015-11-03,2.986750846819777
2015-11-04,2.86129945157215
2015-11-05,2.8660853515112197
2015-11-06,2.855480312725481
2015-11-09,2.8543869685203385
2015-11-10,2.9449323149898152
2015-11-11,2.856440249292878
2015-11-12,2.8640648646910845
2015-11-13,3.038183296066657
2015-11-16,2.972338534283433
2015-11-17,3.0629959011614503
2015-11-18,2.8560114652514734
2015-11-19,3.0997178445096907
2015-11-20,2.8555202659585888
2015-11-23,2.8679143647699714
2015-11-24,2.8557095239796446
2015-11-25,2.855676771220902
2015-11-27,2.854289164573565
2015-11-30,2.854604222327585
2015-12-01,2.874510250884926
2015-12-02,2.961462809205769
2015-12-03,2.9679037916366715
2015-12-04,3.048422548773715
2015-12-07,3.2501810695075015
2015-12-08,2.9002763263984837
2015-12-09,2.893859623373624
2015-12-10,2.910556770590594
2015-12-11,2.859049957352377
2015-12-14,3.208732157648553
2015-12-15,2.8756123075165467
2015-12-16,2.9602208640478738
2015-12-17,3.0522580213438104
2015-12-18,3.066875732585388
2015-12-21,3.151936658959462
2015-12-22,2.911197560280675
2015-12-23,2.927327439953049
2015-12-24,2.9991847127877205
2015-12-28,2.8567109539857953
2015-12-29,2.858733199145633
2015-12-30,2.9604401180038282
2015-12-31,2.9032421049260853
2016-01-04,2.937517527152544
2016-01-05,3.0743532241096583
2016-01-06,2.858133377334646
2016-01-07,3.0158983347048594
2016-01-08,3.3820954965865364
2016-01-11,2.964782131408732
2016-01-12,2.8549851391256635
2016-01-13,2.9114793896301707
2016-01-14,3.4399138057011163
2016-01-15,3.116338227182015
2016-01-19,3.2926813523166
2016-01-20,2.854649706731109
2016-01-21,2.982759697760177
2016-01-22,2.8796675919183903
2016-01-25,3.240856230546558
2016-01-26,3.084145176826716
2016-01-27,3.042308590920169
2016-01-28,2.965206994203334
2016-01-29,2.8830199393319904
2016-02-01,3.430318027345934
2016-02-02,2.854603352824327
2016-02-03,3.1843576449071516
2016-02-04,2.877771776076743
2016-02-05,2.8564692943940293
2016-02-08,3.175201175447025
2016-02-09,3.0425860585604627
2016-02-10,2.854734530439491
2016-02-11,2.854306782720089
2016-02-12,2.99645138325231
2016-02-16,3.2122514119127548
2016-02-17,3.1106870377389293
2016-02-18,3.1095374731414753
2016-02-19,2.874791695121064
2016-02-22,2.854278941927243
2016-02-23,3.0505779249639033
2016-02-24,3.0000653128742694
2016-02-25,2.872830927958361
2016-02-26,2.9752834663120096
2016-02-29,2.85758996816163
2016-03-01,2.9162401470477644
2016-03-02,3.389595891043318
2016-03-03,2.8701593756059585
2016-03-04,2.865778682535288
2016-03-07,2.8645449257785427
2016-03-08,2.8550116365903953
2016-03-09,2.972982146850558
2016-03-10,2.878287942538508
2016-03-11,2.854302005468967
2016-03-14,3.106848797044947
2016-03-15,2.8558310691640374
2016-03-16,2.857444113142887
2016-03-17,2.883743843211189
2016-03-18,2.8951504223636677
2016-03-21,2.872520304853934
2016-03-22,2.855190401681536
2016-03-23,2.854996619629132
2016-03-24,2.8925909048318856
2016-03-28,2.854417099998506
2016-03-29,2.854552443787383
2016-03-30,2.927311601515652
2016-03-31,2.8720739340661203
2016-04-01,2.858186996298597
2016-04-04,2.8919334215178054
2016-04-05,2.863953805112158
2016-04-06,2.9509717446445025
2016-04-07,2.9580399080558846
2016-04-08,2.989057299912321
2016-04-11,2.861603336488767
2016-04-12,2.86132802823286
2016-04-13,2.9419929563553917
2016-04-14,2.9490112998005444
2016-04-15,2.854325148730483
2016-04-18,2.855183383622382
2016-04-19,2.8944734193304393
2016-04-20,2.8632227687604597
2016-04-21,2.854820398566699
2016-04-22,2.8796220091400797
2016-04-25,2.854281672505978
2016-04-26,2.8573582339393955
2016-04-27,2.8575694004202776
2016-04-28,2.856830070305296
2016-04-29,2.93433545184951
2016-05-02,2.87837977923677
2016-05-03,2.9115910699363767
2016-05-04,2.9250257944672824
2016-05-05,2.887408691577749
2016-05-06,2.8543351162939774
2016-05-09,2.8637426830200012
2016-05-10,2.8548089401982844
2016-05-11,3.000702013450453
2016-05-12,2.940211229689168
2016-05-13,2.8543218492972655
2016-05-16,2.921811793682341
2016-05-17,2.9444681965333332
2016-05-18,2.9375188869496505
2016-05-19,2.8543337095078316
2016-05-20,2.8671830238703535
2016-05-23,2.888322013340981
2016-05-24,2.8583681105588576
2016-05-25,3.0301480726296663
2016-05-26,2.900026334667479
2016-05-27,2.854326305952152
2016-05-31,2.8715404095954984
2016-06-01,2.855217920938156
2016-06-02,2.8554735678871856
2016-06-03,2.8617704624394236
2016-06-06,2.8622412170577824
2016-06-07,2.876809717730197
2016-06-08,2.855841089848243
2016-06-09,2.8645644537411488
2016-06-10,2.8570479760591243
2016-06-13,2.9333735976446884
2016-06-14,2.916171520264123
2016-06-15,2.8573293085903937
2016-06-16,2.8574573427784165
2016-06-17,2.8634966948555816
2016-06-20,2.864248600708558
2016-06-21,2.8859728338666044
2016-06-22,2.8611923732544673
2016-06-23,2.856837843420967
2016-06-24,3.0220832197314813
2016-06-27,4.06661388483817
2016-06-28,3.1622824366302815
2016-06-29,3.151057300766597
2016-06-30,3.1269358723632426
2016-07-01,3.0272368009245274
2016-07-05,2.85788481964923
2016-07-06,2.898330442840814
2016-07-07,2.8812080267315383
2016-07-08,2.8549936281698
2016-07-11,3.0728845166194456
2016-07-12,2.865245224236602
2016-07-13,2.9004386327367517
2016-07-14,2.854301848179275
2016-07-15,2.8802613609351386
2016-07-18,2.8550904978503087
2016-07-19,2.8596060523180773
2016-07-20,2.856209945810373
2016-07-21,2.871407645985273
2016-07-22,2.8665392390421736
2016-07-25,2.8737617315822894
2016-07-26,2.862799113245287
2016-07-27,2.854373181305671
2016-07-28,2.8556230284371695
2016-07-29,2.856697560033927
2016-08-01,2.8567741033204155
2016-08-02,2.8557887072853707
2016-08-03,2.8922988979772772
2016-08-04,2.8635110586875268
2016-08-05,2.8543179158940095
2016-08-08,2.923821432899083
2016-08-09,2.855063765445151
2016-08-10,2.854416044612536
2016-08-11,2.8619838925462155
2016-08-12,2.8753371967212225
2016-08-15,2.8548738615566696
2016-08-16,2.8616028050562488
2016-08-17,2.882481964138106
2016-08-18,2.8575608628601543
2016-08-19,2.8588199263165293
2016-08-22,2.856223470824187
2016-08-23,2.8545716653417568
2016-08-24,2.8578524823468263
2016-08-25,2.8800760247760735
2016-08-26,2.8560309400425283
2016-08-29,2.856615753303463
2016-08-30,2.8799559563183847
2016-08-31,2.8578663239718343
2016-09-01,2.8595774616780933
2016-09-02,2.8542760715684308
2016-09-06,2.870856307246455
2016-09-07,2.8626307173852066
2016-09-08,2.854295354376248
2016-09-09,2.858916677482173
2016-09-12,3.41928470270375
2016-09-13,3.056820543278911
2016-09-14,3.060987611963651
2016-09-15,2.8546498814746
2016-09-16,2.9502977736634244
2016-09-19,2.8676677446176932
2016-09-20,2.8542768306944484
2016-09-21,2.8543572235181793
2016-09-22,2.966257556226664
2016-09-23,2.8939978599223743
2016-09-26,2.8852059197565354
2016-09-27,2.9235771350990416
2016-09-28,2.893310569263414
2016-09-29,2.8806411247226356
2016-09-30,2.9359183551171757
2016-10-03,2.913946494780941
2016-10-04,2.864277942033257
2016-10-05,2.877350080296596
2016-10-06,2.87162542142584
2016-10-07,2.8544953789745415
2016-10-10,2.8642188779648126
2016-10-11,2.874208914051395
2016-10-12,2.9998363736009175
2016-10-13,2.8555452248072304
2016-10-14,2.8632990034121195
2016-10-17,2.8543135991451494
2016-10-18,2.862945110538704
2016-10-19,2.889933052927205
2016-10-20,2.85879676554038
2016-10-21,2.8560526167557714
2016-10-24,2.8542802047670706
2016-10-25,2.875470669859025
2016-10-26,2.8678294985202606
2016-10-27,2.857122645504816
2016-10-28,2.862655835167519
2016-10-31,2.8633528364984873
2016-11-01,2.85428945860713
2016-11-02,2.8975530862456442
2016-11-03,2.8942939908939507
2016-11-04,2.872667736382722
2016-11-07,2.856886111344821
2016-11-08,3.3183261646569506
2016-11-09,2.8677587136915523
2016-11-10,2.969566038746689
2016-11-11,2.8578778694701947
2016-11-14,2.8561102149067494
2016-11-15,2.8542861152040806
2016-11-16,2.9068555870333896
2016-11-17,2.8566388136928884
2016-11-18,2.874820537357083
2016-11-21,2.8596305783912794
2016-11-22,2.9065840427311245
2016-11-23,2.858692188638376
2016-11-25,2.8548876794576987
2016-11-28,2.8686697657716316
2016-11-29,2.8802186264401413
2016-11-30,2.855955052311811
2016-12-01,2.8608891607516513
2016-12-02,2.865887285927203
2016-12-05,2.8544241892051834
2016-12-06,2.8861138179320562
2016-12-07,2.86521254077425
2016-12-08,3.0170795703039537
2016-12-09,2.8586956824473533
2016-12-12,2.8874148618933804
2016-12-13,2.855497042635318
2016-12-14,2.8944587094258645
2016-12-15,2.9161923463217425
2016-12-16,2.8684573996817826
2016-12-19,2.8571563252869763
2016-12-20,2.8579393762334484
2016-12-21,2.8667063869843017
2016-12-22,2.859949980185427
2016-12-23,2.8575356314204234
2016-12-27,2.8557460129016476
2016-12-28,2.8590236164056795
2016-12-29,2.919888188712093
2016-12-30,2.854370557744015
2017-01-03,2.8744768607924125
2017-01-04,2.921949913478823
2017-01-05,2.885057187251064
2017-01-06,2.854838956870693
2017-01-09,2.865895204522027
2017-01-10,2.8661077320917614
2017-01-11,2.854276107753506
2017-01-12,2.8617959490684357
2017-01-13,2.8585971367273117
2017-01-17,2.8574895020454343
2017-01-18,2.862548095356465
2017-01-19,2.8571981354358806
2017-01-20,2.866514242483894
2017-01-23,2.8649229859381955
2017-01-24,2.861075224789814
2017-01-25,2.8947651252815585
2017-01-26,2.9148101753256808
2017-01-27,2.8547964348386023
2017-01-30,2.854978667097943
2017-01-31,2.8882063162313085
2017-02-01,2.855025949627074
2017-02-02,2.8543569665608706
2017-02-03,2.854578720794756
2017-02-06,2.903863137391073
2017-02-07,2.8584903414964575
2017-02-08,2.8543225219597534
2017-02-09,2.854724877872924
2017-02-10,2.885365285904578
2017-02-13,2.8662296320979834
2017-02-14,2.8801332494379692
2017-02-15,2.8693681555593322
2017-02-16,2.877694985967527
2017-02-17,2.8549806148155157
2017-02-21,2.8569207392803984
2017-02-22,2.888643575043595
2017-02-23,2.8553823816542425
2017-02-24,2.8544383456761646
2017-02-27,2.8563685545178736
2017-02-28,2.8552474120279605
2017-03-01,2.860519612694127
2017-03-02,3.0299546036409026
2017-03-03,2.88658145324283
2017-03-06,2.854519763062156
2017-03-07,2.8643645984406154
2017-03-08,2.8622503541023274
2017-03-09,2.859177774129136
2017-03-10,2.854875454084333
2017-03-13,2.864312176514123
2017-03-14,2.8544019910674487
2017-03-15,2.865001260223222
2017-03-16,2.920175531543067
2017-03-17,2.8567759659720218
2017-03-20,2.8558969532764507
2017-03-21,2.8580691471790423
2017-03-22,2.998932975804294
2017-03-23,2.857665727422676
2017-03-24,2.855330251104899
2017-03-27,2.854942698968852
2017-03-28,2.8552501398372305
2017-03-29,2.903681185526573
2017-03-30,2.855392548199258
2017-03-31,2.862367501662116
2017-04-03,2.8590530853310288
2017-04-04,2.85680817468073
2017-04-05,2.854567990653998
2017-04-06,2.8630417787817892
2017-04-07,2.857773401535735
2017-04-10,2.854916853452572
2017-04-11,2.854717695880654
2017-04-12,2.856205184503835
2017-04-13,2.8675566251470084
2017-04-17,2.8979115603526915
2017-04-18,2.9239923026564854
2017-04-19,2.8622110322418215
2017-04-20,2.857043019512969
2017-04-21,2.907935337898607
2017-04-24,2.862941592817445
2017-04-25,2.9646850647793532
2017-04-26,2.8891558094700693
2017-04-27,2.854503533759648
2017-04-28,2.8545603983297205
2017-05-01,2.8577121376700347
2017-05-02,2.8570933857545042
2017-05-03,2.855602415908496
2017-05-04,2.8557921388837726
2017-05-05,2.8545918137010444
2017-05-08,2.869980796572261
2017-05-09,2.8542784090538054
2017-05-10,2.855260792317785
2017-05-11,2.8554744498611915
2017-05-12,2.8586687161704942
2017-05-15,2.8563279442796845
2017-05-16,2.8757100147540386
2017-05-17,2.854721784927696
2017-05-18,3.164762507454967
2017-05-19,2.8671233940009118
2017-05-22,2.89730900903564
2017-05-23,2.8793024673510907
2017-05-24,2.857453333630355
2017-05-25,2.8600954912995076
2017-05-26,2.8728130938025624
2017-05-30,2.8543684190900978
2017-05-31,2.8556364631555335
2017-06-01,2.8544723012729594
2017-06-02,2.9081325050724334
2017-06-05,2.8672036132209313
2017-06-06,2.85566956223165
2017-06-07,2.861530001620123
2017-06-08,2.8565860516748103
2017-06-09,2.8543407559577045
2017-06-12,2.854920392496484
2017-06-13,2.855173296857202
2017-06-14,2.8733969006689444
2017-06-15,2.8552095954422856
2017-06-16,2.8589862547617737
2017-06-19,2.854349911968789
2017-06-20,2.919740390574616
2017-06-21,2.8964262411003467
2017-06-22,2.8546027776734197
2017-06-23,2.854468350789612
2017-06-26,2.856562396402846
2017-06-27,2.854367396530632
2017-06-28,2.91550605781038
2017-06-29,2.927184107412289
2017-06-30,2.9237846498833373
2017-07-03,2.8564995429902247
2017-07-05,2.8592909121083574
2017-07-06,2.8562588009289995
2017-07-07,2.936746414838131
2017-07-10,2.8928178388055605
2017-07-11,2.8550916197590235
2017-07-12,2.8548489690466505
2017-07-13,2.9044215582007324
2017-07-14,2.857587491310973
2017-07-17,2.874796516621209
2017-07-18,2.854280930023885
2017-07-19,2.8546088631512
2017-07-20,2.8813950559219266
2017-07-21,2.854302142971896
2017-07-24,2.854400302928278
2017-07-25,2.855336230148958
2017-07-26,2.8623022501365387
2017-07-27,2.8543501765973147
2017-07-28,2.855161994662475
2017-07-31,2.855963471642351
2017-08-01,2.8547716871336855
2017-08-02,2.8599090136151006
2017-08-03,2.8545025945445093
2017-08-04,2.858753242834303
2017-08-07,2.8576271642932842
2017-08-08,2.856823551510337
2017-08-09,2.859751150675914
2017-08-10,2.8543987530368047
2017-08-11,3.0511271658315056
2017-08-14,2.8558515795376063
2017-08-15,2.94905719521713
2017-08-16,2.854530867622292
2017-08-17,2.8561680609125673
2017-08-18,3.078178177646621
2017-08-21,2.857494884389765
2017-08-22,2.8555439772528617
2017-08-23,2.9471244974605133
2017-08-24,2.865503537417038
2017-08-25,2.8583193051678752
2017-08-28,2.8569034950845986
2017-08-29,2.854496712101763
2017-08-30,2.8549405761884032
2017-08-31,2.8742862066581214
2017-09-01,2.885031624817228
2017-09-05,2.8579737303144035
2017-09-06,2.907845213287441
2017-09-07,2.863484460527428
2017-09-08,2.854305368776082
2017-09-11,2.8563557201534464
2017-09-12,2.9646659280729875
2017-09-13,2.8649339768743785
2017-09-14,2.8548143404767266
2017-09-15,2.855411649989472
2017-09-18,2.857479576795872
2017-09-19,2.8562654473743065
2017-09-20,2.855431884801913
2017-09-21,2.8546514583374707
2017-09-22,2.862990683958692
2017-09-25,2.854669671305821
2017-09-26,2.85891238985969
2017-09-27,2.8542791725059704
2017-09-28,2.869953655649995
2017-09-29,2.8556405118852095
2017-10-02,2.8671719773571955
2017-10-03,2.868377744308095
2017-10-04,2.8586558180258987
2017-10-05,2.8557347326382483
2017-10-06,2.8842333731887297
2017-10-09,2.855363764087669
2017-10-10,2.8573325754462635
2017-10-11,2.8593418540565594
2017-10-12,2.8573304396419283
2017-10-13,2.856947099391485
2017-10-16,2.8549982960832017
2017-10-17,2.8571533331444066
2017-10-18,2.8546987765208702
2017-10-19,2.854791052438453
2017-10-20,2.8543743098684957
2017-10-23,2.8788742842369373
2017-10-24,2.8691068385081047
2017-10-25,2.8567364988379556
2017-10-26,2.874704451792201
2017-10-27,2.855796017686573
2017-10-30,2.9155095791754793
2017-10-31,2.8638648794713197
2017-11-01,2.8551137112969154
2017-11-02,2.856654921508345
2017-11-03,2.8543076264780183
2017-11-06,2.863285653951862
2017-11-07,2.855794048853396
2017-11-08,2.854307101472818
2017-11-09,2.856231387739324
2017-11-10,2.867571249029438
2017-11-13,2.85503352787141
2017-11-14,2.855182375343514
2017-11-15,2.8592854877672713
2017-11-16,2.882963215980437
2017-11-17,2.9173995609411536
2017-11-20,2.8607686352092925
2017-11-21,2.855804019154602
2017-11-22,2.8944749587750054
2017-11-24,2.854812198126028
2017-11-27,2.8582456605559408
2017-11-28,2.854412855419407
2017-11-29,2.9454069250903094
2017-11-30,2.854424257485026
2017-12-01,2.917312293742055
2017-12-04,2.8581400529584156
2017-12-05,2.8553142378671215
2017-12-06,2.8674120902517743
2017-12-07,2.8542886672081558
2017-12-08,2.8623525443123663
2017-12-11,2.8827631357163446
2017-12-12,2.86391359841066
2017-12-13,2.856529670148812
2017-12-14,2.854483860104744
2017-12-15,2.869843835811456
2017-12-18,2.9299508717424696
2017-12-19,2.881315357853102
2017-12-20,2.8640844511600028
2017-12-21,2.8549196203159783
2017-12-22,2.8579778579462185
2017-12-26,2.854471295866772
2017-12-27,2.855325678421619
2017-12-28,2.854861117589205
2017-12-29,2.8574337508581915
2018-01-02,2.8795165338532107
2018-01-03,2.9190611306039527
2018-01-04,2.8927612237193103
2018-01-05,2.8695326265522336
2018-01-08,2.9007629595863875
2018-01-09,2.856881275612248
2018-01-10,2.855868795756738
2018-01-11,2.855435802848365
2018-01-12,2.9007569941299587
2018-01-16,2.897090578315691
2018-01-17,2.865955476217533
2018-01-18,2.93756415736779
2018-01-19,2.856749044432541
2018-01-22,2.8723424224939516
2018-01-23,2.9154196963666195
2018-01-24,2.8587309941676806
2018-01-25,2.854568932963309
2018-01-26,2.854614422877168
2018-01-29,2.9860170074360686
2018-01-30,2.896888128747269
2018-01-31,2.9658925635319506
2018-02-01,2.854525958696991
2018-02-02,2.854667794316826
2018-02-05,3.2769053364140364
2018-02-06,4.4322453387983956
2018-02-07,3.1404849251908327
2018-02-08,2.8778504190218994
2018-02-09,4.17815864230407
2018-02-12,3.0642191848259093
2018-02-13,3.0362475726625977
2018-02-14,2.8607342444343287
2018-02-15,3.0230514092111336
2018-02-16,2.991180308752012
2018-02-20,2.8544387787684142
2018-02-21,2.886334115657741
2018-02-22,2.8826681885562286
2018-02-23,2.8551709266005108
2018-02-26,3.0956633807452003
2018-02-27,2.984211946313706
2018-02-28,3.006017584950161
2018-03-01,2.9699918874247864
2018-03-02,3.021116804000417
2018-03-05,2.878482562110959
2018-03-06,2.96863402737771
2018-03-07,2.86084466881798
2018-03-08,2.8544947468767794
2018-03-09,2.8729893270164584
2018-03-12,3.1380576025437588
2018-03-13,2.855869824937675
2018-03-14,2.8923228063009243
2018-03-15,2.885073199771733
2018-03-16,2.8548554394945493
2018-03-19,2.856999804336215
2018-03-20,3.0438454507608155
2018-03-21,2.856384143900569
2018-03-22,2.857468550427609
2018-03-23,3.44920018528742
2018-03-26,3.2674812596104816
2018-03-27,3.547345840464429
2018-03-28,3.1348917785761508
2018-03-29,2.8623368734091597
2018-04-02,3.0324266008519185
2018-04-03,3.3231367221367725
2018-04-04,3.0039137828187936
2018-04-05,2.9800137473533588
2018-04-06,2.898558216819541
2018-04-09,3.305756807272322
2018-04-10,2.8648475320155504
2018-04-11,3.1171643350508917
2018-04-12,2.883024495456385
2018-04-13,2.918243109037476
2018-04-16,2.8621187082267294
2018-04-17,2.9160595525272566
2018-04-18,2.961092125182276
2018-04-19,2.8549495432126006
2018-04-20,2.8850812561435006
2018-04-23,2.922751698394148
2018-04-24,2.8542933939968322
2018-04-25,3.0224983886417927
2018-04-26,2.8574867958423393
2018-04-27,2.9565701283163115
2018-04-30,2.8554642540244566
2018-05-01,2.9172601560705402
2018-05-02,2.860394203023102
2018-05-03,2.903062142178885
2018-05-04,2.859057807258228
2018-05-07,3.008487598502335
2018-05-08,2.865547335875852
2018-05-09,2.854342276383619
2018-05-10,2.94235530421433
2018-05-11,2.9368003175003508
2018-05-14,2.8570338531004955
2018-05-15,2.8550072738667716
2018-05-16,2.8982607875288138
2018-05-17,2.869776451024943
2018-05-18,2.8549652609912872
2018-05-21,2.8607834074318386
2018-05-22,2.9055428951209796
2018-05-23,2.8635249990345866
2018-05-24,2.86419002972605
2018-05-25,2.8581217257493883
2018-05-29,2.859495064576908
2018-05-30,2.9799275111125865
2018-05-31,3.005753084748445
2018-06-01,2.898781076062075
2018-06-04,2.964879760593977
2018-06-05,2.873155807344661
2018-06-06,2.8547417427817887
2018-06-07,2.923239639975451
2018-06-08,2.854769817812098
2018-06-11,2.8634545012714243
2018-06-12,2.8553486068499487
2018-06-13,2.8571290790209964
2018-06-14,2.8695038614898842
2018-06-15,2.860016374932692
2018-06-18,2.855246526158207
2018-06-19,2.858520864445745
2018-06-20,2.8694844207318533
2018-06-21,2.857031389725149
2018-06-22,2.8921069466443257
2018-06-25,2.8575402408088832
2018-06-26,3.0312644747247433
2018-06-27,2.8588844748304068
2018-06-28,2.9238363056408794
2018-06-29,2.890160230514521
2018-07-02,2.8548225919315926
2018-07-03,2.863117423299241
2018-07-05,2.87727324490352
2018-07-06,2.924107393050679
2018-07-09,2.9218782923727007
2018-07-10,2.9274341682060467
2018-07-11,2.8656261423020215
2018-07-12,2.9015634793425344
2018-07-13,2.926207183801689
2018-07-16,2.8553856883408217
2018-07-17,2.8552665237165353
2018-07-18,2.8691095686740593
2018-07-19,2.858662637235182
2018-07-20,2.8689561943722297
2018-07-23,2.8551221019671424
2018-07-24,2.8574478129066314
2018-07-25,2.8757506627774556
2018-07-26,2.932113088783117
2018-07-27,2.862931974948725
2018-07-30,2.8947373690122187
2018-07-31,2.885393994694982
2018-08-01,2.876700524744573
2018-08-02,2.8552957896174904
2018-08-03,2.877077734753833
2018-08-06,2.8745441467586517
2018-08-07,2.8660415755628432
2018-08-08,2.8617702378407626
2018-08-09,2.8543396960954395
2018-08-10,2.8562261368763524
2018-08-13,2.9018239931250283
2018-08-14,2.8693635212639053
2018-08-15,2.892633613174806
2018-08-16,2.9085856978824856
2018-08-17,2.913216573090921
2018-08-20,2.8646642186414537
2018-08-21,2.859814660401348
2018-08-22,2.8582950284482607
2018-08-23,2.8544231101811803
2018-08-24,2.8569606515824617
2018-08-27,2.8903785812786547
2018-08-28,2.909563411472015
2018-08-29,2.854355220343464
2018-08-30,2.8848159650968346
2018-08-31,2.872722646743855
2018-09-04,2.8542947601399318
2018-09-05,2.8568445433569134
2018-09-06,2.861656905341356
2018-09-07,2.866808476552197
2018-09-10,2.8588791076616187
2018-09-11,2.8576585343414433
2018-09-12,2.8674155528944905
2018-09-13,2.8543959624288546
2018-09-14,2.880489971472588
2018-09-17,2.854351041556475
2018-09-18,2.8834214061795502
2018-09-19,2.88136560106666
2018-09-20,2.8557558719517147
2018-09-21,2.912034912893488
2018-09-24,2.8544153138242723
2018-09-25,2.865887078735194
2018-09-26,2.855876397361786
2018-09-27,2.8644391745136133
2018-09-28,2.861450173549636
2018-10-01,2.85427497446618
2018-10-02,2.8667297210210374
2018-10-03,2.854424083256479
2018-10-04,2.854748799259221
2018-10-05,2.9169829300997083
2018-10-08,2.8830015824079958
2018-10-09,2.8544270311278006
2018-10-10,2.8561623142359864
2018-10-11,3.8690901493669974
2018-10-12,3.2522157941009486
2018-10-15,3.04400198579014
2018-10-16,2.8870843382799434
2018-10-17,3.2884345438224085
2018-10-18,2.85444287153636
2018-10-19,3.048890316483367
2018-10-22,2.8544448844393897
2018-10-23,2.8716420802570637
2018-10-24,2.8828229637241476
2018-10-25,3.749357079786107
2018-10-26,3.180438943168187
2018-10-29,3.136453386513404
2018-10-30,2.894774073538568
2018-10-31,3.084907093504864
2018-11-01,2.964969577388255
2018-11-02,2.9590353354424472
2018-11-05,2.89178980430114
2018-11-06,2.8837517312464236
2018-11-07,2.891093335864713
2018-11-08,3.276929044323283
2018-11-09,2.8602947350916788
2018-11-12,2.9337847401961987
2018-11-13,3.2189964020032718
2018-11-14,2.8564287248355185
2018-11-15,2.908081161079418
2018-11-16,2.9597364925544265
2018-11-19,2.8589441890512863
2018-11-20,3.1145359650141398
2018-11-21,3.1639048226157533
2018-11-23,2.863053510819352
2018-11-26,2.8946466498459484
2018-11-27,3.080966723925843
2018-11-28,2.8643265364469417
2018-11-29,3.350197048426452
2018-11-30,2.858936606957244
2018-12-03,2.9172299893161875
2018-12-04,2.96677135608936
2018-12-06,3.8385169468914597
2018-12-07,2.856699059836725
2018-12-10,3.3652553841951027
2018-12-11,2.8573200671853844
2018-12-12,2.8543932134645305
2018-12-13,2.8818699456717787
2018-12-14,2.8543176464245166
2018-12-17,3.196569808045239
2018-12-18,3.2598312348876246
2018-12-19,2.8543826670292667
2018-12-20,3.0769847272627446
2018-12-21,3.0880627146035375
2018-12-24,3.252607472816941
2018-12-26,3.5450478150249514
2018-12-27,5.1654318354227495
2018-12-28,2.9237474575131865
2018-12-31,2.855739013937642
2019-01-02,2.922038747926853
2019-01-03,2.8558022060785158
2019-01-04,3.4301465171398378
2019-01-07,3.9621481406697767
2019-01-08,2.9007308774486713
2019-01-09,2.942605911937696
2019-01-10,2.8700748869817376
2019-01-11,2.8734602679646146
2019-01-14,2.8542980893376635
2019-01-15,2.8802454567978977
2019-01-16,2.9622912598058186
2019-01-17,2.858939348714362
2019-01-18,2.908423472557408
2019-01-22,3.017582240229769
2019-01-23,3.042636788799778
2019-01-24,2.8588803657204127
2019-01-25,2.856052458648114
2019-01-28,2.9219794616753565
2019-01-29,2.912144303857685
2019-01-30,2.856280208243017
2019-01-31,3.081448616431787
2019-02-01,2.923780845195613
2019-02-04,2.8550494571466625
2019-02-05,2.897416777438703
2019-02-06,2.8751147200296674
2019-02-07,2.858927870773951
2019-02-08,2.9365414261545553
2019-02-11,2.8547236223415884
2019-02-12,2.854745603233734
2019-02-13,3.0103954662753964
2019-02-14,2.8629046805766665
2019-02-15,2.860881713481177
2019-02-19,2.9654727522103532
2019-02-20,2.8564118736002344
2019-02-21,2.8572410923204994
2019-02-22,2.86595831405842
2019-02-25,2.8928954713340955
2019-02-26,2.8557085526347845
2019-02-27,2.854860451540309
2019-02-28,2.8545513683359975
2019-03-01,2.8617746671862583
2019-03-04,2.898948842234538
2019-03-05,2.868433870636823
2019-03-06,2.85547960669952
2019-03-07,2.894266550600777
2019-03-08,2.9163222188146696
2019-03-11,2.8585586267630747
2019-03-12,3.056375141737942
2019-03-13,2.8625195271561994
2019-03-14,2.8996551520445686
2019-03-15,2.8549925754973997
2019-03-18,2.877621607791558
2019-03-19,2.867183592902284
2019-03-20,2.8542924074415157
2019-03-21,2.8624185287448602
2019-03-22,2.9649382894734657
2019-03-25,3.192587082813765
2019-03-26,2.8550201677239566
2019-03-27,2.9027493295576883
2019-03-28,2.8745527510373505
2019-03-29,2.8663848012037425
2019-04-01,2.896887613575636
2019-04-02,2.980032330685778
2019-04-03,2.854305196509788
2019-04-04,2.8586099836036585
2019-04-05,2.858357439135723
2019-04-08,2.8744719266418137
2019-04-09,2.8553091033730658
2019-04-10,2.888863926092366
2019-04-11,2.865646830528969
2019-04-12,2.8542773541444553
2019-04-15,2.8953184037209527
2019-04-16,2.854655740350756
2019-04-17,2.8545169933761336
2019-04-18,2.8591309477064546
2019-04-22,2.856617181764624
2019-04-23,2.8552360636686167
2019-04-24,2.9277190574386505
2019-04-25,2.858805445244193
2019-04-26,2.854402161371779
2019-04-29,2.8748992833604774
2019-04-30,2.8553570386171643
2019-05-01,2.8551238787814555
2019-05-02,2.907155740987766
2019-05-03,2.8585253618721294
2019-05-06,2.9415602735286197
2019-05-07,2.873077721684235
2019-05-08,3.1104456291110614
2019-05-09,2.8567594605692483
2019-05-10,2.862851437821968
2019-05-13,2.867280060901324
2019-05-14,3.401392396978181
2019-05-15,2.914786755139993
2019-05-16,2.8863225283875864
2019-05-17,2.9286273380135563
2019-05-20,2.886308059784395
2019-05-21,2.897083539721528
2019-05-22,2.922102673146451
2019-05-23,2.861785476278433
2019-05-24,2.987647866387082
2019-05-28,2.856028232588632
2019-05-29,2.920187278134251
2019-05-30,2.8991792162424685
2019-05-31,2.85842194131315
2019-06-03,3.0178745285254918
2019-06-04,2.861498962073179
2019-06-05,3.285874955665046
2019-06-06,2.9169750148853932
2019-06-07,2.88966017072526
2019-06-10,2.9578266291364264
2019-06-11,2.874703947622446
2019-06-12,2.8543933008577653
2019-06-13,2.8581742572329145
2019-06-14,2.870049101325922
2019-06-17,2.8567173043322573
2019-06-18,2.855089487338623
2019-06-19,2.942997046294554
2019-06-20,2.8626685688724054
2019-06-21,2.938578294973155
2019-06-24,2.855784319532969
2019-06-25,2.857091909171876
2019-06-26,2.9390069423669805
2019-06-27,2.855725279618142
2019-06-28,2.8680075421775175
2019-07-01,2.885422298744308
2019-07-02,2.9095893401501653
2019-07-03,2.8623432670073723
2019-07-05,2.909584675474317
2019-07-08,2.8573512154765854
2019-07-09,2.876243241875115
2019-07-10,2.8557154375552694
2019-07-11,2.8733903119731625
2019-07-12,2.859184999279942
2019-07-15,2.874330715092278
2019-07-16,2.8543072452575635
2019-07-17,2.8651590114777714
2019-07-18,2.894355953320755
2019-07-19,2.8663385373853547
2019-07-22,2.8901237555728123
2019-07-23,2.86180052658925
2019-07-24,2.898331158147304
2019-07-25,2.874935167144804
2019-07-26,2.8802980537478162
2019-07-29,2.905560192398502
2019-07-30,2.856740012007265
2019-07-31,2.8605214965783636
2019-08-01,2.965611714631877
2019-08-02,2.9303892915750325
2019-08-05,2.9041269945655728
2019-08-06,3.6874435634678884
2019-08-07,3.0136915544672407
2019-08-08,2.8548660169704028
2019-08-09,3.1850329996330298
2019-08-12,2.895491066146953
2019-08-13,2.988630814814994
2019-08-14,3.0590619075569645
2019-08-15,3.660561935064844
2019-08-16,2.8601827845710694
2019-08-19,3.0498188175038305
2019-08-20,2.992022716270131
2019-08-21,2.913167636648003
2019-08-22,2.9181901852441356
2019-08-23,2.854529923939456
2019-08-26,3.486824739961981
2019-08-27,2.9677746367069666
2019-08-28,2.8639424911043476
2019-08-29,2.894530918537212
2019-08-30,3.0055267707380104
2019-09-03,2.8546996236438362
2019-09-04,2.898996077241943
2019-09-05,2.964734733817799
2019-09-06,3.0133331748870806
2019-09-09,2.8550924687775066
2019-09-10,2.854281625178667
2019-09-11,2.8543707312789968
2019-09-12,2.903384136253295
2019-09-13,2.862074103640506
2019-09-16,2.8547680870700147
2019-09-17,2.8635114105458097
2019-09-18,2.8605383056348797
2019-09-19,2.8543850376957782
2019-09-20,2.8542735181186822
2019-09-23,2.8767922391462877
2019-09-24,2.8542876356893654
2019-09-25,2.9208301896568205
2019-09-26,2.8899269452439937
2019-09-27,2.8598254150826836
2019-09-30,2.8808306832293264
2019-10-01,2.878219376373374
2019-10-02,2.99547048219986
2019-10-03,3.1554743686537923
2019-10-04,2.9140631920595155
2019-10-07,3.044198752921516
2019-10-08,2.873164969688034
2019-10-09,3.081791485907616
2019-10-10,2.9322165150921045
2019-10-11,2.8929678288306886
2019-10-14,2.966715377149937
2019-10-15,2.856109319961818
2019-10-16,2.947402105898465
2019-10-17,2.858053346707996
2019-10-18,2.861446229128577
2019-10-21,2.868708341492281
2019-10-22,2.898643655101181
2019-10-23,2.866250513505217
2019-10-24,2.861892713158136
2019-10-25,2.857740363186573
2019-10-28,2.8698589749289023
2019-10-29,2.883547225320005
2019-10-30,2.854931547890022
2019-10-31,2.8642181226054664
2019-11-01,2.8628614538579416
2019-11-04,2.941997289209039
2019-11-05,2.867186592745717
2019-11-06,2.8555974156381483
2019-11-07,2.8547371820482397
2019-11-08,2.8612766137587653
2019-11-11,2.8604356595464147
2019-11-12,2.857893244984835
2019-11-13,2.856574202558966
2019-11-14,2.8547494196087815
2019-11-15,2.8549316359528167
2019-11-18,2.90991640626552
2019-11-19,2.8545250342214286
2019-11-20,2.854603101424207
2019-11-21,2.867529977003028
2019-11-22,2.8566303331057856
2019-11-25,2.858718334390148
2019-11-26,2.907230103324726
2019-11-27,2.8588156964790246
2019-11-29,2.870647869218042
2019-12-02,2.869395509320911
2019-12-03,2.924272540143876
2019-12-04,2.895692883093976
2019-12-05,2.891855539095332
2019-12-06,2.856397491663284
2019-12-09,2.9326939716218985
2019-12-10,2.863692244972552
2019-12-11,2.855406120304525
2019-12-12,2.862220180535778
2019-12-13,2.923367029799932
2019-12-16,2.8542955351023367
2019-12-17,2.9022783793963303
2019-12-18,2.8543908695326086
2019-12-19,2.854448708426828
2019-12-20,2.8729567419298627
2019-12-23,2.8772522432653944
2019-12-24,2.854983796439779
2019-12-26,2.8543091735205413
2019-12-27,2.878982669760764
2019-12-30,2.8542804459455997
2019-12-31,2.88567258100407
2020-01-02,2.862435882719375
2020-01-03,2.920238695177479
2020-01-06,2.901121022740582
2020-01-07,2.8660157219288336
2020-01-08,2.8616594248176233
2020-01-09,2.876856973131202
2020-01-10,2.895896362894342
2020-01-13,2.8619435238504716
2020-01-14,2.900003877313506
2020-01-15,2.8564399530015794
2020-01-16,2.8575598888846123
2020-01-17,2.920044967762809
2020-01-21,2.868304938847827
2020-01-22,2.860884725411409
2020-01-23,2.8543533111154877
2020-01-24,2.855496305281293
2020-01-27,2.9310952391135885
2020-01-28,3.0868002251598172
2020-01-29,2.949300722974271
2020-01-30,2.8550031778118736
2020-01-31,2.8635040849126683
2020-02-03,3.1488367878481056
2020-02-04,2.903798499199247
2020-02-05,3.0651420003479437
2020-02-06,2.9732578363009736
2020-02-07,2.864695080152932
2020-02-10,2.881682883035808
2020-02-11,2.9047134764782343
2020-02-12,2.8569646885299593
2020-02-13,2.893517031691221
2020-02-14,2.85678081186953
2020-02-18,2.857467111385196
2020-02-19,2.862285201950404
2020-02-20,2.8750823526055664
2020-02-21,2.867957387704032
2020-02-24,2.9582248700735048
2020-02-25,3.9096191708996875
2020-02-26,3.716037883464663
2020-02-27,2.8679058226383867
2020-02-28,4.6868638531199105
2020-03-02,2.9185069883100985
2020-03-03,4.845870785202461
2020-03-04,3.59711191326552
2020-03-05,4.5279401057709165
2020-03-06,3.935894978320427
2020-03-09,3.1278153319115325
2020-03-10,8.277130664652747
2020-03-11,5.148261228586314
2020-03-12,5.098727210200131
2020-03-13,11.354840011210607
2020-03-16,10.960509708199998
2020-03-17,16.35058961048997
2020-03-18,6.235145947075052
2020-03-19,5.379295961291958
2020-03-20,2.875737001570854
2020-03-23,4.62076794817336
2020-03-24,3.6610170373428983
2020-03-25,11.126348954745588
2020-03-26,2.9813842891954927
2020-03-27,6.514534831594334
2020-03-30,3.921487410795253
2020-03-31,3.910016476365877
2020-04-01,3.095461877570881
2020-04-02,4.685188863647747
2020-04-03,3.344436516149388
2020-04-06,3.0696895027341182
2020-04-07,7.502041578252497
2020-04-08,2.857862725097863
2020-04-09,3.944057440916509
2020-04-13,3.0517553306333167
2020-04-14,2.950258653818478
2020-04-15,3.7325200654304242
2020-04-16,3.3105205591176525
2020-04-17,2.8861789394967445
2020-04-20,3.5288153122002353
2020-04-21,3.1548613707752535
2020-04-22,3.738460235365932
2020-04-23,3.3485337628831298
2020-04-24,2.854671474380018
2020-04-27,3.0362854660109773
2020-04-28,3.0577457979012848
2020-04-29,2.8801468099082568
2020-04-30,3.5182957520276608
2020-05-01,2.93418343196681
2020-05-04,3.594048096922736
2020-05-05,2.871430177173568
2020-05-06,2.93107264362816
2020-05-07,2.900062295247162
2020-05-08,2.9786464594651845
2020-05-11,3.1217588078892082
2020-05-12,2.854370341516723
2020-05-13,3.250829517871511
2020-05-14,3.1408993965786167
2020-05-15,2.9791444253337915
2020-05-18,2.868789962931851
2020-05-19,3.7866641546357305
2020-05-20,2.957792110056767
2020-05-21,3.114809616152731
2020-05-22,2.9111172868022814
2020-05-26,2.859492907417182
2020-05-27,2.996175777023996
2020-05-28,3.0608796934807647
2020-05-29,2.8585003971402534
2020-06-01,2.8760337012865866
2020-06-02,2.8675005978433004
2020-06-03,2.9176216175829746
2020-06-04,3.029330784446024
2020-06-05,2.864980038645115
2020-06-08,3.4998298535729404
2020-06-09,2.9906779575837863
2020-06-10,2.9114607608785565
2020-06-11,2.880811302150973
2020-06-12,6.118827795539036
2020-06-15,3.015380727611265
2020-06-16,2.919233295098646
2020-06-17,3.1921443152884175
2020-06-18,2.8665377538483057
2020-06-19,2.854607950913722
2020-06-22,2.8842618207776316
2020-06-23,2.893918364146648
2020-06-24,2.8717164893896254
2020-06-25,3.482388630628526
2020-06-26,2.967287010294333
2020-06-29,3.4057926332493045
2020-06-30,3.0570553872003967
2020-07-01,3.077444857993385
2020-07-02,2.8780276998639795
2020-07-06,2.873656680185277
2020-07-07,3.0912724418890454
2020-07-08,2.9643047969204184
2020-07-09,2.911869907066502
2020-07-10,2.8842145031218607
2020-07-13,2.957205594196584
2020-07-14,2.93666126612496
2020-07-15,3.0231682203634005
2020-07-16,2.9318170724028407
2020-07-17,2.865193510118634
2020-07-20,2.861900476631623
2020-07-21,2.920682122512915
2020-07-22,2.856938826514713
2020-07-23,2.8853078231529756
2020-07-24,2.9968913892794307
2020-07-27,2.89031544809035
2020-07-28,2.9056669028238065
2020-07-29,2.893659886440919
2020-07-30,2.9994177547674887
2020-07-31,2.867524746239796
2020-08-03,2.909558606557627
2020-08-04,2.902739475572739
2020-08-05,2.8665436044699324
2020-08-06,2.8931206605776913
2020-08-07,2.8931030703477187
2020-08-10,2.85465941292267
2020-08-11,2.8613388556409305
2020-08-12,2.9139458799063145
2020-08-13,3.0383573915561564
2020-08-14,2.8582572505535553
2020-08-17,2.8543018979897523
2020-08-18,2.861172984730951
2020-08-19,2.859259942416654
2020-08-20,2.8725015212826763
2020-08-21,2.8636522113404417
2020-08-24,2.8654016572501555
2020-08-25,2.9490584154012813
2020-08-26,2.866449423829515
2020-08-27,2.9519489115834214
2020-08-28,2.856927755045644
2020-08-31,2.8968634954713814
2020-09-01,2.8588107935815232
2020-09-02,2.907480259040326
2020-09-03,3.076134628001824
2020-09-04,4.01362805290705
2020-09-08,2.9167165696667694
2020-09-09,3.57817071921728
2020-09-10,3.2357656786752687
2020-09-11,3.144916609105412
2020-09-14,2.8546135906354904
2020-09-15,3.006820388635234
2020-09-16,2.879908197503222
2020-09-17,2.874325705701779
2020-09-18,2.9207716488236315
2020-09-21,2.971786534089159
2020-09-22,2.980106456150512
2020-09-23,2.9582499355405414
2020-09-24,3.383016198247685
2020-09-25,2.862792335972162
2020-09-28,3.0941141882454164
2020-09-29,3.098206186696525
2020-09-30,2.8760971699465374
2020-10-01,2.9182875386414238
2020-10-02,2.8806118722785863
2020-10-05,2.940363315389493
2020-10-06,3.157897629896712
2020-10-07,3.0381961501454082
2020-10-08,3.1389817388674066
2020-10-09,2.9145866873196953
2020-10-12,2.926896884261666
2020-10-13,3.107582783655563
2020-10-14,2.8917116277687436
2020-10-15,2.8954989542611833
2020-10-16,2.856476730791666
2020-10-19,2.854290778697243
2020-10-20,3.104829231084091
2020-10-21,2.87533379634473
2020-10-22,2.858808264328037
2020-10-23,2.8798664585861333
2020-10-26,2.8654358705805767
2020-10-27,3.1789736736260212
2020-10-28,2.862956569701226
2020-10-29,4.024296835910713
2020-10-30,2.9886853960859354
2020-11-02,2.9925453720874544
2020-11-03,2.9968806837833015
2020-11-04,3.1519884230586266
2020-11-05,3.3110605436928804
2020-11-06,3.210213433088957
2020-11-09,2.854440884809058
2020-11-10,2.982891913045684
2020-11-11,2.8561467270488845
2020-11-12,2.90928836085122
2020-11-13,2.9478443395829337
2020-11-16,3.0283498281724706
2020-11-17,2.981798981242332
2020-11-18,2.8758812137370384
2020-11-19,2.9799237008595245
2020-11-20,2.8689384030083684
2020-11-23,2.897628573418444
2020-11-24,2.8841290523985044
2020-11-25,3.0997046998693945
2020-11-27,2.8566939078102784
2020-11-30,2.859671953696344
2020-12-01,2.874117403825415
2020-12-02,2.97364392853222
2020-12-03,2.857317733405729
2020-12-04,2.8546399141948817
2020-12-07,2.927636123593445
2020-12-08,2.8578118954643013
2020-12-09,2.8615729341643057
2020-12-10,2.9136482485937383
2020-12-11,2.855839895093693
2020-12-14,2.855776984953722
2020-12-15,2.872128871017921
2020-12-16,3.0111508151869666
2020-12-17,2.857265925551719
2020-12-18,2.8854219240726295
2020-12-21,2.8658641889679237
2020-12-22,2.8686134048166134
2020-12-23,2.85831495696564
2020-12-24,2.8547967742613323
2020-12-28,2.866025145477478
2020-12-29,2.92576284484964
2020-12-30,2.858952669584761
2020-12-31,2.855965339066184
2021-01-04,2.8932279880973732
2021-01-05,3.0588368544389026
2021-01-06,2.901457290679741
2021-01-07,2.8849187231236444
2021-01-08,3.0614098041439872
2021-01-11,2.882664573068402
2021-01-12,2.894650457680032
2021-01-13,2.8544457959479446
2021-01-14,2.859138744877614
2021-01-15,2.8675116837293158
2021-01-19,2.902850251576531
2021-01-20,2.916487768327653
2021-01-21,3.036759032935704
2021-01-22,2.8544135117486817
2021-01-25,2.8627893194507723
2021-01-26,2.8665596038622008
2021-01-27,2.856358966349217
2021-01-28,3.4737998438522437
2021-01-29,2.9439457430443423
2021-02-01,3.2047039413412404
2021-02-02,3.096456854261731
2021-02-03,3.0358280105078106
2021-02-04,2.85527523410452
2021-02-05,2.9649525669365433
2021-02-08,2.8685738648188037
2021-02-09,2.9057200201100386
2021-02-10,2.8554511084877396
2021-02-11,2.8543853528655845
2021-02-12,2.8568699644215467
2021-02-16,2.875126609171662
2021-02-17,2.854582887144945
2021-02-18,2.854369649216565
2021-02-19,2.8725947020240623
2021-02-22,2.8575105587933343
2021-02-23,2.9104590340125296
2021-02-24,2.855770250027987
2021-02-25,2.975350298811155
2021-02-26,3.417323914554565
2021-03-01,2.8756166278082107
2021-03-02,3.386089372103713
2021-03-03,2.9157633598417063
2021-03-04,3.014702173685628
2021-03-05,3.0234616255096043
2021-03-08,3.211450558422132
2021-03-09,2.8813503559304645
2021-03-10,3.0425331687444874
2021-03-11,2.8884885462598526
2021-03-12,2.9558203541570243
2021-03-15,2.8552675469337037
2021-03-16,2.893873216741689
2021-03-17,2.8565982239769148
2021-03-18,2.862063547534211
2021-03-19,3.0589875177550843
2021-03-22,2.854666223085911
2021-03-23,2.9006445545690185
2021-03-24,2.9089973205835387
2021-03-25,2.8823728570520655
2021-03-26,2.880081619298995
2021-03-29,3.114169363993353
2021-03-30,2.8550467803842223
2021-03-31,2.8636428382840275
2021-04-01,2.8666056268389304
2021-04-05,2.9856640208345993
2021-04-06,3.050178554467369
2021-04-07,2.855213173951988
2021-04-08,2.856318204680072
2021-04-09,2.87101144401424
2021-04-12,2.910275341632533
2021-04-13,2.8543234374371282
2021-04-14,2.8644717762873344
2021-04-15,2.8699764935205203
2021-04-16,2.9699249926151774
2021-04-19,2.866538806095701
2021-04-20,2.880733832506648
2021-04-21,2.8977569973913697
2021-04-22,2.935655878443328
2021-04-23,2.934005860329372
2021-04-26,2.9665157667555855
2021-04-27,2.8572859599673732
2021-04-28,2.8543172776677372
2021-04-29,2.854944866109105
2021-04-30,2.8972462035125024
2021-05-03,2.902920208717982
2021-05-04,2.8613809713497282
2021-05-05,2.8961811653841187
2021-05-06,2.8547487809344734
2021-05-07,2.9169196156237485
2021-05-10,2.9053713595483197
2021-05-11,2.956611186509417
2021-05-12,2.9249909988407414
2021-05-13,3.2865776483618943
2021-05-14,2.9936173054101856
2021-05-17,3.0634109136643364
2021-05-18,2.86034044510732
2021-05-19,2.9224372563515213
2021-05-20,2.862430847854373
2021-05-21,2.9589490977920088
2021-05-24,2.8548768442357613
2021-05-25,2.946573718840643
2021-05-26,2.858540530765431
2021-05-27,2.8575835761084725
2021-05-28,2.8555500707768533
2021-06-01,2.854828916106382
2021-06-02,2.8545010461573486
2021-06-03,2.856240284208227
2021-06-04,2.8666457265650065
2021-06-07,2.9276034872676333
2021-06-08,2.8548880637767273
2021-06-09,2.854302074264695
2021-06-10,2.8573987193311425
2021-06-11,2.874609196308371
2021-06-14,2.8578455472857236
2021-06-15,2.857369985740849
2021-06-16,2.858076316443219
2021-06-17,2.8815734692056547
2021-06-18,2.8544583344000527
2021-06-21,3.016122415657379
2021-06-22,3.0385364860362327
2021-06-23,2.878994159044528
2021-06-24,2.85538193973452
2021-06-25,2.8860031960832075
2021-06-28,2.8647040420413785
2021-06-29,2.8593114520435443
2021-06-30,2.8543466661124195
2021-07-01,2.855930478849944
2021-07-02,2.8798921698689797
2021-07-06,2.9071334449444493
2021-07-07,2.8581276345375812
2021-07-08,2.8648755333123113
2021-07-09,2.923139787651293
2021-07-12,2.9738000541694736
2021-07-13,2.8654943973395395
2021-07-14,2.8658969901222906
2021-07-15,2.855551235320936
2021-07-16,2.864272814170694
2021-07-19,2.907678256870507
2021-07-20,3.0909168565537026
2021-07-21,3.070352150510118
2021-07-22,2.918152797292427
2021-07-23,2.858110537081573
2021-07-26,2.950986829749476
2021-07-27,2.8596299072100257
2021-07-28,2.875140560282279
2021-07-29,2.8543110033911696
2021-07-30,2.870896653588718
2021-08-02,2.8817370867866425
2021-08-03,2.857471177892085
2021-08-04,2.9175061983224873
2021-08-05,2.8744524501508852
2021-08-06,2.8881653375113743
2021-08-09,2.8569187376872254
2021-08-10,2.8551038823712807
2021-08-11,2.8551992581715058
2021-08-12,2.8599965689818223
2021-08-13,2.8624629906973236
2021-08-16,2.856702629157254
2021-08-17,2.860727738153328
2021-08-18,2.9011173093161973
2021-08-19,2.9628360926390913
2021-08-20,2.8557845623256752
2021-08-23,2.916554451024938
2021-08-24,2.9225558427947425
2021-08-25,2.8563923504623427
2021-08-26,2.8589048954437084
2021-08-27,2.8861546851606557
2021-08-30,2.92716947897762
2021-08-31,2.8717179892432596
2021-09-01,2.8559877781780596
2021-09-02,2.854364873937503
2021-09-03,2.8618652318732627
2021-09-07,2.8543804984150354
2021-09-08,2.865106088347372
2021-09-09,2.8559094778903935
2021-09-10,2.874203857767644
2021-09-13,2.910315046572283
2021-09-14,2.8591567468284715
2021-09-15,2.8853030705332947
2021-09-16,2.921750790625509
2021-09-17,2.8565507559778376
2021-09-20,2.9322687310642945
2021-09-21,3.125110493856874
2021-09-22,2.85496164195355
2021-09-23,2.9394216663694652
2021-09-24,2.9926525058670923
2021-09-27,2.856313717819614
2021-09-28,2.861516197503704
2021-09-29,3.243923535843271
2021-09-30,2.856685184837793
2021-10-01,2.9875479082344194
2021-10-04,2.9783845338020467
2021-10-05,3.0127517956088044
2021-10-06,2.9583869631813435
2021-10-07,2.8701163342958993
2021-10-08,2.918979342565519
2021-10-11,2.8577306619544998
2021-10-12,2.898565711304405
2021-10-13,2.8597723033191165
2021-10-14,2.8628584182019
2021-10-15,3.1278389696355706
2021-10-18,2.906634241885512
2021-10-19,2.864987722326512
2021-10-20,2.905635869839648
2021-10-21,2.8669002213524144
2021-10-22,2.862709626459018
2021-10-25,2.855356186924267
2021-10-26,2.8754568189766276
2021-10-27,2.8573900515193587
2021-10-28,2.8782511673968654
2021-10-29,2.945059259863085
2021-11-01,2.857866483401839
2021-11-02,2.857318553574698
2021-11-03,2.867000836602735
2021-11-04,2.8935029925027926
2021-11-05,2.8707149293957523
2021-11-08,2.8673698461379074
2021-11-09,2.8550168415606882
2021-11-10,2.8657750565087845
2021-11-11,2.917853009838957
2021-11-12,2.854574378004493
2021-11-15,2.9032887443423956
2021-11-16,2.8542856151707974
2021-11-17,2.8683105611569415
2021-11-18,2.860636310704697
2021-11-19,2.8650392916598033
2021-11-22,2.8561138968931425
2021-11-23,2.863877827397023
2021-11-24,2.8568555950940926
2021-11-26,2.8592179145182306
2021-11-29,3.33950065496256
2021-11-30,3.0181168232935414
2021-12-01,3.1921292510093346
2021-12-02,2.9855253312527603
2021-12-03,3.043618044206356
2021-12-06,2.9213880975486126
2021-12-07,2.9835925673164487
2021-12-08,3.2571889244372985
2021-12-09,2.86331905038912
2021-12-10,2.90272917880481
2021-12-13,2.9399631011018403
2021-12-14,2.9327233176764356
2021-12-15,2.9067317614061863
2021-12-16,3.1054131761849173
2021-12-17,2.926165737132909
2021-12-20,2.9537358159391647
2021-12-21,2.976152174111428
2021-12-22,3.1512688036511456
2021-12-23,2.9517244435998506
2021-12-27,2.890692603973325
2021-12-28,3.034231023412178
2021-12-29,2.85527745323373
2021-12-30,2.8561199923665503
2021-12-31,2.8626722175420674
2022-01-03,2.860755679550494
2022-01-04,2.892449549657614
2022-01-05,2.854655241815094
2022-01-06,3.207636619165075
2022-01-07,2.8552350957826427
2022-01-10,2.8696867307059772
2022-01-11,2.8562283013465914
2022-01-12,2.9331116679603286
2022-01-13,2.8617529037060736
2022-01-14,3.044899416026366
2022-01-18,2.854952962651228
2022-01-19,3.171965174045086
2022-01-20,2.9425692822710436
2022-01-21,2.96876173026172
2022-01-24,3.1904621596339338
2022-01-25,2.861576677656281
2022-01-26,2.993482991640093
2022-01-27,2.8564129221594
2022-01-28,2.8815101567562666
2022-01-31,3.4112775188319864
2022-02-01,3.189551316491542
2022-02-02,2.898613040529523
2022-02-03,2.937706008754217
2022-02-04,3.4132849610823865
2022-02-07,2.8794023831851403
2022-02-08,2.8671549874692035
2022-02-09,2.920593738723491
2022-02-10,3.0523086926813128
2022-02-11,3.1626792797833705
2022-02-14,3.1924566719950374
2022-02-15,2.8682175086808983
2022-02-16,3.0878514683886222
2022-02-17,2.8550618150881815
2022-02-18,3.2754966980690514
2022-02-22,2.9026326768531514
2022-02-23,2.950949020944127
2022-02-24,3.172828996817134
2022-02-25,3.0645475018769566
2022-02-28,3.3246324493043393
2022-03-01,2.859998009077022
2022-03-02,3.0792406800792858
2022-03-03,3.1808849548715528
2022-03-04,2.8802998581000008
2022-03-07,2.9134260816920894
2022-03-08,3.6729766557484553
2022-03-09,2.903647758286059
2022-03-10,3.474799701298687
2022-03-11,2.8717373359757095
2022-03-14,3.012131761583416
2022-03-15,2.90605723876773
2022-03-16,3.2849261278658846
2022-03-17,3.3251546750432803
2022-03-18,2.9976510263880964
2022-03-21,2.982102279697209
2022-03-22,2.854482962730457
2022-03-23,2.9743392946970753
2022-03-24,2.995826788972131
2022-03-25,3.047629641019704
2022-03-28,2.8784380082253045
2022-03-29,2.9022461791477694
2022-03-30,2.995434030938314
2022-03-31,2.8915271518655494
2022-04-01,3.0844857071174587
2022-04-04,2.8652588995569825
2022-04-05,2.915784146075522
2022-04-06,3.002318185675668
2022-04-07,2.943025081082839
2022-04-08,2.871293987267192
2022-04-11,2.860880663516616
2022-04-12,3.121912581904097
2022-04-13,2.8653148938722017
2022-04-14,2.9716063039423193
2022-04-18,2.9928747534533167
2022-04-19,2.8543476020947978
2022-04-20,3.096545181539578
2022-04-21,2.8546938361420646
2022-04-22,3.058776008434375
2022-04-25,3.577351049602889
2022-04-26,2.8849605358935593
2022-04-27,3.598645154458609
2022-04-28,2.858597456193735
2022-04-29,3.429692056753674
2022-05-02,4.091463578628041
2022-05-03,2.8848495957751346
2022-05-04,2.8762651480654693
2022-05-05,3.6921792519504897
2022-05-06,4.0486245975164215
2022-05-09,2.8848264492883597
2022-05-10,3.8186635067020847
2022-05-11,2.860193225407844
2022-05-12,3.108939707840282
2022-05-13,2.8559156697019805
2022-05-16,3.3896232078975554
2022-05-17,2.8690420546179842
2022-05-18,3.236517676269491
2022-05-19,4.387581139924505
2022-05-20,2.886638419803717
2022-05-23,2.854301361002965
2022-05-24,3.177767811234773
2022-05-25,2.9163188260356177
2022-05-26,2.9382108273750287
2022-05-27,3.225757615101051
2022-05-31,3.429568049923625
2022-06-01,2.8914074386368407
2022-06-02,2.906892572822652
2022-06-03,3.1734714344796955
2022-06-06,3.105448525311468
2022-06-07,2.863585152152235
2022-06-08,2.9394923286652235
2022-06-09,2.9637657744284405
2022-06-10,3.386468779390078
2022-06-13,3.6506326901016277
2022-06-14,4.266677785271778
2022-06-15,2.868010884774641
2022-06-16,3.0543556256422204
2022-06-17,3.847504548018991
2022-06-21,2.8590753863321687
2022-06-22,3.4172213442895836
2022-06-23,2.8560071119984696
2022-06-24,2.9396479763931413
2022-06-27,3.731986991133341
2022-06-28,2.862800442437497
2022-06-29,3.2355089785133186
2022-06-30,2.854845494948096
2022-07-01,2.926363031669114
2022-07-05,2.9589455402433322
2022-07-06,2.8566576103890275
2022-07-07,2.866269712203998
2022-07-08,3.064688393529072
2022-07-11,2.8549739329060717
2022-07-12,2.9791295544255654
2022-07-13,2.9345931879768252
2022-07-14,2.87295753489052
2022-07-15,2.862726304263045
2022-07-18,3.2006934152636943
2022-07-19,2.920085697165816
2022-07-20,3.571508154914869
2022-07-21,2.8871154826942056
2022-07-22,2.94565395819954
2022-07-25,2.9361301431225866
2022-07-26,2.855918872226329
2022-07-27,2.9794705466995137
2022-07-28,3.497130597630839
2022-07-29,2.9927622924464163
2022-08-01,3.0439750778486974
2022-08-02,2.8618092879525574
2022-08-03,2.895981613790793
2022-08-04,3.0840737150470194
2022-08-05,2.8548989812247187
2022-08-08,2.8567566783922422
2022-08-09,2.8557128333922366
2022-08-10,2.8712348315090677
2022-08-11,3.280188783541234
2022-08-12,2.854848362103674
2022-08-15,3.136214118108924
2022-08-16,2.869149480043234
2022-08-17,2.857582498341949
2022-08-18,2.9034949361261373
2022-08-19,2.859125147820841
2022-08-22,3.0106314430514907
2022-08-23,3.2846159399950525
2022-08-24,2.8590871937614826
2022-08-25,2.862264613968552
2022-08-26,3.040853619765448
2022-08-29,3.9206531431173093
2022-08-30,2.896299338561931
2022-08-31,2.9685568462773437
2022-09-01,2.9117172910734697
2022-09-02,2.8627226524601936
2022-09-06,2.962584559063191
2022-09-07,2.870056945375513
2022-09-08,3.1703496049385014
2022-09-09,2.89541558370173
2022-09-12,3.073412631684412
2022-09-13,2.9595884649204414
2022-09-14,4.610784465302108
2022-09-15,2.865496022577947
2022-09-16,2.9746306737619963
2022-09-19,2.9027708074181677
2022-09-20,2.898465731677955
2022-09-21,2.9736700978251265
2022-09-22,3.1295813904709195
2022-09-23,2.921077080756006
2022-09-26,3.133315890685432
2022-09-27,2.9548118741559475
2022-09-28,2.8585228970268584
2022-09-29,3.217892106415863
2022-09-30,3.2737316705654393
2022-10-03,3.0676740330868926
2022-10-04,3.4838377116123977
2022-10-05,3.7332971609739474
2022-10-06,2.858321605615125
2022-10-07,2.9528958705604773
2022-10-10,3.5911317021400015
2022-10-11,2.907205554072452
2022-10-12,2.894219744453806
2022-10-13,2.8644581973417576
2022-10-14,3.4877679363486367
2022-10-17,3.3805363741083503
2022-10-18,3.5132474771904487
2022-10-19,2.9771410292135685
2022-10-20,2.89613191971974
2022-10-21,2.913682699729015
2022-10-24,3.383157243991854
2022-10-25,2.987060031328345
2022-10-26,3.1029279626105244
2022-10-27,2.905617653548669
2022-10-28,2.8890493401781665
2022-10-31,3.4241089486469134
2022-11-01,2.9066286158915293
2022-11-02,2.8700907097828234
2022-11-03,3.4416172037470734
2022-11-04,2.9597157323325956
2022-11-07,3.028565600728211
2022-11-08,2.941162950830761
2022-11-09,2.883738542855117
2022-11-10,3.2599239620759426
2022-11-11,5.741742024901097
2022-11-14,2.93523754437554
2022-11-15,2.9293189912771007
2022-11-16,2.925624942046995
2022-11-17,2.918274498372924
2022-11-18,2.863256769045954
2022-11-21,2.875551672539285
2022-11-22,2.868450217752473
2022-11-23,3.0275527725498113
2022-11-25,2.8871875854842126
2022-11-28,2.854356726427709
2022-11-29,3.0783876905766756
2022-11-30,2.856710707500907
2022-12-01,3.754189851881694
2022-12-02,2.855207939273359
2022-12-05,2.855614294551786
2022-12-06,3.1551364983468106
2022-12-07,3.04916190623321
2022-12-08,2.85758123571542
2022-12-09,2.9074334581456958
2022-12-12,2.9050397182779455
2022-12-13,3.0458671630492717
2022-12-14,2.904251583209398
2022-12-15,2.8887088367959044
2022-12-16,3.437855816428639
2022-12-19,2.970977884363661
2022-12-20,2.9305363700211684
2022-12-21,2.8553033661571456
2022-12-22,3.0619796005227364
2022-12-23,3.0505618330703665
2022-12-27,2.8866769382191615
2022-12-28,2.869690052696824
2022-12-29,2.9900447452508527
2022-12-30,3.14078855806872
2023-01-03,2.860410972317853
2023-01-04,2.8693121502248515
2023-01-05,2.907679686519832
2023-01-06,2.9817140524835093
2023-01-09,3.3444950260693536
2023-01-10,2.854950727011617
2023-01-11,2.900028000184764
2023-01-12,3.0094188883642854
2023-01-13,2.8652762577574142
2023-01-17,2.869285545173185
2023-01-18,2.858150662682043
2023-01-19,3.081840520962718
2023-01-20,2.9091508912143045
2023-01-23,3.1905745616591634
2023-01-24,2.9869980421758155
2023-01-25,2.8547822951206077
2023-01-26,2.8543042753362218
2023-01-27,2.968127071740232
2023-01-30,2.8601500290928685
2023-01-31,3.012303698153307
2023-02-01,3.0557641536207854
2023-02-02,2.9569764140414296
2023-02-03,3.057320792621772
2023-02-06,2.9550672166220537
2023-02-07,2.889726680073819
2023-02-08,3.0099753598122523
2023-02-09,2.969677938840005
2023-02-10,2.9275588745481818
2023-02-13,2.8588197698360505
2023-02-14,2.9774275698491475
2023-02-15,2.854378115079406
2023-02-16,2.8614988522520965
2023-02-17,3.032918976183827
2023-02-21,2.861514448722392
2023-02-22,3.23166548013302
2023-02-23,2.856695019865472
2023-02-24,2.88096090874266
2023-02-27,2.958612668792941
2023-02-28,2.8631725253647247
2023-03-01,2.8629358024398104
2023-03-02,2.8752547458226974
2023-03-03,2.9082948506186317
2023-03-06,3.0992879617199853
2023-03-07,2.854778728659799
2023-03-08,3.0749997568225025
2023-03-09,2.8562097314815436
2023-03-10,3.174440133586515
2023-03-13,3.0513094291253333
2023-03-14,2.8564645732587186
2023-03-15,3.109355649028339
2023-03-16,2.9001264259580397
2023-03-17,3.1440784831423354
2023-03-20,2.968439583813036
2023-03-21,2.9290348937334234
2023-03-22,3.0126490756996653
2023-03-23,3.108978538617229
2023-03-24,2.862706897224976
2023-03-27,2.8841613867993634
2023-03-28,2.8568292621145597
2023-03-29,2.8566011231406603
2023-03-30,3.0447297805990847
2023-03-31,2.8850125295766222
2023-04-03,3.0501061633914324
2023-04-04,2.8671781996694055
2023-04-05,2.885852332723039
2023-04-06,2.8601175532129592
2023-04-10,2.86631100114933
2023-04-11,2.855208893806773
2023-04-12,2.8542749604677016
2023-04-13,2.8703376901256084
2023-04-14,3.0195498540297003
2023-04-17,2.8583384753640058
2023-04-18,2.8645450516558952
2023-04-19,2.854962822776212
2023-04-20,2.8542799575424596
2023-04-21,2.887565783824574
2023-04-24,2.8550480181058093
2023-04-25,2.8549546883043155
2023-04-26,3.0891559244516
2023-04-27,2.8681961932381204
2023-04-28,3.2139858990136236
2023-05-01,2.9183655503918526
2023-05-02,2.854429417231697
2023-05-03,2.980405984244661
2023-05-04,2.90032276341088
2023-05-05,2.9032472002350542
2023-05-08,3.1749854645052666
2023-05-09,2.854546248698499
2023-05-10,2.8739771812527204
2023-05-11,2.873169161114916
2023-05-12,2.8569825418357557
2023-05-15,2.856629213657068
2023-05-16,2.862496280856972
2023-05-17,2.8924935309357127
2023-05-18,2.9871335937146237
2023-05-19,2.938128163644732
2023-05-22,2.856258690546554
2023-05-23,2.8542962084020638
2023-05-24,2.9726013152567115
2023-05-25,2.9046302132654382
2023-05-26,2.926350331471001
2023-05-30,3.014282382372416
2023-05-31,2.854313830373051
2023-06-01,2.889334655493315
2023-06-02,2.945526838445839
2023-06-05,3.05278515278052
2023-06-06,2.8580951010352953
2023-06-07,2.8594801718074994
2023-06-08,2.8679279924563605
2023-06-09,2.8902620833369648
2023-06-12,2.855520800030807
2023-06-13,2.9359080061100995
2023-06-14,2.899451519198072
2023-06-15,2.854915411035758
2023-06-16,2.993622248564321
2023-06-20,2.8669748681950815
2023-06-21,2.8753435174417836
2023-06-22,2.880129536681489
2023-06-23,2.8672176274715775
2023-06-26,2.909390526049872
2023-06-27,2.8732022796713443
2023-06-28,2.977585890847837
2023-06-29,2.8544220454164133
2023-06-30,2.8730768015933554
2023-07-03,2.9957144144019563
2023-07-05,2.8555966011429557
2023-07-06,2.8579136968362557
2023-07-07,2.913249075617164
2023-07-10,2.8620014273768657
2023-07-11,2.8597102671897856
2023-07-12,2.8969862308768866
2023-07-13,2.905891398708926
2023-07-14,2.921696632124689
2023-07-17,2.855276135477618
2023-07-18,2.8682393399498425
2023-07-19,2.901872724027678
2023-07-20,2.859508843329445
2023-07-21,2.897172123136461
2023-07-24,2.8543826911400516
2023-07-25,2.869564043048066
2023-07-26,2.8617210437971092
2023-07-27,2.8542977030469365
2023-07-28,2.8930566932936825
2023-07-31,2.945961888191014
2023-08-01,2.8563231319925317
2023-08-02,2.8609473300324813
2023-08-03,3.0342396113651673
2023-08-04,2.8604186463026884
2023-08-07,2.880667937863348
2023-08-08,2.930794643693775
2023-08-09,2.871011481881909
2023-08-10,2.900828756964897
2023-08-11,2.8543439345081367
2023-08-14,2.855348137815898
2023-08-15,2.88534298956423
2023-08-16,2.9796437367451447
2023-08-17,2.907941502219035
2023-08-18,2.9101817467930813
2023-08-21,2.854308035027524
2023-08-22,2.8987377640518885
2023-08-23,2.8615324631543544
2023-08-24,2.968896089294519
2023-08-25,3.0244809842406783
2023-08-28,2.89672148947145
2023-08-29,2.891158539992076
2023-08-30,3.052060415942478
2023-08-31,2.8681285255222266
2023-09-01,2.856672813257736
2023-09-05,2.8573151778296295
2023-09-06,2.870802572549841
2023-09-07,2.899944475947748
2023-09-08,2.863974222625866
2023-09-11,2.8561878285962026
2023-09-12,2.8967487364840117
2023-09-13,2.88476719617769
2023-09-14,2.855729336742297
2023-09-15,2.921044076221823
2023-09-18,2.9932139843562333
2023-09-19,2.8547970866951045
2023-09-20,2.858620995582181
2023-09-21,2.937205173732113
2023-09-22,3.107035788036998
2023-09-25,2.8592885460789197
2023-09-26,2.869482031342528
2023-09-27,3.0582687699259625
2023-09-28,2.854374101584253
2023-09-29,2.8869037904397143
2023-10-02,2.861179276667123
2023-10-03,2.854280768895465
2023-10-04,3.0317630682180106
2023-10-05,2.916114294120679
2023-10-06,2.855886498273411
2023-10-09,2.985433284989956
2023-10-10,2.8916441335590215
2023-10-11,2.879767262179236
2023-10-12,2.8715963494256616
2023-10-13,2.8909377861042764
2023-10-16,2.877949694872416
2023-10-17,2.9597397371100302
2023-10-18,2.854308862570567
2023-10-19,3.022982263288363
2023-10-20,2.921927670665205
2023-10-23,3.0031134061345592
2023-10-24,2.8569801933723693
2023-10-25,2.9038763651845745
2023-10-26,3.0474894595204995
2023-10-27,2.985873480071447
2023-10-30,2.875957549720036
2023-10-31,2.989808415992035
2023-11-01,2.8937001474262503
2023-11-02,2.9579918839498376
2023-11-03,3.188463441066403
2023-11-06,2.9372695187355684
2023-11-07,2.857181363662467
2023-11-08,2.8618530260536104
2023-11-09,2.855223932184068
2023-11-10,2.915675709488912
2023-11-13,3.083430513419388
2023-11-14,2.8549873278908935
2023-11-15,3.1961487213752395
2023-11-16,2.8567561545538673
2023-11-17,2.855605089284212
2023-11-20,2.8558179373516337
2023-11-21,2.905591205910005
2023-11-22,2.858123609563139
2023-11-24,2.869770366355594
2023-11-27,2.8546118405359184
2023-11-28,2.8578615406171126
2023-11-29,2.855176646948426
2023-11-30,2.855114624571841
2023-12-01,2.8677280539093735
2023-12-04,2.8866932500997957
2023-12-05,2.8817661864658737
2023-12-06,2.8545842238512926
2023-12-07,2.868609442098847
2023-12-08,2.913933723154389
2023-12-11,2.8700477121760053
2023-12-12,2.8687487498235744
2023-12-13,2.8741526391682
2023-12-14,3.0293656847479777
2023-12-15,2.8609011305153373
2023-12-18,2.8542802583527616
2023-12-19,2.8735402095672304
2023-12-20,2.8866138707911158
2023-12-21,3.0568845263751774
2023-12-22,2.9540351054101825
2023-12-26,2.856887753684367
2023-12-27,2.87109914406037
2023-12-28,2.856199939824218
2023-12-29,2.8544023523677238
2024-01-02,2.861779538235962
2024-01-03,2.884381756910906
2024-01-04,2.914660457425657
2024-01-05,2.8653323885168565
2024-01-08,2.857407671183018
2024-01-09,3.0414643246413413
2024-01-10,2.856372680404314
2024-01-11,2.8844373450216043
2024-01-12,2.8547038678743144
2024-01-16,2.8548031704832475
2024-01-17,2.867355035050887
2024-01-18,2.883920256656742
2024-01-19,2.9271301686461997
2024-01-22,2.9967550127554694
2024-01-23,2.8588332623057338
2024-01-24,2.8622932881394343
2024-01-25,2.854894644313401
2024-01-26,2.8802725900022277
2024-01-29,2.8546788674439845
2024-01-30,2.9079289326815476
2024-01-31,2.854625678648356
2024-02-01,3.0979983215530273
2024-02-02,3.0009984919608645
2024-02-05,2.9615725750041006
2024-02-06,2.8638399789877225
2024-02-07,2.859291175240664
2024-02-08,2.9180931624882605
2024-02-09,2.854595130473231
2024-02-12,2.8852565907860406
2024-02-13,2.8551270621922598
2024-02-14,3.029964692248848
2024-02-15,2.9405454768695383
2024-02-16,2.886135345359856
2024-02-20,2.875960536866763
2024-02-21,2.8881640231694474
2024-02-22,2.855783332130201
2024-02-23,3.2734998929027292
2024-02-26,2.8544928590355645
2024-02-27,2.8677464941452238
2024-02-28,2.857012035652503
2024-02-29,2.856856960692592
2024-03-01,2.8799651061185685
2024-03-04,2.9145314613118973
2024-03-05,2.855626271111582
2024-03-06,2.9518959447695226
2024-03-07,2.879132515035214
2024-03-08,2.9540408813243326
2024-03-11,2.8943456534215226
2024-03-12,2.855466593846891
2024-03-13,2.972173893289727
2024-03-14,2.857783047866106
2024-03-15,2.862019184119046
2024-03-18,2.8937643783720075
2024-03-19,2.89178967036627
2024-03-20,2.8842682092931637
2024-03-21,2.9287749335181577
2024-03-22,2.864134778626582
2024-03-25,2.8561231775777105
2024-03-26,2.8630424138985604
2024-03-27,2.861640840843773
2024-03-28,2.924262996162549
2024-04-01,2.8554621119403096
2024-04-02,2.8580829813184563
2024-04-03,2.9035128486133703
2024-04-04,2.855404131961973
2024-04-05,2.997218732222132
2024-04-08,2.9700607827513323
2024-04-09,2.854434300390452
2024-04-10,2.8562363897678673
2024-04-11,2.938306006212016
2024-04-12,2.9063718037093635
2024-04-15,3.053220858018466
2024-04-16,2.990106051997329
2024-04-17,2.85828147830734
2024-04-18,2.885670721731811
2024-04-19,2.858862635205243
2024-04-22,2.92635242262655
2024-04-23,2.9259209116790226
2024-04-24,2.9887970144429303
2024-04-25,2.8543497531802373
2024-04-26,2.8739518715799925
2024-04-29,2.9522090316057796
2024-04-30,2.863790243861164
2024-05-01,3.086778251840027
2024-05-02,2.8654215092013207
2024-05-03,2.9325708966973054
2024-05-06,3.002441666598266
2024-05-07,2.954498072225481
2024-05-08,2.8559942640786007
2024-05-09,2.8542735822352867
2024-05-10,2.878625089906087
2024-05-13,2.856835406220246
2024-05-14,2.8543284520129233
2024-05-15,2.876263446683528
2024-05-16,2.9832518313287157
2024-05-17,2.8583774666050727
2024-05-20,2.8555489356899058
2024-05-21,2.8550625292707514
2024-05-22,2.8601543683899906
2024-05-23,2.8611550011507743
2024-05-24,2.9054606426764957
2024-05-28,2.9003391421874025
2024-05-29,2.8543429411494854
2024-05-30,2.905268692275223
2024-05-31,2.887830186291058
2024-06-03,2.914836295296404
2024-06-04,2.8554587742109376
2024-06-05,2.8563954676918573
2024-06-06,2.986162252059049
2024-06-07,2.8543439879297483
2024-06-10,2.8554418327118256
2024-06-11,2.860532072939825
2024-06-12,2.8611773455559724
2024-06-13,2.922219602682083
2024-06-14,2.8594552848415495
2024-06-17,2.8544201635407846
2024-06-18,2.909468099410716
2024-06-20,2.860260349760279
2024-06-21,2.8602696936943928
2024-06-24,2.8565675913801885
2024-06-25,2.8631014806752844
2024-06-26,2.8688142937655665
2024-06-27,2.8565999324852895
2024-06-28,2.855047143948241
2024-07-01,2.8699420611070483
2024-07-02,2.86100344859523
2024-07-03,2.8903385949227105
2024-07-05,2.8785718780054723
2024-07-08,2.882175166275309
2024-07-09,2.855251356939699
2024-07-10,2.854789407840535
2024-07-11,2.9521830653349177
2024-07-12,2.9264498905977594
2024-07-15,2.8828903500612664
2024-07-16,2.861785204808634
2024-07-17,2.8926333177414656
2024-07-18,3.0365418973039335
2024-07-19,2.9117245719812272
2024-07-22,2.902191906115071
2024-07-23,2.9637177791442686
2024-07-24,2.8565818738564883
2024-07-25,3.35778324080763
2024-07-26,2.8792501230925707
2024-07-29,2.969849025230458
2024-07-30,2.854923871611554
2024-07-31,2.877390328603929
2024-08-01,3.088644969315652
2024-08-02,3.030519998776993
2024-08-05,3.1718003390419387
2024-08-06,3.698233659101487
2024-08-07,2.9552191571687185
2024-08-08,2.910510466250268
2024-08-09,3.3531775949136624
2024-08-12,2.874905406476118
2024-08-13,2.854280072386836
2024-08-14,3.1209692648029677
2024-08-15,2.8680785947859815
2024-08-16,3.09883532435897
2024-08-19,2.8580551691055263
2024-08-20,2.9430875190558132
2024-08-21,2.8579962171307125
2024-08-22,2.871163226485158
2024-08-23,2.929252736654129
2024-08-26,2.9781958563473068
2024-08-27,2.8636496590887877
2024-08-28,2.856666455417752
2024-08-29,2.887829621075293
2024-08-30,2.854283053799304
2024-09-03,2.9499898700672715
2024-09-04,3.274645226298132
2024-09-05,2.8567922296425756
2024-09-06,2.862832355503936
2024-09-09,3.134195384968719
2024-09-10,2.9803425852550136
2024-09-11,2.8731011272516764
2024-09-12,2.961150854094678
2024-09-13,2.9070866283257124
2024-09-16,2.8817629892828913
2024-09-17,2.8557638759530044
2024-09-18,2.854339231280412
2024-09-19,2.8621555468090856
2024-09-20,3.125077829706749
2024-09-23,2.857881387445635
2024-09-24,2.8616893304635864
2024-09-25,2.8601998228209706
2024-09-26,2.8575293639345998
2024-09-27,2.869599160847573
2024-09-30,2.8557525986171757
2024-10-01,2.871137666697251
2024-10-02,2.9359651181076196
2024-10-03,2.8543117629055845
2024-10-04,2.8569294569877535
2024-10-07,2.929879231917973
2024-10-08,2.9406339580393164
2024-10-09,2.942507835938483
2024-10-10,2.901839306199524
2024-10-11,2.8583115452948293
2024-10-14,2.888686814975435
2024-10-15,2.9101007890868273
2024-10-16,2.9086928800516154
2024-10-17,2.874858133006001
2024-10-18,2.854305846454198
2024-10-21,2.8690939948051994
2024-10-22,2.8573987003465473
2024-10-23,2.8544858050223016
2024-10-24,2.9336500019375786
2024-10-25,2.858619450825528
2024-10-28,2.8543584915556792
2024-10-29,2.8608787382163197
2024-10-30,2.856722871444516
2024-10-31,2.8645074067690395
2024-11-01,3.179854685391265
2024-11-04,2.8700929408395566
2024-11-05,2.861707406167614
2024-11-06,2.995634486818122
2024-11-07,3.4555402103948754
2024-11-08,2.9063125754360337
2024-11-11,2.8675476363359858
2024-11-12,2.855158815336938
2024-11-13,2.862135530500755
2024-11-14,2.854325801376671
2024-11-15,2.888661820252835
2024-11-18,3.0180847434590534
2024-11-19,2.868736674044962
2024-11-20,2.8690380337962
2024-11-21,2.854277302161365
2024-11-22,2.8810707805159503
2024-11-25,2.8655803193905416
2024-11-26,2.8628479490241125
2024-11-27,2.8850394093648704
2024-11-29,2.867857946953497
2024-12-02,2.883824949002343
2024-12-03,2.8599134043807313
2024-12-04,2.8544660403867517
2024-12-05,2.8886802582559636
2024-12-06,2.8575664922923765
2024-12-09,2.8601249761643626
2024-12-10,2.8897458479910356
2024-12-11,2.8625361343306412
2024-12-12,2.9169282028232355
2024-12-13,2.8818302103276436
2024-12-16,2.8542807396820886
2024-12-17,2.867836024238192
2024-12-18,2.86830491493157
2024-12-19,3.6715678914309
2024-12-20,2.8551829401086635
2024-12-23,2.9652753622652654
2024-12-24,2.904198554902716
2024-12-26,2.9688619365891546
2024-12-27,2.854456681310721
2024-12-30,2.969119555006576
2024-12-31,2.961917175014008
2025-01-02,2.8715508124749842
2025-01-03,2.858924371222291
2025-01-06,3.003349131989154
2025-01-07,2.8831288049542616
2025-01-08,2.9701295609084064
2025-01-10,2.8565899619028525
2025-01-13,3.0774460340180707
2025-01-14,2.856661554840989
2025-01-15,2.8555083329068025
2025-01-16,3.169375469201748
2025-01-17,2.858546427981645
2025-01-21,2.948065052322295
2025-01-22,2.9265346046224843
2025-01-23,2.889690330513412
2025-01-24,2.8808101235711403
2025-01-27,2.8619394607669353
2025-01-28,3.054029008330369
2025-01-29,2.934159238853932
2025-01-30,2.8748628557281295
2025-01-31,2.8804275541226096
2025-02-03,2.878211496445166
2025-02-04,2.908673293983724
2025-02-05,2.903332728984086
2025-02-06,2.868640317850197
2025-02-07,2.866755643140729
2025-02-10,2.9384484092068677
2025-02-11,2.8966316130145326
2025-02-12,2.8543921699141985
2025-02-13,2.861244626784143
2025-02-14,2.956417556265221
2025-02-18,2.854303804930255
2025-02-19,2.859889860239125
2025-02-20,2.859583376776311
2025-02-21,2.871925110866001
2025-02-24,3.127873144206421
2025-02-25,2.8775430402938884
2025-02-26,2.87485608232207
2025-02-27,2.85429570205188
2025-02-28,3.0907537790856425
2025-03-03,3.090503604332944
2025-03-04,3.1452760625532323
2025-03-05,2.9949948085881526
2025-03-06,2.9713164060689143
2025-03-07,3.152641809789535
2025-03-10,2.8829845671419156
2025-03-11,3.537881495598034
2025-03-12,2.9082585598625355
2025-03-13,2.876725801312086
2025-03-14,3.0355840751667897
2025-03-17,3.2792406530753
2025-03-18,2.8930603593390263
2025-03-19,2.960924912460972
2025-03-20,2.963864682202538
2025-03-21,2.8587863071459996
2025-03-24,2.854913254808976
2025-03-25,3.1468479020130187
2025-03-26,2.8566758635009415
2025-03-27,2.971233299945009
2025-03-28,2.8645780961806535
2025-03-31,3.2203027469148084
2025-04-01,2.8831877397682684
2025-04-02,2.86771490119828
2025-04-03,2.896809921744263
2025-04-04,5.05494830759478
2025-04-07,6.209209794677861
2025-04-08,2.860228693764512
2025-04-09,3.085891707468371
2025-04-10,11.361700159395165
2025-04-11,3.9817647508649565
2025-04-14,3.1621106426798984
2025-04-15,2.9136559332376484
2025-04-16,2.8570928428972135
2025-04-17,3.32608136514373
2025-04-21,2.856046562375758
2025-04-22,3.376151410149078
2025-04-23,3.447176920426326
2025-04-24,3.1152487284601826
2025-04-25,3.2399787385051964
2025-04-28,2.9054502341485304
2025-04-29,2.854671755741555
2025-04-30,2.8859074174138906
2025-05-01,2.8563391947325836
2025-05-02,2.8915554859222494
2025-05-05,3.05805608283171
2025-05-06,2.8925894803293475
2025-05-07,2.909894484038257
2025-05-08,2.8720374881888735
2025-05-09,2.88588292547288
2025-05-12,2.854756787386051
2025-05-13,3.850319273345335
2025-05-14,2.9038883684827743
2025-05-15,2.8552716099102637
2025-05-16,2.870317972420363
2025-05-19,2.900387505541385
2025-05-20,2.855005926304233
2025-05-21,2.868419890447772
2025-05-22,3.0988934116836275
2025-05-23,2.854520903932827
2025-05-27,2.8965563921661137
2025-05-28,3.2475726542932106
2025-05-29,2.8835358977845416
2025-05-30,2.8693981926078727
2025-06-02,2.8542831330875114
2025-06-03,2.870083495572107
2025-06-04,2.8858880299841823
2025-06-05,2.8542862119400176
2025-06-06,2.880441229059108
2025-06-09,2.9535879360943618
2025-06-10,2.8550934052296215
2025-06-11,2.882520315583331
2025-06-12,2.861354571400679
2025-06-13,2.868003832380122
2025-06-16,2.9741785552910907
2025-06-17,2.937197740501258
2025-06-18,2.9198403965900632
2025-06-20,2.8543795365380444
2025-06-23,2.8587328067898503
2025-06-24,2.9409847243747147
2025-06-25,2.9705155227865525
2025-06-26,2.8543025148079497
2025-06-27,2.914710607375307
2025-06-30,2.8798811543089298
2025-07-01,2.8793393136371903
2025-07-02,2.855454849612872
2025-07-03,2.8754291221689425
2025-07-07,2.9196159452756008
2025-07-08,2.912371283669057
2025-07-09,2.854769351110897
2025-07-10,2.888803082328014
2025-07-11,2.86136779545251
2025-07-14,2.864491814130324
2025-07-15,2.85613684285456
2025-07-16,2.8689801042988647
2025-07-17,2.863859800252615
2025-07-18,2.881409199501463
2025-07-21,2.8542876742947336
2025-07-22,2.8561124315474036
2025-07-23,2.8546554733617993
2025-07-24,2.9116126305619243
2025-07-25,2.854745693921182
2025-07-28,2.869114403480941
2025-07-29,2.8543062635011265
2025-07-30,2.862502268015171
2025-07-31,2.85574200013881
2025-08-01,2.867100842128798
2025-08-04,3.0945752062272964
2025-08-05,3.0583969521882315
2025-08-06,2.876498165015527
2025-08-07,2.9041017628041454
2025-08-08,2.8548832599877962
2025-08-11,2.9114337846453804
2025-08-12,2.860179463268531
2025-08-13,2.9752200803614968
2025-08-14,2.864106609250268
2025-08-15,2.854361920518484
2025-08-18,2.8621593545461272
2025-08-19,2.854284652313777
2025-08-20,2.8865180164296267
2025-08-21,2.859836888897756
2025-08-22,2.869339697243483
2025-08-25,3.070973564169356
2025-08-26,2.8714300967511597
2025-08-27,2.8703349611783993
2025-08-28,2.859648702641655
2025-08-29,2.8636374885579174
2025-09-02,2.8927393983893888
2025-09-03,2.899307004175988
2025-09-04,2.8787245581528285
2025-09-05,2.9197345287763112
2025-09-08,2.8637026685565714
2025-09-09,2.858442814477328
2025-09-10,2.8610638945321147
2025-09-11,2.862638129402495
2025-09-12,2.921935565106204
2025-09-15,2.854509179521159
2025-09-16,2.8750877387461555
2025-09-17,2.8558369426349386
2025-09-18,2.8551579768543562
2025-09-19,2.875823827680552
2025-09-22,2.876704381487605
2025-09-23,2.8725523958857417
2025-09-24,2.8827227749877085
2025-09-25,2.8618943248535427
2025-09-26,2.877850209802811
2025-09-29,2.88700688333458
2025-09-30,2.8608081016461746
2025-10-01,2.8699989772223478
2025-10-02,2.8651381139042824
2025-10-03,2.854635146616347
2025-10-06,2.8542772409544086
2025-10-07,2.8667678045368157
2025-10-08,2.8679257005999155
2025-10-09,2.8861862696412057
2025-10-10,2.861415440264004
2025-10-13,3.54491887636518
2025-10-14,3.0830673209881905
2025-10-15,2.8566301986793152
2025-10-16,2.8695033591737515
2025-10-17,2.891502772327419
2025-10-20,2.8803850608169035
2025-10-21,2.961297086616691
2025-10-22,2.8543011765534416
2025-10-23,2.8810413436245965
2025-10-24,2.8861871685995197
2025-10-27,2.91295746100125
2025-10-28,2.996209119109074
2025-10-29,2.8592275143201844
2025-10-30,2.8542761491376005
2025-10-31,2.9464526586781528
2025-11-03,2.860735714851377
2025-11-04,2.8570567512015246
2025-11-05,2.983705111525294
2025-11-06,2.866847795152159
2025-11-07,2.9716801893450664
2025-11-10,2.8557988758164146
2025-11-11,3.0771364187058317
2025-11-12,2.8583765629938176
2025-11-13,2.8546464980230977
2025-11-14,3.111846085691243
2025-11-17,2.8545747083273794
2025-11-18,2.933150479987106
2025-11-19,2.918343502704227
2025-11-20,2.8675291002409233
2025-11-21,3.0819772199359687
2025-11-24,2.9449930626641185
