,0
2007-01-04,0.015087039300394477
2007-01-05,0.37022086344873234
2007-01-08,0.049297978844694196
2007-01-09,0.0026696833696647866
2007-01-10,0.03764992093919842
2007-01-11,0.40283933935281596
2007-01-12,0.2348453162091284
2007-01-16,0.006687385453053347
2007-01-17,0.007990879121611335
2007-01-18,0.08825295903398996
2007-01-19,0.08383699653720961
2007-01-22,0.27782221369204274
2007-01-23,0.12495412163947153
2007-01-24,0.7227482373426701
2007-01-25,1.2700875085707446
2007-01-26,0.014591431940166742
2007-01-29,0.012032062049333103
2007-01-30,0.3331745775300534
2007-01-31,0.43465708617433485
2007-02-01,0.2866280731665411
2007-02-02,0.02870989635062414
2007-02-05,0.009342971756106837
2007-02-06,0.004872049454664259
2007-02-07,0.01946102072586104
2007-02-08,0.013907345240626152
2007-02-09,0.5008695987490146
2007-02-12,0.10636326800840479
2007-02-13,0.5772170332992169
2007-02-14,0.584315464173331
2007-02-15,0.010765862676610696
2007-02-16,0.007599790388102133
2007-02-20,0.08090072106671631
2007-02-21,0.019723882518342128
2007-02-22,0.007354030552721769
2007-02-23,0.1269946142249869
2007-02-26,0.015556381877169576
2007-02-27,12.063182385180218
2007-02-28,0.30924232570090293
2007-03-01,0.06731450573432421
2007-03-02,1.3002276091245968
2007-03-05,0.8850374491231603
2007-03-06,2.4005016092276334
2007-03-07,0.06077335653008855
2007-03-08,0.5078829032912994
2007-03-09,0.004689370968332722
2007-03-12,0.07145622394375387
2007-03-13,4.148661742496478
2007-03-14,0.447708071189678
2007-03-15,0.13570080518634245
2007-03-16,0.14655520554453216
2007-03-19,1.1868813862168448
2007-03-20,0.4011370099294473
2007-03-21,2.9175411719340065
2007-03-22,0.0012139812953928758
2007-03-23,0.011977715133134923
2007-03-26,0.009368157592227136
2007-03-27,0.3824615803402714
2007-03-28,0.6345372945235012
2007-03-29,0.13985276764342106
2007-03-30,0.01378193109103534
2007-04-02,0.0674450616440599
2007-04-03,0.8612069306219202
2007-04-04,0.012384005329572194
2007-04-05,0.09302167322705548
2007-04-09,0.0034661538916089534
2007-04-10,0.06846716822426227
2007-04-11,0.43201901400234516
2007-04-12,0.38517651747037285
2007-04-13,0.12166498632780848
2007-04-16,1.1559006384875066
2007-04-17,0.042014851614128115
2007-04-18,0.0048049803529359985
2007-04-19,0.01444893794264309
2007-04-20,0.857606991002402
2007-04-23,0.053085948143189524
2007-04-24,0.0012329277438583976
2007-04-25,1.028010059433613
2007-04-26,0.006121323815953599
2007-04-27,0.00014511038060159
2007-04-30,0.6132390928759514
2007-05-01,0.07028649169615891
2007-05-02,0.418925877949193
2007-05-03,0.18706469239163376
2007-05-04,0.04622103606764585
2007-05-07,0.065727007425215
2007-05-08,0.013594730708779089
2007-05-09,0.1039037320310976
2007-05-10,1.9477793593024293
2007-05-11,0.9295841875453935
2007-05-14,0.03214875076155514
2007-05-15,0.017002293166366735
2007-05-16,0.7441632370818041
2007-05-17,0.008427476210196318
2007-05-18,0.43698414192741775
2007-05-21,0.02381653120093099
2007-05-22,0.004129101030000759
2007-05-23,0.014574622736181637
2007-05-24,0.9413950436830033
2007-05-25,0.29731938903193234
2007-05-29,0.024655296021923758
2007-05-30,0.6373804780505067
2007-05-31,0.000649554790454868
2007-06-01,0.13965525753425448
2007-06-04,0.03417133957292766
2007-06-05,0.2859044054327211
2007-06-06,0.7856654967481762
2007-06-07,3.0869641021139875
2007-06-08,1.2928473476504954
2007-06-11,0.009249609924997959
2007-06-12,1.1409918057273065
2007-06-13,2.3055971403051476
2007-06-14,0.231972450890445
2007-06-15,0.42598084600205566
2007-06-18,0.01472287326582112
2007-06-19,0.03018453748669908
2007-06-20,1.8516478688273583
2007-06-21,0.38197700921610156
2007-06-22,1.663040670154548
2007-06-25,0.1029035672066797
2007-06-26,0.1048601850982536
2007-06-27,0.8128950927889352
2007-06-28,0.0018051286717776205
2007-06-29,0.02456638967989487
2007-07-02,1.1440681226944214
2007-07-03,0.12818476320569688
2007-07-05,0.0012080533072704109
2007-07-06,0.10916755629754919
2007-07-09,0.008488004659421951
2007-07-10,2.0122733280722493
2007-07-11,0.32734413656030886
2007-07-12,3.6309373261839917
2007-07-13,0.09618534555393306
2007-07-16,0.03684421521570415
2007-07-17,9.371047641970782e-05
2007-07-18,0.04265693738529128
2007-07-19,0.1997292217447602
2007-07-20,1.4934984013903387
2007-07-23,0.2371012610137747
2007-07-24,3.922176276196019
2007-07-25,0.21768390112556807
2007-07-26,5.443798915555917
2007-07-27,2.5594129846150215
2007-07-30,1.0514348564754539
2007-07-31,1.5976578549406866
2007-08-01,0.5235565782421929
2007-08-02,0.19004058381428074
2007-08-03,7.068186754614916
2007-08-06,5.832764615149547
2007-08-07,0.37938488718198676
2007-08-08,1.9801616933740878
2007-08-09,8.790995917825724
2007-08-10,0.0014326508142505356
2007-08-13,0.002453303412078073
2007-08-14,3.296599423522638
2007-08-15,1.9342625715119774
2007-08-16,0.10554299772323007
2007-08-17,6.035141597406156
2007-08-20,0.0007274927505093123
2007-08-21,0.0117959539578823
2007-08-22,1.3719248213148054
2007-08-23,0.011499411665135626
2007-08-24,1.330572108992611
2007-08-27,0.7231154943248921
2007-08-28,5.509829557885554
2007-08-29,4.805680869813165
2007-08-30,0.17480872054774693
2007-08-31,1.2581573496409368
2007-09-04,1.095828970784631
2007-09-05,1.3227578981917627
2007-09-06,0.18078481194017199
2007-09-07,2.8589593876596555
2007-09-10,0.01619882471054162
2007-09-11,1.8583941716881798
2007-09-12,2.2629838257211535e-05
2007-09-13,0.7089027549719291
2007-09-14,0.000408699374625697
2007-09-17,0.26218815614595825
2007-09-18,8.531075330067553
2007-09-19,0.37044353129513574
2007-09-20,0.4520164252429219
2007-09-21,0.21243374146894922
2007-09-24,0.2756120966609333
2007-09-25,0.0011738481695448958
2007-09-26,0.2920993475351807
2007-09-27,0.15265591866259995
2007-09-28,0.09141049070772073
2007-10-01,1.7661526477399159
2007-10-02,0.0007023678558073681
2007-10-03,0.2066035550316434
2007-10-04,0.0442867912974338
2007-10-05,0.9139917185646032
2007-10-08,0.10345920840664834
2007-10-09,0.6554847325454984
2007-10-10,0.029319574069464907
2007-10-11,0.2661011237850499
2007-10-12,0.22602564314805007
2007-10-15,0.7024710907085173
2007-10-16,0.43207123156933047
2007-10-17,0.03102606111912228
2007-10-18,0.0056646806971957595
2007-10-19,6.561565267466635
2007-10-22,0.14427878037370723
2007-10-23,0.7749020271258075
2007-10-24,0.05960668444927179
2007-10-25,0.009403835497913416
2007-10-26,1.8991442839566126
2007-10-29,0.1378397657824208
2007-10-30,0.4177579011370141
2007-10-31,1.4380819182947613
2007-11-01,6.981999050278573
2007-11-02,0.006434497849775342
2007-11-05,0.24549952323247906
2007-11-06,1.451840746740329
2007-11-07,8.625841534126115
2007-11-08,0.0033180947677994357
2007-11-09,2.0411761356069165
2007-11-12,0.9976625081038388
2007-11-13,8.464000719958516
2007-11-14,0.4997512883582886
2007-11-15,1.7456946893257526
2007-11-16,0.2735639963300157
2007-11-19,3.0486116588663
2007-11-20,0.2012639187656964
2007-11-21,2.536670744223903
2007-11-23,2.85290094570762
2007-11-26,5.4003733608803755
2007-11-27,2.229092584329246
2007-11-28,8.156636496329945
2007-11-29,0.0022706001538616172
2007-11-30,0.6037581407593311
2007-12-03,0.3466097286694599
2007-12-04,0.4277491532483491
2007-12-05,2.307406670226497
2007-12-06,2.263119992340875
2007-12-07,0.03184757356328029
2007-12-10,0.56400133939897
2007-12-11,6.386292701666262
2007-12-12,0.3660428105912207
2007-12-13,0.014988575568016502
2007-12-14,1.8895835537761043
2007-12-17,2.2562886619985876
2007-12-18,0.394362109993226
2007-12-19,0.018518948900186887
2007-12-20,0.24012023442492103
2007-12-21,2.7788432413740742
2007-12-24,0.6523810942487267
2007-12-26,0.00653802112424992
2007-12-27,2.0208071114627395
2007-12-28,0.020619650436881787
2007-12-31,0.4694421787742624
2008-01-02,2.084522711914208
2008-01-03,0.0
2008-01-04,6.027778915335607
2008-01-07,0.10389174346462585
2008-01-08,3.3680276287105615
2008-01-09,1.8561438423558578
2008-01-10,0.6317335228941946
2008-01-11,1.8483577255769859
2008-01-14,1.181710614812416
2008-01-15,6.21254525044615
2008-01-16,0.31495426678547916
2008-01-17,8.463811408249617
2008-01-18,0.36546593181386805
2008-01-22,1.2288172281468626
2008-01-23,4.597678393965505
2008-01-24,1.0125898041150805
2008-01-25,2.519190917684461
2008-01-28,3.0820814448556266
2008-01-29,0.3785052601006282
2008-01-30,0.22695715583355675
2008-01-31,2.813087591814081
2008-02-01,1.4975630638285964
2008-02-04,1.0947017820153857
2008-02-05,10.237108009725286
2008-02-06,0.5811917767255469
2008-02-07,0.6218442185334804
2008-02-08,0.17671291362650968
2008-02-11,0.3468061463448177
2008-02-12,0.5279346919882156
2008-02-13,1.850710057819059
2008-02-14,1.8013648525481945
2008-02-15,0.007142922706806014
2008-02-19,0.008166803840878568
2008-02-20,0.6957012919472629
2008-02-21,1.6556903623358121
2008-02-22,0.6210453824012803
2008-02-25,1.9078858869379098
2008-02-26,0.47857590338248174
2008-02-27,0.008453522375251135
2008-02-28,0.7995756475028375
2008-02-29,7.338502260330263
2008-03-03,0.002847095769628125
2008-03-04,0.11886319779919549
2008-03-05,0.2744046184224564
2008-03-06,4.846138257469234
2008-03-07,0.7073455558989793
2008-03-10,2.3911918674731933
2008-03-11,13.786235977664573
2008-03-12,0.809202861571026
2008-03-13,0.26285629218106255
2008-03-14,4.319450696259617
2008-03-17,0.8025747365291437
2008-03-18,17.985678363055555
2008-03-19,5.898699626619394
2008-03-20,5.733384277984283
2008-03-24,2.3474634633117315
2008-03-25,0.05307994355958831
2008-03-26,0.7683873467707922
2008-03-27,1.3134271219585723
2008-03-28,0.63204994593767
2008-03-31,0.3234494276373717
2008-04-01,12.885423991647576
2008-04-02,0.037405589190408275
2008-04-03,0.016942062512034617
2008-04-04,0.006336499957385887
2008-04-07,0.024385566368777856
2008-04-08,0.2601034184908383
2008-04-09,0.6548106037999232
2008-04-10,0.2001675355658623
2008-04-11,4.151044972442772
2008-04-14,0.1144994933005473
2008-04-15,0.2115811615853012
2008-04-16,5.148967465211003
2008-04-17,0.0038793333827020953
2008-04-18,3.2902616786054297
2008-04-21,0.024136356647150203
2008-04-22,0.7761892167284948
2008-04-23,0.08409047369159087
2008-04-24,0.41503947888763537
2008-04-25,0.4218141565266044
2008-04-28,0.01105909889427667
2008-04-29,0.15121631123733653
2008-04-30,0.14794175657595174
2008-05-01,2.9380402914256005
2008-05-02,0.1046882954848102
2008-05-05,0.20553163169783742
2008-05-06,0.585518701093348
2008-05-07,3.281077583413871
2008-05-08,0.1346504255561246
2008-05-09,0.4523141828550981
2008-05-12,1.214587276687104
2008-05-13,0.0014801753833861237
2008-05-14,0.16044734155029639
2008-05-15,1.1203221476188077
2008-05-16,0.01563444072258196
2008-05-19,0.008064489841051268
2008-05-20,0.8599970937886322
2008-05-21,2.577144783472857
2008-05-22,0.0685061580721691
2008-05-23,1.7451616054473231
2008-05-27,0.46871529533369954
2008-05-28,0.157045563001518
2008-05-29,0.28461216957676627
2008-05-30,0.022987717634029434
2008-06-02,1.1034014395597687
2008-06-03,0.33498789015813035
2008-06-04,0.0010669577798183962
2008-06-05,3.8009709640821714
2008-06-06,9.541435012028417
2008-06-09,0.006299926871849133
2008-06-10,0.05943948269285506
2008-06-11,2.854200366031104
2008-06-12,0.10756399904272237
2008-06-13,2.263892126173463
2008-06-16,6.541666411200484e-05
2008-06-17,0.4585134024164658
2008-06-18,0.9431960597660817
2008-06-19,0.14080515610749011
2008-06-20,3.438401786408443
2008-06-23,2.8210539529892984e-05
2008-06-24,0.07923498840612528
2008-06-25,0.34146015493488086
2008-06-26,8.62318816417857
2008-06-27,0.13819168156305622
2008-06-30,0.016058689240472688
2008-07-01,0.14714416503907082
2008-07-02,3.313714021536806
2008-07-03,0.01196657569971383
2008-07-07,0.7031597348729033
2008-07-08,2.9174127193215793
2008-07-09,5.18753643450601
2008-07-10,0.4885579722574557
2008-07-11,1.2298641711535843
2008-07-14,0.8150309828287904
2008-07-15,1.1883715615550217
2008-07-16,6.2818329089226035
2008-07-17,1.4430233621021724
2008-07-18,0.0008159120464712902
2008-07-21,0.002909431250497091
2008-07-22,1.8203577727387121
2008-07-23,0.1651782730300443
2008-07-24,5.347424044833164
2008-07-25,0.17368319435605295
2008-07-28,3.4583176865850875
2008-07-29,5.455047901083757
2008-07-30,2.779537256927824
2008-07-31,1.7275832013855006
2008-08-01,0.3111896389603973
2008-08-04,0.802477971208576
2008-08-05,8.242933292834776
2008-08-06,0.11251991674182754
2008-08-07,3.216190785024822
2008-08-08,5.708675036289981
2008-08-11,0.4820150249220147
2008-08-12,1.4521900630672218
2008-08-13,0.08501046197729527
2008-08-14,0.30489449923656214
2008-08-15,0.1661388520380172
2008-08-18,2.27944403116404
2008-08-19,0.8676690828622792
2008-08-20,0.3840596037679317
2008-08-21,0.062251138739504004
2008-08-22,1.2842977985209771
2008-08-25,3.8515809056714887
2008-08-26,0.13589085336583592
2008-08-27,0.6372245866975029
2008-08-28,2.2022943489333717
2008-08-29,1.8833694272087198
2008-09-02,0.16748672533438796
2008-09-03,0.04141622267624148
2008-09-04,8.953283576397508
2008-09-05,0.19630939989901447
2008-09-08,4.206674269776766
2008-09-09,11.6541300599802
2008-09-10,0.3781510234132707
2008-09-11,1.9061585045222105
2008-09-12,0.04501239283796288
2008-09-15,22.21792614660498
2008-09-16,3.067710984816337
2008-09-17,22.215090109856266
2008-09-18,18.792595001994098
2008-09-19,16.199003724713616
2008-09-22,14.620380713945623
2008-09-23,2.443793448490956
2008-09-24,0.0391148805510806
2008-09-25,3.863762135250266
2008-09-26,0.10032649438967767
2008-09-29,77.25891308777216
2008-09-30,29.379988001705566
2008-10-01,0.20570559754603912
2008-10-02,16.240121825405065
2008-10-03,1.8242498903519349
2008-10-06,14.836264326734108
2008-10-07,32.941641344663964
2008-10-08,1.2843064166629619
2008-10-09,58.01423491841202
2008-10-10,1.382805612422645
2008-10-13,134.09723448451695
2008-10-14,0.2832550125863011
2008-10-15,81.63085654268478
2008-10-16,18.068867321709458
2008-10-17,0.38599142427563315
2008-10-20,22.73846372806686
2008-10-21,9.486199960461901
2008-10-22,37.22526673497283
2008-10-23,1.5962025181842299
2008-10-24,11.910255224366779
2008-10-27,10.089718188191352
2008-10-28,116.40257488654471
2008-10-29,1.227463545370564
2008-10-30,6.6584406556837825
2008-10-31,2.360963389549195
2008-11-03,0.06396004162331109
2008-11-04,16.667484349880645
2008-11-05,27.74877563628825
2008-11-06,25.264663956076557
2008-11-07,8.325911013679798
2008-11-10,1.601033977177725
2008-11-11,4.8579092924460126
2008-11-12,26.92974385907541
2008-11-13,47.904004058064345
2008-11-14,17.388174264943796
2008-11-17,6.661788633796514
2008-11-18,0.9679367973963757
2008-11-19,37.40007543477506
2008-11-20,45.05485588158812
2008-11-21,40.00254846832589
2008-11-24,41.890114432509606
2008-11-25,0.4291241234858111
2008-11-26,12.48077974052394
2008-11-28,0.9298965988120208
2008-12-01,79.73646682120066
2008-12-02,15.952596391194593
2008-12-03,6.675077132820763
2008-12-04,8.589825652927408
2008-12-05,13.322042253287158
2008-12-08,14.735881392303385
2008-12-09,5.344193272007181
2008-12-10,1.4147149269395702
2008-12-11,8.136235395718248
2008-12-12,0.49399372723333185
2008-12-15,1.6092724805872998
2008-12-16,26.37878550948091
2008-12-17,0.9202279711158474
2008-12-18,4.478613157702761
2008-12-19,0.0862552205946772
2008-12-22,3.349640384206674
2008-12-23,0.9442836752187159
2008-12-24,0.3342092598041281
2008-12-26,0.28689063160251727
2008-12-29,0.14996983905480948
2008-12-30,5.957053579759404
2008-12-31,2.004591022379556
2009-01-02,9.990708430645524
2009-01-05,0.21793807055200815
2009-01-06,0.6110756832536
2009-01-07,9.005778181863942
2009-01-08,0.11540432927242092
2009-01-09,4.538188304430471
2009-01-12,5.091413238043944
2009-01-13,0.030908990201323375
2009-01-14,11.195644304775259
2009-01-15,0.01766739500859215
2009-01-16,0.5717735750189817
2009-01-20,27.895375697805164
2009-01-21,18.9148619889729
2009-01-22,2.2989638964521504
2009-01-23,0.2891904966183358
2009-01-26,0.30838233958906297
2009-01-27,1.193679728664704
2009-01-28,11.26112684732579
2009-01-29,10.969449488338386
2009-01-30,5.193441588079956
2009-02-02,0.0028383859915426307
2009-02-03,2.5071490533013554
2009-02-04,0.5609224145183763
2009-02-05,2.6783509381994737
2009-02-06,7.233959861521518
2009-02-09,0.02205666111165576
2009-02-10,24.12887696537431
2009-02-11,0.6328091325141559
2009-02-12,0.030246472240078353
2009-02-13,0.9995450654626006
2009-02-17,20.756220886870235
2009-02-18,0.009031947241634652
2009-02-19,1.4457773261954534
2009-02-20,1.302553317911904
2009-02-23,12.040237597578603
2009-02-24,16.082761827016274
2009-02-25,1.1358948681172059
2009-02-26,2.490033662693896
2009-02-27,5.5528174541289035
2009-03-02,21.734376169159766
2009-03-03,0.4104683802052756
2009-03-04,5.642100241132672
2009-03-05,18.089964596418216
2009-03-06,0.01478724412483073
2009-03-09,1.0047467592307422
2009-03-10,40.52990858131647
2009-03-11,0.05981953410594009
2009-03-12,16.58820789373371
2009-03-13,0.5989259807812541
2009-03-16,0.12361979015760703
2009-03-17,10.329775024961236
2009-03-18,4.350547186414154
2009-03-19,1.6845873332079253
2009-03-20,3.908291573984832
2009-03-23,50.06629505225331
2009-03-24,4.167766011428212
2009-03-25,0.9266677524735951
2009-03-26,5.438406463023572
2009-03-27,4.127211340545412
2009-03-30,12.123444234211412
2009-03-31,1.723879337102284
2009-04-01,2.741204041884594
2009-04-02,8.252479555065227
2009-04-03,0.9470748140225546
2009-04-06,0.694279600947435
2009-04-07,5.69039588023264
2009-04-08,1.3884990636733967
2009-04-09,14.480480121282204
2009-04-13,0.0641806170732228
2009-04-14,4.025847170457332
2009-04-15,1.5747789311802929
2009-04-16,2.4145467280110804
2009-04-17,0.24694685737018815
2009-04-20,18.30965992041095
2009-04-21,4.516499407106969
2009-04-22,0.5900743890749004
2009-04-23,0.9845306851555957
2009-04-24,2.8215102964385594
2009-04-27,1.0133664664691522
2009-04-28,0.07510300908755553
2009-04-29,4.669917158941836
2009-04-30,0.009025913442827441
2009-05-01,0.2912073869725
2009-05-04,11.470532063520798
2009-05-05,0.1437714011705599
2009-05-06,3.029094143137648
2009-05-07,1.7430328328898024
2009-05-08,5.7931835730744785
2009-05-11,4.627848607844507
2009-05-12,0.009581267086697329
2009-05-13,7.233366873420613
2009-05-14,1.0715594409786056
2009-05-15,1.301899218859599
2009-05-18,9.23502313501731
2009-05-19,0.030165340816299832
2009-05-20,0.2633151139623595
2009-05-21,2.8081757056538597
2009-05-22,0.02241581965664912
2009-05-26,6.9180267651623915
2009-05-27,3.599042414189536
2009-05-28,2.377423793506031
2009-05-29,1.8427412070983131
2009-06-01,6.66549095355369
2009-06-02,0.039335038330020736
2009-06-03,1.8876643662422332
2009-06-04,1.3187407622952476
2009-06-05,0.06323693879673574
2009-06-08,0.010211942119372739
2009-06-09,0.12272445692047995
2009-06-10,0.12112937675236278
2009-06-11,0.37355440249222155
2009-06-12,0.019515754978106297
2009-06-15,5.649419748229121
2009-06-16,1.618061555859435
2009-06-17,0.01908885970349472
2009-06-18,0.7074525699339302
2009-06-19,0.09698324014541468
2009-06-22,9.363840488718894
2009-06-23,0.05320992138442137
2009-06-24,0.42567934726139406
2009-06-25,4.5985668661343455
2009-06-26,0.0218402057764173
2009-06-29,0.8217760874905726
2009-06-30,0.7277429684623529
2009-07-01,0.1902634329270631
2009-07-02,8.494024367331932
2009-07-06,0.06583132510915259
2009-07-07,3.8744213814950337
2009-07-08,0.027838977231024
2009-07-09,0.12582827615793407
2009-07-10,0.16175217660710647
2009-07-13,6.216914558353658
2009-07-14,0.2826007075253229
2009-07-15,8.779343355401506
2009-07-16,0.7468007673868852
2009-07-17,0.0014644204350094607
2009-07-20,1.3068031135732063
2009-07-21,0.13157047113146655
2009-07-22,0.0028544056365610556
2009-07-23,5.424099269459534
2009-07-24,0.09254548096011701
2009-07-27,0.08891390257709658
2009-07-28,0.06793565356315193
2009-07-29,0.20820912545944142
2009-07-30,1.4150543744975441
2009-07-31,0.005473075637554671
2009-08-03,2.3537950702400128
2009-08-04,0.09072615289206373
2009-08-05,0.0848870663429446
2009-08-06,0.3163725924461075
2009-08-07,1.8061324134873669
2009-08-10,0.11188656896780785
2009-08-11,1.6027846614328694
2009-08-12,1.3282831980172078
2009-08-13,0.47334772110774465
2009-08-14,0.7278470640225072
2009-08-17,5.885851277441771
2009-08-18,1.0293426208619867
2009-08-19,0.4707157579995425
2009-08-20,1.1987531500070652
2009-08-21,3.4680682985603104
2009-08-24,0.0029783194954189317
2009-08-25,0.056141230916257154
2009-08-26,0.00013626247180113384
2009-08-27,0.07738280197352891
2009-08-28,0.03953732122186281
2009-08-31,0.6507055709555168
2009-09-01,4.898868732740981
2009-09-02,0.1086665554438961
2009-09-03,0.7284294316966144
2009-09-04,1.7206878794480978
2009-09-08,0.7823301553848068
2009-09-09,0.6056582359259833
2009-09-10,1.0862247847610607
2009-09-11,0.018235629434562285
2009-09-14,0.401845566954306
2009-09-15,0.09830131773818235
2009-09-16,2.34810356680539
2009-09-17,0.09418620639056866
2009-09-18,0.07004991498813368
2009-09-21,0.11609574706183033
2009-09-22,0.43228902002308517
2009-09-23,1.0137452858503642
2009-09-24,0.9046029420076301
2009-09-25,0.37096791732836204
2009-09-28,3.171821915789558
2009-09-29,0.04971031387822895
2009-09-30,0.11077403506481937
2009-10-01,6.635590406867791
2009-10-02,0.2029962496688849
2009-10-05,2.2126566127305907
2009-10-06,1.878400840057917
2009-10-07,0.07404392475073705
2009-10-08,0.5565694124522196
2009-10-09,0.31816934942443015
2009-10-12,0.1924063812136032
2009-10-13,0.07770779842571532
2009-10-14,3.078558463685006
2009-10-15,0.17284249266290014
2009-10-16,0.6557844765515174
2009-10-19,0.8846041686304309
2009-10-20,0.3892670657942663
2009-10-21,0.7838933578369639
2009-10-22,1.1328643670609293
2009-10-23,1.4831576340995516
2009-10-26,1.3729518267369365
2009-10-27,0.10946146977719373
2009-10-28,3.82207610791755
2009-10-29,5.071492077234703
2009-10-30,7.870979695274141
2009-11-02,0.41559063167907145
2009-11-03,0.05885350941443394
2009-11-04,0.010871255322774324
2009-11-05,3.700062707603405
2009-11-06,0.06266065550226178
2009-11-09,4.945663534456734
2009-11-10,4.1010227998948154e-05
2009-11-11,0.25320781656520597
2009-11-12,1.052542891610089
2009-11-13,0.3293960110362373
2009-11-16,2.0931062288960445
2009-11-17,0.008454780119685248
2009-11-18,0.002193362235911699
2009-11-19,1.8025324667753364
2009-11-20,0.10335617186303625
2009-11-23,1.8538971511226403
2009-11-24,0.0028444958701250396
2009-11-25,0.2028725765894044
2009-11-27,2.9699221557592015
2009-11-30,0.1438669908603632
2009-12-01,1.4581152683540952
2009-12-02,0.0011133969141627975
2009-12-03,0.7044596913580495
2009-12-04,0.30354497683737525
2009-12-07,0.06092993953427825
2009-12-08,1.0509385855984594
2009-12-09,0.13486249639068335
2009-12-10,0.3410189131849087
2009-12-11,0.13564789361532248
2009-12-14,0.48433880464107687
2009-12-15,0.3076952595517319
2009-12-16,0.012729032100873729
2009-12-17,1.3948854082267876
2009-12-18,0.33987342627869166
2009-12-21,1.1032744427364476
2009-12-22,0.12699062118438048
2009-12-23,0.05284052226431958
2009-12-24,0.276272148085754
2009-12-28,0.013318022174310407
2009-12-29,0.019627518563607928
2009-12-30,0.0003816052277522763
2009-12-31,1.0099320341522804
2010-01-04,2.571031498132384
2010-01-05,0.0976252225702978
2010-01-06,0.0029759745554563052
2010-01-07,0.16080583824452999
2010-01-08,0.08253605089070516
2010-01-11,0.03051154433861079
2010-01-12,0.8800611555969811
2010-01-13,0.6931981798246685
2010-01-14,0.05887933934665969
2010-01-15,1.171414269350459
2010-01-19,1.5624174768605117
2010-01-20,1.1231506947960705
2010-01-21,3.589074382743469
2010-01-22,4.902245282865454
2010-01-25,0.21226657527735385
2010-01-26,0.17743405869771178
2010-01-27,0.23816280242574173
2010-01-28,1.396596323182213
2010-01-29,0.9661204381650805
2010-02-01,2.035232882205274
2010-02-02,1.6829725517494905
2010-02-03,0.2996890642824297
2010-02-04,9.69739376785854
2010-02-05,0.08393537332262092
2010-02-08,0.7855872156005832
2010-02-09,1.7004432464705872
2010-02-10,0.04942701044432769
2010-02-11,0.9352856803280949
2010-02-12,0.07532988156109617
2010-02-16,3.2402744802483254
2010-02-17,0.17960186786473148
2010-02-18,0.4335895085829807
2010-02-19,0.0478114231065308
2010-02-22,0.010749776912116352
2010-02-23,1.4669314934782305
2010-02-24,0.9448706703596093
2010-02-25,0.04330544280316919
2010-02-26,0.019749659910360248
2010-03-01,1.0319582742028104
2010-03-02,0.05430552850955268
2010-03-03,0.0018422902680750562
2010-03-04,0.13959035500955322
2010-03-05,1.962099994950393
2010-03-08,0.0002784123913598506
2010-03-09,0.0290355301949794
2010-03-10,0.20471369828486521
2010-03-11,0.16333843501222714
2010-03-12,0.00047239259892303495
2010-03-15,0.002044648035312955
2010-03-16,0.6051531175748709
2010-03-17,0.33891906880245654
2010-03-18,0.0010617289786248186
2010-03-19,0.2587253203169363
2010-03-22,0.25961744103010953
2010-03-23,0.5142295177624713
2010-03-24,0.3017570805288334
2010-03-25,0.029042146751885368
2010-03-26,0.005442531560899043
2010-03-29,0.3229911019255386
2010-03-30,1.816272858085356e-05
2010-03-31,0.10711900168756736
2010-04-01,0.549654430927914
2010-04-05,0.6285349624824503
2010-04-06,0.028368517610461785
2010-04-07,0.34535780282141265
2010-04-08,0.11386237023586421
2010-04-09,0.4467399736210385
2010-04-12,0.031209523497474488
2010-04-13,0.004696959525600613
2010-04-14,1.2432445565790848
2010-04-15,0.007098443514280808
2010-04-16,2.6006410193679037
2010-04-19,0.20442325352073917
2010-04-20,0.6507118296333131
2010-04-21,0.010381644653220815
2010-04-22,0.05087204596253387
2010-04-23,0.5074471496294616
2010-04-26,0.18459605035716053
2010-04-27,5.467120170249868
2010-04-28,0.41766899490832554
2010-04-29,1.6752619261584356
2010-04-30,2.7714284157561213
2010-05-03,1.721482688785528
2010-05-04,5.6827110764626605
2010-05-05,0.4304683728228573
2010-05-06,10.48362088472569
2010-05-07,2.3407114916292677
2010-05-10,19.32899153318268
2010-05-11,0.11541935959630173
2010-05-12,1.8877441409090558
2010-05-13,1.4750243160802843
2010-05-14,3.5344415815433425
2010-05-17,0.012309180350829101
2010-05-18,2.015264100066526
2010-05-19,0.2631960970572149
2010-05-20,15.191153772146267
2010-05-21,2.2573268520440526
2010-05-24,1.6661877766696045
2010-05-25,0.001252684594064929
2010-05-26,0.3204603730334605
2010-05-27,10.808360428916886
2010-05-28,1.531323792993432
2010-06-01,2.946459650483866
2010-06-02,6.678433419219608
2010-06-03,0.16414013609558833
2010-06-04,11.841491764422466
2010-06-07,1.8311613819837744
2010-06-08,1.2047343864260982
2010-06-09,0.3530284330102275
2010-06-10,8.706493628413334
2010-06-11,0.19181504934227006
2010-06-14,0.03256907305475237
2010-06-15,5.519780741931179
2010-06-16,0.0030906832030318976
2010-06-17,0.01645986256625371
2010-06-18,0.017349028027500317
2010-06-21,0.14874819489649352
2010-06-22,2.5827019224698686
2010-06-23,0.08912948556277732
2010-06-24,2.8235471514470474
2010-06-25,0.08228934708865533
2010-06-28,0.041744519588365975
2010-06-29,9.620578861059544
2010-06-30,1.02271601177356
2010-07-01,0.10500741184391539
2010-07-02,0.21737884012850875
2010-07-06,0.2871881580615333
2010-07-07,9.816225487029953
2010-07-08,0.8842139653498178
2010-07-09,0.5203220653477895
2010-07-12,0.005370922566500684
2010-07-13,2.3651089666728953
2010-07-14,0.0002408795590034717
2010-07-15,0.014308019191388606
2010-07-16,8.305632984892565
2010-07-19,0.35783063885782346
2010-07-20,1.3033805750977827
2010-07-21,1.6434734530412491
2010-07-22,5.068486538629138
2010-07-23,0.6756889004267395
2010-07-26,1.2544422545411555
2010-07-27,0.011010681462086707
2010-07-28,0.47914078034042695
2010-07-29,0.17294313243732862
2010-07-30,4.0383450225456874e-05
2010-08-02,4.849910660086933
2010-08-03,0.23004814750889072
2010-08-04,0.36615643728341873
2010-08-05,0.015868793408760653
2010-08-06,0.13785249931593385
2010-08-09,0.300637571128729
2010-08-10,0.3561013741786835
2010-08-11,7.940384589456788
2010-08-12,0.2893108227061393
2010-08-13,0.16189258962850026
2010-08-16,0.00014509170691985734
2010-08-17,1.4864936049619157
2010-08-18,0.021986461340307902
2010-08-19,2.8680661961735434
2010-08-20,0.13417346352857187
2010-08-23,0.16324407828202508
2010-08-24,2.106109702711371
2010-08-25,0.10820019905039373
2010-08-26,0.5905615127301898
2010-08-27,2.7512102521530375
2010-08-30,2.1665725086035534
2010-08-31,0.0015278579589630352
2010-09-01,8.70517939197236
2010-09-02,0.8246265299987379
2010-09-03,1.7474118733587232
2010-09-07,1.3158728468006369
2010-09-08,0.41456501411000457
2010-09-09,0.23350512030280363
2010-09-10,0.23652051632299645
2010-09-13,1.2389111446749712
2010-09-14,0.005084774270307933
2010-09-15,0.1253984904236517
2010-09-16,0.0013280322594845294
2010-09-17,0.0068379102900995685
2010-09-20,2.3133804895703056
2010-09-21,0.06574506889041389
2010-09-22,0.2328537920837036
2010-09-23,0.6941016358876789
2010-09-24,4.491989377673934
2010-09-27,0.3211969552520432
2010-09-28,0.2352695037507907
2010-09-29,0.06696627397940748
2010-09-30,0.09509184672804658
2010-10-01,0.1950462239648175
2010-10-04,0.6456068664266313
2010-10-05,4.351966287049821
2010-10-06,0.0045155621149791676
2010-10-07,0.02711272816697591
2010-10-08,0.37482655220642297
2010-10-11,0.00021287965795609918
2010-10-12,0.14582420640594762
2010-10-13,0.5070946683652644
2010-10-14,0.132602060432015
2010-10-15,0.041111024908166593
2010-10-18,0.5247158996371132
2010-10-19,2.5208876028006495
2010-10-20,1.1075581082906831
2010-10-21,0.03177039902572694
2010-10-22,0.056682618287462155
2010-10-25,0.046093449206767174
2010-10-26,2.845567931553072e-06
2010-10-27,0.0723895172991616
2010-10-28,0.012651374470648248
2010-10-29,0.0019295884491742701
2010-11-01,0.009120035314722965
2010-11-02,0.6007529313127162
2010-11-03,0.13527989317908792
2010-11-04,3.718256325746724
2010-11-05,0.15388525817170975
2010-11-08,0.044985446268159
2010-11-09,0.6483985158959972
2010-11-10,0.19150541604682175
2010-11-11,0.17996180347903432
2010-11-12,1.3943897737526805
2010-11-15,0.014822287365455763
2010-11-16,2.626145061439186
2010-11-17,0.000450130847621828
2010-11-18,2.3584770031510796
2010-11-19,0.06453329546243661
2010-11-22,0.024817416581083298
2010-11-23,2.0403393052439354
2010-11-24,2.2269507487130604
2010-11-26,0.5578002572273566
2010-11-29,0.01901217607729688
2010-11-30,0.3684793363151285
2010-12-01,4.672965439017568
2010-12-02,1.6431376592619313
2010-12-03,0.06777132319963737
2010-12-06,0.016854959787710944
2010-12-07,0.0026530349033760782
2010-12-08,0.13702852862095952
2010-12-09,0.14766896693040396
2010-12-10,0.3601946735127441
2010-12-13,2.3398013415115876e-05
2010-12-14,0.008298342543505685
2010-12-15,0.26239636789662224
2010-12-16,0.38255250974916327
2010-12-17,0.007001889747446914
2010-12-20,0.06494423508536061
2010-12-21,0.3636194056298164
2010-12-22,0.11421447472789746
2010-12-23,0.027039560127066348
2010-12-27,0.003753788849086642
2010-12-28,0.005949765546089678
2010-12-29,0.010183430420954511
2010-12-30,0.022746667707000384
2010-12-31,0.0003640357700778789
2011-01-03,1.2802568739999631
2011-01-04,0.017240406243686692
2011-01-05,0.25070905187752907
2011-01-06,0.04506673731307138
2011-01-07,0.03403291442554077
2011-01-10,0.018942764861216113
2011-01-11,0.13876688467904974
2011-01-12,0.8113677226952516
2011-01-13,0.029267824463813236
2011-01-14,0.5453169480663004
2011-01-18,0.018944438901024027
2011-01-19,1.0232685823277035
2011-01-20,0.01676850441387375
2011-01-21,0.05825330972846123
2011-01-24,0.34062255756207216
2011-01-25,0.0006937659881195962
2011-01-26,0.17816378228829516
2011-01-27,0.05036790030726775
2011-01-28,3.1871071631806585
2011-01-31,0.5871444356397405
2011-02-01,2.7867698623169135
2011-02-02,0.07412365308122668
2011-02-03,0.05542447468102713
2011-02-04,0.0831888405058006
2011-02-07,0.3893922990865548
2011-02-08,0.17512802055930532
2011-02-09,0.07760735876722008
2011-02-10,0.005617507493335791
2011-02-11,0.3033089781883395
2011-02-14,0.056881433560087
2011-02-15,0.10464956939989731
2011-02-16,0.39156093506315004
2011-02-17,0.09459380760803814
2011-02-18,0.03704683692089692
2011-02-22,4.211142460807138
2011-02-23,0.37449245317812113
2011-02-24,0.009887118591531817
2011-02-25,1.113129201964088
2011-02-28,0.30925962407918406
2011-03-01,2.4773709744860435
2011-03-02,0.02608910072116539
2011-03-03,2.9649321456832323
2011-03-04,0.5443602970055197
2011-03-07,0.6957591569433097
2011-03-08,0.7961597893599653
2011-03-09,0.018338399285467447
2011-03-10,3.5639243193218735
2011-03-11,0.5013319207940521
2011-03-14,0.3659420669854414
2011-03-15,1.2544746453147686
2011-03-16,3.8005333232360203
2011-03-17,1.7930012846489527
2011-03-18,0.18645939123746455
2011-03-21,2.2457454797903855
2011-03-22,0.12606607067567951
2011-03-23,0.0849118977770398
2011-03-24,0.8724965728281545
2011-03-25,0.09992716249912738
2011-03-28,0.07550155369093625
2011-03-29,0.49844231537884065
2011-03-30,0.4468460037884952
2011-03-31,0.03346927914523613
2011-04-01,0.24630663090620847
2011-04-04,0.0011919002102067707
2011-04-05,0.00032422529742891096
2011-04-06,0.04768335517151126
2011-04-07,0.02310352654599402
2011-04-08,0.16035775238033415
2011-04-11,0.07802620535953889
2011-04-12,0.6047790744047769
2011-04-13,0.00036189578847305425
2011-04-14,7.003637529157049e-05
2011-04-15,0.15408664776567343
2011-04-18,1.2139241269493781
2011-04-19,0.3284649212312559
2011-04-20,1.8265400387254511
2011-04-21,0.27923656898215016
2011-04-25,0.02560421136064878
2011-04-26,0.8063306955435429
2011-04-27,0.3906018047741386
2011-04-28,0.12641322544048136
2011-04-29,0.05293029952735121
2011-05-02,0.030719592257191702
2011-05-03,0.114198137396392
2011-05-04,0.46994763283276125
2011-05-05,0.8226230959198589
2011-05-06,0.14591930765513497
2011-05-09,0.2071669359744013
2011-05-10,0.6506927366008729
2011-05-11,1.234640675916705
2011-05-12,0.23964806694267013
2011-05-13,0.6508175824268463
2011-05-16,0.38494021074086604
2011-05-17,0.0013584231575475532
2011-05-18,0.7750591237735924
2011-05-19,0.047436806209385174
2011-05-20,0.5910995826331806
2011-05-23,1.4221913549699179
2011-05-24,0.006846008870309222
2011-05-25,0.10132846901089049
2011-05-26,0.15627299239573378
2011-05-27,0.16653693580612944
2011-05-31,1.1220620096471163
2011-06-01,5.191432844472782
2011-06-02,0.015000216697603009
2011-06-03,0.9474841381659667
2011-06-06,1.1578220806947976
2011-06-07,0.0091456267289687
2011-06-08,0.1753068368533387
2011-06-09,0.5442803784458149
2011-06-10,1.954356279577557
2011-06-13,0.0044726036948320785
2011-06-14,1.5905619834802758
2011-06-15,3.038705676866028
2011-06-16,0.030777728229961866
2011-06-17,0.09272198912966166
2011-06-20,0.2910821019634143
2011-06-21,1.8018897751888476
2011-06-22,0.418407820521353
2011-06-23,0.07997443736525815
2011-06-24,1.374932107785583
2011-06-27,0.8435389585699722
2011-06-28,1.6755493424150798
2011-06-29,0.6860403133732201
2011-06-30,1.023990867780131
2011-07-01,2.0763888217160194
2011-07-05,0.017852966818704182
2011-07-06,0.010182002843260912
2011-07-07,1.0912520944635689
2011-07-08,0.4845794468999342
2011-07-11,3.2726581600103395
2011-07-12,0.19656198343015904
2011-07-13,0.09646451784275271
2011-07-14,0.4510661804009836
2011-07-15,0.3085146521396263
2011-07-18,0.6609420431730402
2011-07-19,2.659729629083731
2011-07-20,0.004500024873105267
2011-07-21,1.834976175592132
2011-07-22,0.008242337389547943
2011-07-25,0.31843886505806845
2011-07-26,0.16850103295953714
2011-07-27,4.124442142584034
2011-07-28,0.10458685317011941
2011-07-29,0.416092296116184
2011-08-01,0.17075336384126655
2011-08-02,6.531473178503382
2011-08-03,0.25157737763425453
2011-08-04,22.867934687595348
2011-08-05,0.0033058643045800946
2011-08-08,44.4014696659292
2011-08-09,22.474033033266128
2011-08-10,19.494334036346935
2011-08-11,21.427657190516687
2011-08-12,0.2768476997096391
2011-08-15,4.745723333086632
2011-08-16,0.9483958104115489
2011-08-17,0.008975336796223159
2011-08-18,19.88600134551372
2011-08-19,2.2526966388250025
2011-08-22,0.00066623378059462
2011-08-23,11.754509317736124
2011-08-24,1.7213367760216625
2011-08-25,2.4228656675053744
2011-08-26,2.286623370093618
2011-08-29,8.002437130315993
2011-08-30,0.05469372806708179
2011-08-31,0.24226146979826146
2011-09-01,1.4093148696426363
2011-09-02,6.391733761658935
2011-09-06,0.5529864496427636
2011-09-07,8.20619618885166
2011-09-08,1.12618874472823
2011-09-09,7.131813679895845
2011-09-12,0.48520736167219225
2011-09-13,0.8317593168557392
2011-09-14,1.8170378918595296
2011-09-15,2.95397504483768
2011-09-16,0.32566160235133274
2011-09-19,0.960900054383573
2011-09-20,0.02758938960663231
2011-09-21,8.63800211786092
2011-09-22,10.165361232246564
2011-09-23,0.36990897162426717
2011-09-26,5.445799649627657
2011-09-27,1.1424051999334255
2011-09-28,4.281249597752363
2011-09-29,0.6584121371778484
2011-09-30,6.23708010681339
2011-10-03,8.094578711012703
2011-10-04,5.057312470118909
2011-10-05,3.1917835612619134
2011-10-06,3.350260125135861
2011-10-07,0.6663947248183001
2011-10-10,11.645113426185647
2011-10-11,0.00295917643716165
2011-10-12,0.9593687498045288
2011-10-13,0.08842895015322133
2011-10-14,3.020756396506038
2011-10-17,3.7519327459922964
2011-10-18,4.169233069014486
2011-10-19,1.6000067722809004
2011-10-20,0.20740470414552645
2011-10-21,3.537701083912258
2011-10-24,1.6592227793265664
2011-10-25,4.021076966435067
2011-10-26,1.1101979844907872
2011-10-27,11.759045977995058
2011-10-28,0.0015149940768748715
2011-10-31,6.119472220023177
2011-11-01,7.807683574296269
2011-11-02,2.593604654052811
2011-11-03,3.5305981955412773
2011-11-04,0.3953720813297997
2011-11-07,0.39636239262102224
2011-11-08,1.3772430974226137
2011-11-09,13.465296742370082
2011-11-10,0.7423649909275701
2011-11-11,3.8012558794350575
2011-11-14,0.9135575906785464
2011-11-15,0.23204841557023945
2011-11-16,2.7609750739009997
2011-11-17,2.8223760953202572
2011-11-18,0.0015578386368496585
2011-11-21,3.4776504813002878
2011-11-22,0.17146977266028113
2011-11-23,4.881985545892803
2011-11-25,0.07211970141588503
2011-11-28,8.550022909150488
2011-11-29,0.0490066098575699
2011-11-30,18.76214242314536
2011-12-01,0.03642913585214598
2011-12-02,0.0005810277487951611
2011-12-05,1.0582388426031908
2011-12-06,0.012226545454559179
2011-12-07,0.04073631113730618
2011-12-08,4.469749957681934
2011-12-09,2.850485174067431
2011-12-12,2.224296854039271
2011-12-13,0.7544689919226252
2011-12-14,1.2878480616060641
2011-12-15,0.10517411566574773
2011-12-16,0.10343439017904091
2011-12-19,1.376580792994614
2011-12-20,8.900471659817992
2011-12-21,0.037694117237933804
2011-12-22,0.6831892010027154
2011-12-23,0.8163281009541268
2011-12-27,6.245862081647707e-05
2011-12-28,1.5569978310367107
2011-12-29,1.146416400758446
2011-12-30,0.18347380799767593
2012-01-03,2.3919232884079507
2012-01-04,0.0003531830714698933
2012-01-05,0.08665424955042328
2012-01-06,0.0643617405176272
2012-01-09,0.05115205906589913
2012-01-10,0.7895683024374449
2012-01-11,0.000958387574396234
2012-01-12,0.05459667857723368
2012-01-13,0.24481680418264534
2012-01-17,0.12623055078157028
2012-01-18,1.2338618095718688
2012-01-19,0.2439062820051181
2012-01-20,0.004481714255705327
2012-01-23,0.002221676956577589
2012-01-24,0.010368067552959737
2012-01-25,0.7506207221604769
2012-01-26,0.33020994049645724
2012-01-27,0.02537023186521756
2012-01-30,0.06361310713604115
2012-01-31,0.0020881727945068545
2012-02-01,0.792039104042264
2012-02-02,0.011992258825985118
2012-02-03,2.1331678546206607
2012-02-06,0.001796262172476475
2012-02-07,0.04093794396393989
2012-02-08,0.046667930832054165
2012-02-09,0.021730231456915685
2012-02-10,0.47421807332220167
2012-02-13,0.4624048620755612
2012-02-14,0.00882677048584731
2012-02-15,0.28978749763035183
2012-02-16,1.2156522305930653
2012-02-17,0.05517676600771706
2012-02-21,0.00518309450558052
2012-02-22,0.11156671995565799
2012-02-23,0.1825046530565007
2012-02-24,0.027963072647051137
2012-02-27,0.018348788648378855
2012-02-28,0.112645419846326
2012-02-29,0.2243905397381014
2012-03-01,0.3792224964805883
2012-03-02,0.10535116908922892
2012-03-05,0.14917801494437624
2012-03-06,2.3646438756974493
2012-03-07,0.4761838293210197
2012-03-08,0.9639136252690312
2012-03-09,0.13186185586639015
2012-03-12,0.0002575448184383325
2012-03-13,3.287534521539919
2012-03-14,0.014311765649865341
2012-03-15,0.3560792422452507
2012-03-16,0.012529439277072599
2012-03-19,0.15791704823521646
2012-03-20,0.09003192338362555
2012-03-21,0.034747896798349304
2012-03-22,0.5193365406477811
2012-03-23,0.09620468317863798
2012-03-26,1.9281563966359854
2012-03-27,0.0793426134928227
2012-03-28,0.24418649084030297
2012-03-29,0.025854161601858716
2012-03-30,0.13678738420919495
2012-04-02,0.5631897893940535
2012-04-03,0.15909025841248436
2012-04-04,1.040908698201764
2012-04-05,0.00395689704306761
2012-04-09,1.2901403257233541
2012-04-10,2.917764237330451
2012-04-11,0.5548609968512068
2012-04-12,1.898718125328413
2012-04-13,1.5562678028620123
2012-04-16,0.0025356670144433616
2012-04-17,2.3983516940224514
2012-04-18,0.16445282358274943
2012-04-19,0.35217319153579
2012-04-20,0.01367207196524748
2012-04-23,0.7068616633496843
2012-04-24,0.13540573710748333
2012-04-25,1.8617546993447212
2012-04-26,0.4462423298519324
2012-04-27,0.05828942050215821
2012-04-30,0.15081856949837533
2012-05-01,0.3201802531950536
2012-05-02,0.06233827749128864
2012-05-03,0.5865708824141148
2012-05-04,2.6073301692124176
2012-05-07,0.0012291705146047003
2012-05-08,0.18307136567415525
2012-05-09,0.4492023006057837
2012-05-10,0.06337229567575592
2012-05-11,0.11474202748887088
2012-05-14,1.2349510566788708
2012-05-15,0.3301514987134209
2012-05-16,0.19393715837285855
2012-05-17,2.2654248968762607
2012-05-18,0.5457908258952467
2012-05-21,2.5714963324513915
2012-05-22,0.0023651286538552774
2012-05-23,0.02868680842745601
2012-05-24,0.019043439156128807
2012-05-25,0.04689611478993047
2012-05-29,1.2274209249956245
2012-05-30,2.054870458331346
2012-05-31,0.05183239309743802
2012-06-01,6.0688399394508785
2012-06-04,0.00010346441708192774
2012-06-05,0.3279730258448193
2012-06-06,5.312747076758006
2012-06-07,0.000113323166675419
2012-06-08,0.6583910801772805
2012-06-11,1.5926765197562551
2012-06-12,1.3573968721564809
2012-06-13,0.49325540039594423
2012-06-14,1.1695719759277592
2012-06-15,1.0687057583434905
2012-06-18,0.020871560501810927
2012-06-19,0.9634859354314602
2012-06-20,0.02843702875016726
2012-06-21,4.955844668007089
2012-06-22,0.5147484136036832
2012-06-25,2.545561904908757
2012-06-26,0.22778727457355713
2012-06-27,0.8072872545355703
2012-06-28,0.04451455228511728
2012-06-29,6.210185203023265
2012-07-02,0.06048300608409064
2012-07-03,0.38839117226867054
2012-07-05,0.21967752460192547
2012-07-06,0.8897621739142088
2012-07-09,0.026855454746181694
2012-07-10,0.6603079498914817
2012-07-11,5.556970233843548e-07
2012-07-12,0.24945611293198228
2012-07-13,2.721624856818073
2012-07-16,0.05355998292773511
2012-07-17,0.5490292816469791
2012-07-18,0.4462910538142301
2012-07-19,0.07382709451242574
2012-07-20,1.0123735856515907
2012-07-23,0.7937109249216172
2012-07-24,0.8173899388223075
2012-07-25,0.000984884119081749
2012-07-26,2.736037292587705
2012-07-27,3.6406936336559275
2012-07-30,0.002336909777696494
2012-07-31,0.1863436935811476
2012-08-01,0.09183801676326057
2012-08-02,0.5437284780846998
2012-08-03,3.625327590602334
2012-08-06,0.05425527945980054
2012-08-07,0.2607901238682138
2012-08-08,0.0038542978213162342
2012-08-09,0.0017108962433519908
2012-08-10,0.047894455091605226
2012-08-13,0.01567238199380206
2012-08-14,0.00016433979672175527
2012-08-15,0.012988202661437053
2012-08-16,0.5041744614946067
2012-08-17,0.035048211764373914
2012-08-20,4.474989761941187e-06
2012-08-21,0.12232951786818763
2012-08-22,0.0005127564570637833
2012-08-23,0.65160710054736
2012-08-24,0.4166309890853495
2012-08-27,0.002390914972782596
2012-08-28,0.006532816667334398
2012-08-29,0.007129958777197812
2012-08-30,0.6093048218415056
2012-08-31,0.25738504235955917
2012-09-04,0.01359436168034454
2012-09-05,0.011551498862032846
2012-09-06,4.179069413783738
2012-09-07,0.1640201359185451
2012-09-10,0.37795063673257884
2012-09-11,0.09871419298395824
2012-09-12,0.04350153367799963
2012-09-13,2.6600943326001194
2012-09-14,0.15673136448685104
2012-09-17,0.09763359897047198
2012-09-18,0.016378338036044812
2012-09-19,0.01405371484225788
2012-09-20,0.002923640877161075
2012-09-21,5.6744659231798996e-05
2012-09-24,0.049847141035215266
2012-09-25,1.1028827319729755
2012-09-26,0.32909970805358474
2012-09-27,0.9310179160991776
2012-09-28,0.20050394125145612
2012-10-01,0.07030685972354057
2012-10-02,0.007608727157926309
2012-10-03,0.13136394188945263
2012-10-04,0.5147218687448045
2012-10-05,0.0010343261622114011
2012-10-08,0.11948790359537655
2012-10-09,0.9783039886384395
2012-10-10,0.38292389392267756
2012-10-11,0.00038202380111825696
2012-10-12,0.0879796978303569
2012-10-15,0.6525238742690014
2012-10-16,1.0547097313136515
2012-10-17,0.16950223026859737
2012-10-18,0.0597158348812525
2012-10-19,2.746075665592398
2012-10-22,0.0019322955798674833
2012-10-23,2.0862720022521706
2012-10-24,0.09519651264754261
2012-10-25,0.08973400339651205
2012-10-26,0.005313841145820944
2012-10-31,0.00024277998367190265
2012-11-01,1.1938892468236224
2012-11-02,0.8797396370514471
2012-11-05,0.04681889798646122
2012-11-06,0.6167245953130872
2012-11-07,5.619275245279061
2012-11-08,1.4895784767455122
2012-11-09,0.028856402977968335
2012-11-12,0.00017016931646090099
2012-11-13,0.1588357741309338
2012-11-14,1.9187811442089873
2012-11-15,0.025393049916066654
2012-11-16,0.2342476170789849
2012-11-19,3.9450089717345964
2012-11-20,0.004400394581238961
2012-11-21,0.05383338866859291
2012-11-23,1.6968497697745182
2012-11-26,0.04119244934336423
2012-11-27,0.2731649041755465
2012-11-28,0.6171592015664279
2012-11-29,0.18230470602871768
2012-11-30,0.0002638516633627565
2012-12-03,0.22516538809709782
2012-12-04,0.029236715026519183
2012-12-05,0.025118324404457118
2012-12-06,0.1093395434472193
2012-12-07,0.08531750406969614
2012-12-10,0.0011457427978806586
2012-12-11,0.4288862586191245
2012-12-12,0.002009096788438505
2012-12-13,0.39960155736257746
2012-12-14,0.17101570859183804
2012-12-17,1.4091042640450897
2012-12-18,1.319424103841436
2012-12-19,0.5759618043608917
2012-12-20,0.3012024412417062
2012-12-21,0.8796085298005318
2012-12-24,0.05955080999687729
2012-12-26,0.22919251886996944
2012-12-27,0.014846343674700705
2012-12-28,1.2210242207884896
2012-12-31,2.8703211153937147
2013-01-02,6.453300581131465
2013-01-03,0.043496613247602026
2013-01-04,0.23669324777401485
2013-01-07,0.09754041300983826
2013-01-08,0.10513015208353857
2013-01-09,0.0705364191914228
2013-01-10,0.5772097194794866
2013-01-11,2.2610473331109424e-05
2013-01-14,0.008661557865031711
2013-01-15,0.012740304360404322
2013-01-16,0.0003879535888810846
2013-01-17,0.3184305745564265
2013-01-18,0.1158206894514722
2013-01-22,0.19607664116641174
2013-01-23,0.022724871658653174
2013-01-24,4.475360360781031e-07
2013-01-25,0.29653161987458027
2013-01-28,0.03421328279364105
2013-01-29,0.2607178684016761
2013-01-30,0.15207020519440298
2013-01-31,0.06570595403302296
2013-02-01,1.0105610093769923
2013-02-04,1.3314137382023636
2013-02-05,1.0850259176152077
2013-02-06,0.003016202998592557
2013-02-07,0.03259513460577058
2013-02-08,0.3201199973432953
2013-02-11,0.003673433362695646
2013-02-12,0.025448011051545122
2013-02-13,0.0035085173211985574
2013-02-14,0.004769829634471716
2013-02-15,0.010922419263354239
2013-02-19,0.5382481794931977
2013-02-20,1.538627848829122
2013-02-21,0.39729302691013274
2013-02-22,0.7695699622951908
2013-02-25,3.3524073311354323
2013-02-26,0.3732582949006788
2013-02-27,1.6195008236458548
2013-02-28,0.007467064765916335
2013-03-01,0.05400619062278581
2013-03-04,0.21258768656369897
2013-03-05,0.9150756322542464
2013-03-06,0.011762779409255434
2013-03-07,0.03299525914403036
2013-03-08,0.20080353050045685
2013-03-11,0.10556906612351662
2013-03-12,0.05775654682858008
2013-03-13,0.01726665878476634
2013-03-14,0.3139378517980167
2013-03-15,0.02619360537770504
2013-03-18,0.3036393420831831
2013-03-19,0.05868624090131641
2013-03-20,0.44856444393937356
2013-03-21,0.6859964072869282
2013-03-22,0.5147027473105278
2013-03-25,0.11155545938442561
2013-03-26,0.6060716169812473
2013-03-27,0.0034612255451176677
2013-03-28,0.1645674431281478
2013-04-01,0.20013505301847648
2013-04-02,0.26752608548538337
2013-04-03,1.1122004353708776
2013-04-04,0.163897583308498
2013-04-05,0.18446396715884775
2013-04-08,0.397251808456926
2013-04-09,0.1256211237105946
2013-04-10,1.4857502677595995
2013-04-11,0.12618417898816628
2013-04-12,0.08047177810719389
2013-04-15,5.274507693167797
2013-04-16,2.0469735445262964
2013-04-17,2.0528359533300806
2013-04-18,0.44903236843978955
2013-04-19,0.7828520677751457
2013-04-22,0.2173079391220449
2013-04-23,1.0855972864000152
2013-04-24,4.011961601870059e-07
2013-04-25,0.16279090248061037
2013-04-26,0.03393278405527012
2013-04-29,0.5163880818668585
2013-04-30,0.06174848110211814
2013-05-01,0.866367483491505
2013-05-02,0.8850996943722
2013-05-03,1.109781715181401
2013-05-06,0.036397233495269736
2013-05-07,0.2735597180184958
2013-05-08,0.17132092622798897
2013-05-09,0.13595197372859588
2013-05-10,0.1867719854808673
2013-05-13,1.8359103150969586e-05
2013-05-14,1.0286394652768251
2013-05-15,0.2615399529618902
2013-05-16,0.2509715348958115
2013-05-17,1.0609198453490218
2013-05-20,0.005007811306466312
2013-05-21,0.02966624762870073
2013-05-22,0.684528319283395
2013-05-23,0.0854891614111113
2013-05-24,0.003039810177711153
2013-05-28,0.40207407656537175
2013-05-29,0.49673430423078757
2013-05-30,0.13471210269168069
2013-05-31,2.0469640852543907
2013-06-03,0.3523556717330573
2013-06-04,0.3036873835105636
2013-06-05,1.8988136553977732
2013-06-06,0.7208473319024338
2013-06-07,1.6464931172956225
2013-06-10,0.0012030224080047099
2013-06-11,1.0309020826808322
2013-06-12,0.7004961073920589
2013-06-13,2.18575903569946
2013-06-14,0.3463337892595654
2013-06-17,0.572644579213413
2013-06-18,0.607019565652545
2013-06-19,1.9186327716518228
2013-06-20,6.255142469211685
2013-06-21,0.07127328875321262
2013-06-24,1.475000739509385
2013-06-25,0.9019740736800801
2013-06-26,0.9197766953539791
2013-06-27,0.3843836035829221
2013-06-28,0.1840076005732349
2013-07-01,0.2920094770169195
2013-07-02,0.002969216082956021
2013-07-03,0.006789740396525265
2013-07-05,1.0407558979816536
2013-07-08,0.2757908679264626
2013-07-09,0.5226826538564207
2013-07-10,0.0003296508425481705
2013-07-11,1.837172889662632
2013-07-12,0.09526669355079509
2013-07-15,0.018901974311663135
2013-07-16,0.13754950555164244
2013-07-17,0.0769525724292746
2013-07-18,0.2533096905202856
2013-07-19,0.025923178644901446
2013-07-22,0.041330434162504294
2013-07-23,0.03429638449095206
2013-07-24,0.14525079840106725
2013-07-25,0.06535371967359305
2013-07-26,0.006860474937817086
2013-07-29,0.1395767656525423
2013-07-30,0.0013973692938875043
2013-07-31,0.00018610632735856808
2013-08-01,1.57265671763951
2013-08-02,0.026910091354074562
2013-08-05,0.021898605513294606
2013-08-06,0.32752982307120665
2013-08-07,0.1448478295480428
2013-08-08,0.15096968678246905
2013-08-09,0.12744884857558164
2013-08-12,0.013291264467826355
2013-08-13,0.07706278793857932
2013-08-14,0.2679725688448878
2013-08-15,2.0396298300722013
2013-08-16,0.1092038883012997
2013-08-19,0.3481429731288404
2013-08-20,0.14601920106836377
2013-08-21,0.3340432140024763
2013-08-22,0.7429457768035879
2013-08-23,0.15578708381390122
2013-08-26,0.1631897720185939
2013-08-27,2.519891319101669
2013-08-28,0.0754961971306461
2013-08-29,0.03854746306296246
2013-08-30,0.10076013727407332
2013-09-03,0.173404919005507
2013-09-04,0.658855594068516
2013-09-05,0.01463767998594292
2013-09-06,2.9569708108632617e-05
2013-09-09,0.9985867476119952
2013-09-10,0.5396036179287838
2013-09-11,0.09316380583064905
2013-09-12,0.11427364118047142
2013-09-13,0.07369659710828863
2013-09-16,0.32412090021042994
2013-09-17,0.17789154683976688
2013-09-18,1.4829557935013145
2013-09-19,0.03396364126656054
2013-09-20,0.5208401815043335
2013-09-23,0.22274120513619758
2013-09-24,0.0674539031176979
2013-09-25,0.0750459527896184
2013-09-26,0.12148093221980448
2013-09-27,0.16595645728008473
2013-09-30,0.3635197183525888
2013-10-01,0.6397716596319553
2013-10-02,0.004444444444444946
2013-10-03,0.8063029995673836
2013-10-04,0.4974826291488198
2013-10-07,0.7235814454892315
2013-10-08,1.5207952127159825
2013-10-09,0.003293177004948963
2013-10-10,4.765696706199451
2013-10-11,0.3951801391545764
2013-10-14,0.16603041140916383
2013-10-15,0.4989655229054973
2013-10-16,1.9120098341959122
2013-10-17,0.45481020782016085
2013-10-18,0.42886383030242947
2013-10-21,8.411975860610399e-05
2013-10-22,0.3291899339812593
2013-10-23,0.2232123189003792
2013-10-24,0.10615660836220533
2013-10-25,0.19314280906146342
2013-10-28,0.01768153216460413
2013-10-29,0.31183450234562554
2013-10-30,0.23775220800388933
2013-10-31,0.14740764110251167
2013-11-01,0.08429935741725574
2013-11-04,0.1274873122269155
2013-11-05,0.07871059984887054
2013-11-06,0.18194739289641293
2013-11-07,1.7378598394657534
2013-11-08,1.802999600375286
2013-11-11,0.00522605665953014
2013-11-12,0.05618560563259263
2013-11-13,0.6553405742439894
2013-11-14,0.23399098857384237
2013-11-15,0.17825295129020224
2013-11-18,0.13676562820170496
2013-11-19,0.04173630531530249
2013-11-20,0.1321766799985242
2013-11-21,0.6607373474533221
2013-11-22,0.24615875690089623
2013-11-25,0.015959922578136363
2013-11-26,0.0002243812789831881
2013-11-27,0.06175683342993433
2013-11-29,0.006173761302595872
2013-12-02,0.07392968859731952
2013-12-03,0.10194278481590463
2013-12-04,0.016991441632631988
2013-12-05,0.18831749218761185
2013-12-06,1.2629053948467455
2013-12-09,0.03301793945841846
2013-12-10,0.10110231546775683
2013-12-11,1.280713431969248
2013-12-12,0.1421726047175055
2013-12-13,0.00010277882702253039
2013-12-16,0.39942240515671423
2013-12-17,0.09615990835643608
2013-12-18,2.77154258832314
2013-12-19,0.003362866138142893
2013-12-20,0.23220298304905115
2013-12-23,0.2828214320087694
2013-12-24,0.08501719789783073
2013-12-26,0.22519666400568056
2013-12-27,0.0011329081378032132
2013-12-30,0.00032116750812588227
2013-12-31,0.15678858983383112
2014-01-02,0.7853344915878095
2014-01-03,0.0011087106360821227
2014-01-06,0.06309042777109863
2014-01-07,0.3698795973924791
2014-01-08,0.00045029270432619847
2014-01-09,0.0012131373654097786
2014-01-10,0.05320828570262799
2014-01-13,1.5816062085207423
2014-01-14,1.170278680878053
2014-01-15,0.26689499634446756
2014-01-16,0.018147473580836244
2014-01-17,0.15172115726796945
2014-01-21,0.0769340508272112
2014-01-22,0.0033050962336584073
2014-01-23,0.7902433807747293
2014-01-24,4.357861182377766
2014-01-27,0.23778350025668554
2014-01-28,0.37708020758011185
2014-01-29,1.0422786715918808
2014-01-30,1.2694641430539295
2014-01-31,0.41800272681861117
2014-02-03,5.212977934942327
2014-02-04,0.5838679805402326
2014-02-05,0.04113834116247763
2014-02-06,1.547478957936992
2014-02-07,1.7694071587025426
2014-02-10,0.0246259160925488
2014-02-11,1.223699327001753
2014-02-12,0.0007250512472285477
2014-02-13,0.3375673489189577
2014-02-14,0.23128307732289052
2014-02-18,0.013420556441491989
2014-02-19,0.4256882647635835
2014-02-20,0.3637829551820199
2014-02-21,0.036814391289393865
2014-02-24,0.3827304756665937
2014-02-25,0.018162602819614203
2014-02-26,4.6997066421091066e-06
2014-02-27,0.24483499479329884
2014-02-28,0.07743621034024813
2014-03-03,0.5444264457795874
2014-03-04,2.331018043198122
2014-03-05,2.847754471258419e-05
2014-03-06,0.029529809054080463
2014-03-07,0.002895344996917268
2014-03-10,0.0021459956103414275
2014-03-11,0.2582792636531985
2014-03-12,0.0009314681906211154
2014-03-13,1.3691580359249331
2014-03-14,0.07962548478708971
2014-03-17,0.9242248119680797
2014-03-18,0.5212255372073269
2014-03-19,0.3759725150633147
2014-03-20,0.3648776240599337
2014-03-21,0.08600592284682565
2014-03-24,0.23664994148903037
2014-03-25,0.19394429972300495
2014-03-26,0.49004952902246046
2014-03-27,0.036102789707127346
2014-03-28,0.21531880612462467
2014-03-31,0.6279164540257274
2014-04-01,0.4955202298852063
2014-04-02,0.08141459457656039
2014-04-03,0.012688844733421486
2014-04-04,1.571828807378653
2014-04-07,1.1556575656820152
2014-04-08,0.1406697180321925
2014-04-09,1.1920626974113495
2014-04-10,4.36172531456489
2014-04-11,0.899987185885659
2014-04-14,0.6752339078697022
2014-04-15,0.456612439058519
2014-04-16,1.1000754264336234
2014-04-17,0.018602164590193915
2014-04-21,0.14251399302015824
2014-04-22,0.16745452622938398
2014-04-23,0.048986780135850165
2014-04-24,0.029480072792063605
2014-04-25,0.6555188255607534
2014-04-28,0.10471826593516474
2014-04-29,0.22665306567696367
2014-04-30,0.08952180728410362
2014-05-01,0.00020539448743918227
2014-05-02,0.01818248256867945
2014-05-05,0.03501410989559854
2014-05-06,0.8079059109408242
2014-05-07,0.3154477526531586
2014-05-08,0.0188690969079203
2014-05-09,0.02308848193354189
2014-05-12,0.9356139823986117
2014-05-13,0.00177912139867377
2014-05-14,0.22099834818619743
2014-05-15,0.8764290113852539
2014-05-16,0.14039708776947052
2014-05-19,0.14782502895355848
2014-05-20,0.42229175864261603
2014-05-21,0.6587042429167975
2014-05-22,0.05580227896404414
2014-05-23,0.18048657797818818
2014-05-27,0.35853789583505036
2014-05-28,0.01241150130910829
2014-05-29,0.28805873485341676
2014-05-30,0.03399307833299917
2014-06-02,0.005297123286941888
2014-06-03,0.0014381288183736936
2014-06-04,0.03578362144246116
2014-06-05,0.4257957147296697
2014-06-06,0.2141624289457002
2014-06-09,0.008812161208832636
2014-06-10,0.0006051286841856235
2014-06-11,0.12510571235286078
2014-06-12,0.5025219818817709
2014-06-13,0.09825318277262435
2014-06-16,0.007000797921517913
2014-06-17,0.047201440562451256
2014-06-18,0.5958120566672248
2014-06-19,0.01631951481249061
2014-06-20,0.029930758737329283
2014-06-23,0.00017545414034292393
2014-06-24,0.41413190144262824
2014-06-25,0.23985370374567994
2014-06-26,0.013896970196804893
2014-06-27,0.03651437861690555
2014-06-30,0.0013858245491153284
2014-07-01,0.44592850043586546
2014-07-02,0.004340019386478285
2014-07-03,0.3002530713676909
2014-07-07,0.1539435087274176
2014-07-08,0.49685158580621064
2014-07-09,0.21569246473713785
2014-07-10,0.17066163051752134
2014-07-11,0.021637746936488594
2014-07-14,0.2345986004894464
2014-07-15,0.03733098537968434
2014-07-16,0.1764946855315766
2014-07-17,1.400447578143546
2014-07-18,1.0536915767588073
2014-07-21,0.053836422712246694
2014-07-22,0.2516163819367581
2014-07-23,0.030780873575928062
2014-07-24,0.002383106015757577
2014-07-25,0.2351419124381223
2014-07-28,0.0008301333223383519
2014-07-29,0.2050047543504616
2014-07-30,3.71066788430998e-05
2014-07-31,3.9997157511909944
2014-08-01,0.08174516200880673
2014-08-04,0.5168244283391104
2014-08-05,0.9380803465634855
2014-08-06,2.440872279989482e-06
2014-08-07,0.30875771243158007
2014-08-08,1.3297299878322828
2014-08-11,0.07614204229240396
2014-08-12,0.026785216269860503
2014-08-13,0.4498619886520583
2014-08-14,0.1888572861544487
2014-08-15,3.7669425772385144e-05
2014-08-18,0.7279003229868503
2014-08-19,0.25006593596066895
2014-08-20,0.061394716331718155
2014-08-21,0.0870189263887534
2014-08-22,0.039704618368194014
2014-08-25,0.22922732577170524
2014-08-26,0.011047967823591512
2014-08-27,2.499950000744908e-05
2014-08-28,0.02855757298843278
2014-08-29,0.11025137656070878
2014-09-02,0.00296026550040313
2014-09-03,0.006070152164294701
2014-09-04,0.023545294336605425
2014-09-05,0.253604620725831
2014-09-08,0.09444269331928234
2014-09-09,0.4283650638240638
2014-09-10,0.1329385787046174
2014-09-11,0.00777748484083123
2014-09-12,0.35552626402087384
2014-09-15,0.0050429068253282795
2014-09-16,0.5601607307100772
2014-09-17,0.016787368749730476
2014-09-18,0.23923450440580155
2014-09-19,0.00227804788078188
2014-09-22,0.6421346859442744
2014-09-23,0.33367858489727065
2014-09-24,0.6134769262710873
2014-09-25,2.614282641671623
2014-09-26,0.7354489489632565
2014-09-29,0.06486389633938014
2014-09-30,0.07761371161238834
2014-10-01,1.755243097980806
2014-10-02,2.6402370170721527e-07
2014-10-03,1.246688362002961
2014-10-06,0.02449601174309205
2014-10-07,2.287979188559986
2014-10-08,3.049085184128327
2014-10-09,4.2689294948348735
2014-10-10,1.3112620022722568
2014-10-13,2.711924522013205
2014-10-14,0.024928797551622393
2014-10-15,0.6561543548563453
2014-10-16,0.00021015495251596638
2014-10-17,1.6600022487220691
2014-10-20,0.835881816587206
2014-10-21,3.8316015079464374
2014-10-22,0.5327989250931803
2014-10-23,1.5137358549445825
2014-10-24,0.4975107497951046
2014-10-27,0.022547821858946635
2014-10-28,1.425409313172231
2014-10-29,0.019192099517226467
2014-10-30,0.38814603423825333
2014-10-31,1.3762531061668564
2014-11-03,0.00014143556798241913
2014-11-04,0.08007771579687356
2014-11-05,0.3249583595609563
2014-11-06,0.14254443031954595
2014-11-07,0.001221819481363343
2014-11-10,0.09735657916929466
2014-11-11,0.004853527842735294
2014-11-12,0.004915277028634199
2014-11-13,0.002807583031676036
2014-11-14,0.0005773207191369683
2014-11-17,0.00540752862212113
2014-11-18,0.26357267487342434
2014-11-19,0.02253364157434863
2014-11-20,0.03869411143376399
2014-11-21,0.2742488447990376
2014-11-24,0.08202873522153337
2014-11-25,0.01322698397319023
2014-11-26,0.07873402022472326
2014-11-28,0.06463888543585451
2014-12-01,0.46639421013992755
2014-12-02,0.40760673199213354
2014-12-03,0.14173181838525467
2014-12-04,0.013498278624900622
2014-12-05,0.027726319592172848
2014-12-08,0.5265733487089925
2014-12-09,0.0005656229456160822
2014-12-10,2.6735334635201475
2014-12-11,0.2057273925962596
2014-12-12,2.6288040294915604
2014-12-15,0.4022871250045898
2014-12-16,0.7206338493350629
2014-12-17,4.142203183104967
2014-12-18,5.767308826606826
2014-12-19,0.20885693294066143
2014-12-22,0.14519130641347955
2014-12-23,0.03049976385735582
2014-12-24,0.00019398297970579155
2014-12-26,0.10952847923265634
2014-12-29,0.007426150861247834
2014-12-30,0.23898594685024444
2014-12-31,1.06311875204902
2015-01-02,0.0011559141304995691
2015-01-05,3.340891985690416
2015-01-06,0.790940937438214
2015-01-07,1.3525278489255905
2015-01-08,3.199929197654448
2015-01-09,0.7062538567808757
2015-01-12,0.6550735669970275
2015-01-13,0.0664899683144767
2015-01-14,0.33791696609469135
2015-01-15,0.8552343523996384
2015-01-16,1.8020913736722133
2015-01-20,0.02402344957983227
2015-01-21,0.2238851776997195
2015-01-22,2.331658005244881
2015-01-23,0.3015769962637215
2015-01-26,0.06596942715465662
2015-01-27,1.792343667866308
2015-01-28,1.8213128612151404
2015-01-29,0.9091055216924756
2015-01-30,1.6879103556866628
2015-02-02,1.6802565416217137
2015-02-03,2.0849825173110297
2015-02-04,0.17272641391925103
2015-02-05,1.059129541474318
2015-02-06,0.116837403472984
2015-02-09,0.18038740140280626
2015-02-10,1.1396658326249367
2015-02-11,8.413053661325579e-06
2015-02-12,0.9301696226950884
2015-02-13,0.1660345535892901
2015-02-17,0.02552095344014502
2015-02-18,0.0009874353351920417
2015-02-19,0.011279854641629549
2015-02-20,0.3753384203728449
2015-02-23,0.0009197537137588438
2015-02-24,0.07610637421168769
2015-02-25,0.005864246015741755
2015-02-26,0.021784958976457512
2015-02-27,0.08739763859644434
2015-03-02,0.37515261197127303
2015-03-03,0.20598948888812338
2015-03-04,0.19258963355815542
2015-03-05,0.014305962380493214
2015-03-06,2.009003741206303
2015-03-09,0.1555875623768827
2015-03-10,2.8768837213342273
2015-03-11,0.036774126228381006
2015-03-12,1.5879676015612987
2015-03-13,0.36901824455287674
2015-03-16,1.8315972305394967
2015-03-17,0.11023833211265195
2015-03-18,1.4782755862653165
2015-03-19,0.23742120752392393
2015-03-20,0.812290742222257
2015-03-23,0.030472860310173364
2015-03-24,0.37692955011004203
2015-03-25,2.1196241357831074
2015-03-26,0.056521685567225116
2015-03-27,0.05609812350849526
2015-03-30,1.4973583616196822
2015-03-31,0.7736483456854412
2015-04-01,0.1572435494966616
2015-04-02,0.124584811893004
2015-04-06,0.4367543651962592
2015-04-07,0.04251371400854071
2015-04-08,0.07196438734591046
2015-04-09,0.19869009712487645
2015-04-10,0.2706917111084939
2015-04-13,0.20987579682017946
2015-04-14,0.026558704194399294
2015-04-15,0.2650492866893605
2015-04-16,0.0060605378369497686
2015-04-17,1.279436442842508
2015-04-20,0.8528791141493486
2015-04-21,0.021923846809421416
2015-04-22,0.2588283636220781
2015-04-23,0.0555888956551179
2015-04-24,0.05075089279657385
2015-04-27,0.17150406377701488
2015-04-28,0.07668412797046156
2015-04-29,0.13990421288857205
2015-04-30,1.0259391363757882
2015-05-01,1.1931165947491122
2015-05-04,0.0864813939837401
2015-05-05,1.4012332301609096
2015-05-06,0.19853232968167006
2015-05-07,0.14241312199693518
2015-05-08,1.811138452165959
2015-05-11,0.2590353481196339
2015-05-12,0.08700472573720924
2015-05-13,0.0009295770968443882
2015-05-14,1.161918140797061
2015-05-15,0.005905448967697348
2015-05-18,0.09290071272923367
2015-05-19,0.0041400751011255454
2015-05-20,0.008658776408464124
2015-05-21,0.054657220495758836
2015-05-22,0.049902278605676885
2015-05-26,1.0571808359829555
2015-05-27,0.8395373586292275
2015-05-28,0.016047530512586748
2015-05-29,0.39922181324761175
2015-06-01,0.04241208559506507
2015-06-02,0.010173781999064421
2015-06-03,0.04489674053021116
2015-06-04,0.7435918320172512
2015-06-05,0.0206260820769456
2015-06-08,0.41918978026242154
2015-06-09,0.0017507033096777298
2015-06-10,1.4501941674856706
2015-06-11,0.03022563601096576
2015-06-12,0.4892023581989201
2015-06-15,0.21367402613558048
2015-06-16,0.3237387964880377
2015-06-17,0.03919164279827379
2015-06-18,0.9806321092996605
2015-06-19,0.28127130551383844
2015-06-22,0.37146777383771323
2015-06-23,0.004044165507136826
2015-06-24,0.5407185266559501
2015-06-25,0.08842089690049046
2015-06-26,0.0015213677034860106
2015-06-29,4.353961053401082
2015-06-30,0.07067012587510607
2015-07-01,0.48109904996110586
2015-07-02,0.0009490985964854295
2015-07-06,0.14913093853982917
2015-07-07,0.3697779933571425
2015-07-08,2.7731352753511938
2015-07-09,0.05117549954144667
2015-07-10,1.5223751838998938
2015-07-13,1.2245766775364435
2015-07-14,0.1983125018759865
2015-07-15,0.005401704588316667
2015-07-16,0.6423405625277554
2015-07-17,0.01223793423887448
2015-07-20,0.0059470246628088655
2015-07-21,0.18161722948874995
2015-07-22,0.05701026299323913
2015-07-23,0.32217430264165614
2015-07-24,1.145612205485731
2015-07-27,0.3335074301876198
2015-07-28,1.534155234818884
2015-07-29,0.5356428730664642
2015-07-30,8.097043161397227e-06
2015-07-31,0.05160244323188566
2015-08-03,0.07600297128565103
2015-08-04,0.050612346122648394
2015-08-05,0.0970116621998826
2015-08-06,0.6010856948297515
2015-08-07,0.08264976483280752
2015-08-10,1.6405082476739787
2015-08-11,0.9133944417206362
2015-08-12,0.009026217130672634
2015-08-13,0.01625974932542492
2015-08-14,0.15302911510291792
2015-08-17,0.2715942970806176
2015-08-18,0.0689335959423385
2015-08-19,0.6814443764170874
2015-08-20,4.452146469411193
2015-08-21,10.14485067292278
2015-08-24,15.53437060250722
2015-08-25,1.8284468941452625
2015-08-26,15.23641086397857
2015-08-27,5.9037998260511335
2015-08-28,0.003705838975746287
2015-08-31,0.7042062569174584
2015-09-01,8.747639003013678
2015-09-02,3.346327392915368
2015-09-03,0.013567206355695038
2015-09-04,2.349959691512417
2015-09-08,6.291579005612087
2015-09-09,1.931422637206407
2015-09-10,0.27856810459387876
2015-09-11,0.20133512693224526
2015-09-14,0.16725203202852773
2015-09-15,1.6464339183803351
2015-09-16,0.7578341980628195
2015-09-17,0.06558749468278548
2015-09-18,2.6128151043318018
2015-09-21,0.20846653814984828
2015-09-22,1.5174393989986246
2015-09-23,0.04196978841879408
2015-09-24,0.11309595955581445
2015-09-25,0.0021695161239287074
2015-09-28,6.587496042031781
2015-09-29,0.015199975527066818
2015-09-30,3.638755346118678
2015-10-01,0.0389638973860528
2015-10-02,2.0492691452385072
2015-10-05,3.3451708157174016
2015-10-06,0.12875421903540007
2015-10-07,0.645721242821424
2015-10-08,0.7776393756230201
2015-10-09,0.005258146002936967
2015-10-12,0.016269101317229112
2015-10-13,0.46586278108864526
2015-10-14,0.2224347087514018
2015-10-15,2.2060495475364155
2015-10-16,0.2088923479943088
2015-10-19,0.0007318189078000397
2015-10-20,0.020194773767530337
2015-10-21,0.3393501231391969
2015-10-22,2.764749940857186
2015-10-23,1.216696564033176
2015-10-26,0.03660007911215579
2015-10-27,0.06523424743221225
2015-10-28,1.4018402278202833
2015-10-29,0.002022170123713716
2015-10-30,0.23135814081890888
2015-11-02,1.4098821405147939
2015-11-03,0.07442377118281711
2015-11-04,0.12569694910111096
2015-11-05,0.012816233223710933
2015-11-06,0.0012084705860384438
2015-11-09,0.9648719619669179
2015-11-10,0.022820534265131472
2015-11-11,0.10420628580342127
2015-11-12,1.9573021338365528
2015-11-13,1.256057689875683
2015-11-16,2.221087629586558
2015-11-17,0.01793936667945402
2015-11-18,2.6122267786232745
2015-11-19,0.01261279551321163
2015-11-20,0.14517841356444314
2015-11-23,0.015250772767286234
2015-11-24,0.014935030625094414
2015-11-25,0.0001670292147813422
2015-11-27,0.003523875408867822
2015-11-30,0.21537990561418996
2015-12-01,1.1407493865769067
2015-12-02,1.209065826732532
2015-12-03,2.065997557640464
2015-12-04,4.21306659116776
2015-12-07,0.4885399740382219
2015-12-08,0.42118948282605906
2015-12-09,0.598911983644756
2015-12-10,0.050687763016240714
2015-12-11,3.772441595839273
2015-12-14,0.22615604825869756
2015-12-15,1.1275285850395231
2015-12-16,2.106838590333226
2015-12-17,2.262165047957761
2015-12-18,3.167416403379051
2015-12-21,0.6050373833563959
2015-12-22,0.7773530510918414
2015-12-23,1.5420758322494077
2015-12-24,0.025555622385999704
2015-12-28,0.04746144023013991
2015-12-29,1.12990749001778
2015-12-30,0.5208839399089764
2015-12-31,0.8858260280204121
2016-01-04,2.3420556109449366
2016-01-05,0.040491998825025556
2016-01-06,1.7201425909878854
2016-01-07,5.617099579717449
2016-01-08,1.1747106342356837
2016-01-11,0.0072806033631808665
2016-01-12,0.6088358825209527
2016-01-13,6.232732145031764
2016-01-14,2.7875438663610526
2016-01-15,4.665207983924844
2016-01-19,0.002828341524963353
2016-01-20,1.3674624193721632
2016-01-21,0.2699238747533415
2016-01-22,4.114277810640065
2016-01-25,2.4454536777066447
2016-01-26,2.000614840542972
2016-01-27,1.1801466775774867
2016-01-28,0.3056496362377878
2016-01-29,6.130682292597486
2016-02-01,0.001964653629868791
2016-02-02,3.5130392753928916
2016-02-03,0.24920453492051076
2016-02-04,0.023310371255886815
2016-02-05,3.415583322672548
2016-02-08,2.0033228752521217
2016-02-09,0.004404059318369418
2016-02-10,0.00035707187124460905
2016-02-11,1.5131818983699916
2016-02-12,3.8095267742156085
2016-02-16,2.7280116939991585
2016-02-17,2.716050337847296
2016-02-18,0.21768930476436707
2016-02-19,6.797039486790859e-06
2016-02-22,2.0892426429740345
2016-02-23,1.5511162868453205
2016-02-24,0.19711571943671832
2016-02-25,1.2878450870878457
2016-02-26,0.03497515152326686
2016-02-29,0.6594969010375853
2016-03-01,5.6971933119912705
2016-03-02,0.16763464656549465
2016-03-03,0.12240927704160032
2016-03-04,0.1092903763114492
2016-03-07,0.007832328323087884
2016-03-08,1.2634004368538487
2016-03-09,0.25526678246995843
2016-03-10,0.0002428512190158229
2016-03-11,2.6881250372855594
2016-03-14,0.01590143960348649
2016-03-15,0.033744258718905996
2016-03-16,0.3136440030713023
2016-03-17,0.4349717482813964
2016-03-18,0.19409210734231375
2016-03-21,0.009713438388447392
2016-03-22,0.007697676035489665
2016-03-23,0.407808539367031
2016-03-24,0.0014292988980425896
2016-03-28,0.0029724599210059653
2016-03-29,0.7773369046062942
2016-03-30,0.18925491125536542
2016-03-31,0.04160694678471894
2016-04-01,0.400802458407781
2016-04-04,0.10292879098321246
2016-04-05,1.029122964184899
2016-04-06,1.1041142215727338
2016-04-07,1.4342086546090442
2016-04-08,0.07765176663579833
2016-04-11,0.07506465289997122
2016-04-12,0.933570131765427
2016-04-13,1.008048257286198
2016-04-14,0.0002988603833448512
2016-04-15,0.009687705425720866
2016-04-18,0.4278433564389598
2016-04-19,0.0951416460977993
2016-04-20,0.0058005683396854125
2016-04-21,0.2697830007714625
2016-04-22,2.2860860213751753e-05
2016-04-25,0.0328344283175197
2016-04-26,0.035073563164531786
2016-04-27,0.027204415375931396
2016-04-28,0.8520845622161553
2016-04-29,0.25634817649345804
2016-05-02,0.6099615294147129
2016-05-03,0.7528559243625385
2016-05-04,0.3524665873284691
2016-05-05,0.0005707028237336224
2016-05-06,0.10078301902702048
2016-05-09,0.005677219666648866
2016-05-10,1.558419367189403
2016-05-11,0.914232457007605
2016-05-12,0.0002874240757372607
2016-05-13,0.7188038947549595
2016-05-16,0.9597509933377598
2016-05-17,0.8857295697340812
2016-05-18,0.0004208950248428663
2016-05-19,0.137398054764311
2016-05-20,0.3623425761995184
2016-05-23,0.043490798676531266
2016-05-24,1.8717997840233982
2016-05-25,0.4864714102289886
2016-05-26,0.00044298435625054794
2016-05-27,0.18377307777198135
2016-05-31,0.010008958395426044
2016-06-01,0.012773690801545418
2016-06-02,0.07978990770581643
2016-06-03,0.08478313497421586
2016-06-06,0.23983223706694115
2016-06-07,0.016627073133764034
2016-06-08,0.10952494938034511
2016-06-09,0.029504731489331838
2016-06-10,0.8418471057625747
2016-06-13,0.658562599281248
2016-06-14,0.03236004810899838
2016-06-15,0.033881028311801877
2016-06-16,0.09815660263839115
2016-06-17,0.10614277334184748
2016-06-20,0.3373485070948795
2016-06-21,0.07355532430825418
2016-06-22,0.02727739485265973
2016-06-23,1.7859708811903312
2016-06-24,12.902309532156583
2016-06-27,3.2748348873755555
2016-06-28,3.1578008073603607
2016-06-29,2.901110265132105
2016-06-30,1.840092898519714
2016-07-01,0.03797341663686939
2016-07-05,0.4688858105054318
2016-07-06,0.2865456722275347
2016-07-07,0.007595830639048851
2016-07-08,2.326646431068315
2016-07-11,0.11618627128428188
2016-07-12,0.4913031543030999
2016-07-13,0.00018157454181200858
2016-07-14,0.2765889213911198
2016-07-15,0.008629347398396813
2016-07-18,0.05675544599425153
2016-07-19,0.020599043149990486
2016-07-20,0.18235502610683663
2016-07-21,0.13050040711166935
2016-07-22,0.2073814123599883
2016-07-25,0.09068847458263149
2016-07-26,0.0010420420343086228
2016-07-27,0.014366650040140557
2016-07-28,0.025799365683125783
2016-07-29,0.026611113077436622
2016-08-01,0.016123484829292267
2016-08-02,0.40469862285143904
2016-08-03,0.0982157237377195
2016-08-04,0.00045194485286587083
2016-08-05,0.7401921942711696
2016-08-08,0.008227627783410192
2016-08-09,0.0015190439143927643
2016-08-10,0.08206425790255482
2016-08-11,0.22416110910817288
2016-08-12,0.006336969649474963
2016-08-15,0.07800716898775585
2016-08-16,0.30020282312517815
2016-08-17,0.03491509672443973
2016-08-18,0.048382177590261755
2016-08-19,0.020745103137838693
2016-08-22,0.0031721714937
2016-08-23,0.038093859721004854
2016-08-24,0.2746068624520845
2016-08-25,0.01863883137392701
2016-08-26,0.024927611312911185
2016-08-29,0.2733323196231457
2016-08-30,0.03817287048145069
2016-08-31,0.05644369095726263
2016-09-01,1.718641824763622e-05
2016-09-02,0.17649241419004294
2016-09-06,0.08890408054883028
2016-09-07,0.00021419480742790827
2016-09-08,0.04942067251258635
2016-09-09,6.013321128972415
2016-09-12,2.1541615868840718
2016-09-13,2.199486386079743
2016-09-14,0.0034536385154033296
2016-09-15,1.021975026888998
2016-09-16,0.14229864669206366
2016-09-19,3.4964992896776655e-06
2016-09-20,0.0008951372940680651
2016-09-21,1.1918333877644702
2016-09-22,0.42248317262216156
2016-09-23,0.32910630642911975
2016-09-26,0.7375090565381451
2016-09-27,0.4152832848519735
2016-09-28,0.280525726510019
2016-09-29,0.8688670940676878
2016-09-30,0.6348751392161135
2016-10-03,0.10631929927580107
2016-10-04,0.24557775447719724
2016-10-05,0.18461589399353998
2016-10-06,0.0023188238398246753
2016-10-07,0.10585065920961609
2016-10-10,0.2121469519291351
2016-10-11,1.549154290943015
2016-10-12,0.013147188008322336
2016-10-13,0.09605774733180976
2016-10-14,0.00040657293624514707
2016-10-17,0.09229463256524573
2016-10-18,0.3795000323142258
2016-10-19,0.04804857443263096
2016-10-20,0.018926791219863442
2016-10-21,7.066001916805225e-05
2016-10-24,0.22560237264602132
2016-10-25,0.14422151261350818
2016-10-26,0.03029064168467092
2016-10-27,0.0892083596231793
2016-10-28,0.09661155170171898
2016-10-31,0.00014950395577912427
2016-11-01,0.4606221951221804
2016-11-02,0.4258197188759012
2016-11-03,0.19566350347265993
2016-11-04,0.027760225436333816
2016-11-07,4.93884000636567
2016-11-08,0.1422765329361935
2016-11-09,1.2270090107913938
2016-11-10,0.03805462634108207
2016-11-11,0.019542272255083332
2016-11-14,0.00013340893023287002
2016-11-15,0.5596273255271813
2016-11-16,0.02503628156274552
2016-11-17,0.2186767633836716
2016-11-18,0.05696338409023102
2016-11-21,0.556722939441079
2016-11-22,0.046890773966312395
2016-11-23,0.006528819577981774
2016-11-25,0.15321973534005967
2016-11-28,0.27609544364057786
2016-11-29,0.01783078592181001
2016-11-30,0.07040905038350237
2016-12-01,0.12359007078403314
2016-12-02,0.0015766018647634782
2016-12-05,0.3388754147138727
2016-12-06,0.11634098522770811
2016-12-07,1.7326952559162017
2016-12-08,0.046630638734177506
2016-12-09,0.3527107369086514
2016-12-12,0.01293689409508543
2016-12-13,0.42768595714177327
2016-12-14,0.6588889593504552
2016-12-15,0.15079459741896797
2016-12-16,0.030647401012684268
2016-12-19,0.03901170357557588
2016-12-20,0.13231557777430453
2016-12-21,0.06038456291137903
2016-12-22,0.034707190938406
2016-12-23,0.015667045797658603
2016-12-27,0.05055490403990181
2016-12-28,0.6983186039835172
2016-12-29,0.0008605056348682857
2016-12-30,0.21502516860518223
2017-01-03,0.720219650312983
2017-01-04,0.3274481558013124
2017-01-05,0.005939329938614038
2017-01-06,0.12369062697817683
2017-01-09,0.1259227760980461
2017-01-10,0.0
2017-01-11,0.0800643801813956
2017-01-12,0.045999665697648524
2017-01-13,0.03421988312144312
2017-01-17,0.0880607138339003
2017-01-18,0.031108280806530445
2017-01-19,0.1302726071765525
2017-01-20,0.11331203468709905
2017-01-23,0.07236517130049841
2017-01-24,0.43093208549204276
2017-01-25,0.6441778961332247
2017-01-26,0.005406715536481943
2017-01-27,0.0075076700158670144
2017-01-30,0.3611440684616245
2017-01-31,0.007920992196066269
2017-02-01,0.0008903868206140208
2017-02-02,0.0032522839774032663
2017-02-03,0.5277783452243084
2017-02-06,0.04474986645407698
2017-02-07,0.0005144761728600455
2017-02-08,0.004807904533816677
2017-02-09,0.33090809146532457
2017-02-10,0.1271677498569882
2017-02-13,0.27519335487121116
2017-02-14,0.1605846628479103
2017-02-15,0.24923483717822933
2017-02-16,0.007466784285114749
2017-02-17,0.028176357542689635
2017-02-21,0.36579252276243546
2017-02-22,0.011713268262984473
2017-02-23,0.0017555334649993703
2017-02-24,0.02230099701719082
2017-02-27,0.010363651789807504
2017-02-28,0.06647790990909176
2017-03-01,1.8697349333555555
2017-03-02,0.3433800732409902
2017-03-03,0.0025380966158754775
2017-03-06,0.10740147477735959
2017-03-07,0.08487339891656957
2017-03-08,0.052178079821172424
2017-03-09,0.006397400157438985
2017-03-10,0.10684259898511154
2017-03-13,0.00134458868763792
2017-03-14,0.11417768759065357
2017-03-15,0.7013606661267641
2017-03-16,0.026460131650212212
2017-03-17,0.017275525673938318
2017-03-20,0.040396224991306594
2017-03-21,1.5395829922013675
2017-03-22,0.03571781032026722
2017-03-23,0.0112418052590064
2017-03-24,0.007123430226776481
2017-03-27,0.010396520120641961
2017-03-28,0.5258400521637044
2017-03-29,0.011781006354049536
2017-03-30,0.08614432466107177
2017-03-31,0.05085072041569279
2017-04-03,0.026967391254047453
2017-04-04,0.0031314890324267825
2017-04-05,0.09332277367356089
2017-04-06,0.03722942327879744
2017-04-07,0.006841786287446646
2017-04-10,0.004729868450529773
2017-04-11,0.020561522777126917
2017-04-12,0.1413692014174687
2017-04-13,0.4644016822612539
2017-04-17,0.7418934345148481
2017-04-18,0.08429445712848499
2017-04-19,0.029458312254551457
2017-04-20,0.5711115339004894
2017-04-21,0.09211290960455337
2017-04-24,1.1750744983505765
2017-04-25,0.37095418672834035
2017-04-26,0.0023584435520927756
2017-04-27,0.0030568863483304586
2017-04-28,0.036600222681109296
2017-05-01,0.030006458155260398
2017-05-02,0.014139954511643977
2017-05-03,0.01616315957144076
2017-05-04,0.003387768081279997
2017-05-05,0.1671736357334404
2017-05-08,1.4070824006178534e-05
2017-05-09,0.010511680333331419
2017-05-10,0.012782962161163782
2017-05-11,0.046778484754333355
2017-05-12,0.021857405337248562
2017-05-15,0.2281441744655462
2017-05-16,0.004717437712240266
2017-05-17,3.3044908461896867
2017-05-18,0.13592812694741901
2017-05-19,0.4579899846486258
2017-05-22,0.26626783784617025
2017-05-23,0.03377923458168713
2017-05-24,0.061958113830386366
2017-05-25,0.1973025413912417
2017-05-26,0.0009644130545753356
2017-05-30,0.014509646547862446
2017-05-31,0.0021162341138383726
2017-06-01,0.5732168718165003
2017-06-02,0.13747242333425835
2017-06-05,0.014827378350866584
2017-06-06,0.07723019187391444
2017-06-07,0.02459670455857542
2017-06-08,0.0007136619074677344
2017-06-09,0.0068886883003800425
2017-06-12,0.009578751825058138
2017-06-13,0.20352915490514492
2017-06-14,0.009915355979130644
2017-06-15,0.050158713046603
2017-06-16,0.0008046495389513943
2017-06-19,0.6967581864790391
2017-06-20,0.44845323700408113
2017-06-21,0.0033951185067170645
2017-06-22,0.002076971133498055
2017-06-23,0.024363946404214028
2017-06-26,0.0009972571827995484
2017-06-27,0.6516927705624947
2017-06-28,0.7758159911212601
2017-06-29,0.7396046511510569
2017-06-30,0.023508491942925504
2017-07-03,0.0533976645502096
2017-07-05,0.02111984882742264
2017-07-06,0.8777456170538436
2017-07-07,0.41000379279714405
2017-07-10,0.008607500966778826
2017-07-11,0.006126518820014669
2017-07-12,0.5337208070134207
2017-07-13,0.035139464681799
2017-07-14,0.21841856160839207
2017-07-17,2.7943080421244198e-05
2017-07-18,0.0035732891563022796
2017-07-19,0.28865384108071424
2017-07-20,0.00023595407898000363
2017-07-21,0.0013535568882038667
2017-07-24,0.011314225872345263
2017-07-25,0.08545001399533479
2017-07-26,0.0007985433217954799
2017-07-27,0.009459998587181644
2017-07-28,0.01798781351497551
2017-07-31,0.005301673042252078
2017-08-01,0.05998067551354622
2017-08-02,0.002427144362304399
2017-08-03,0.04768070441669552
2017-08-04,0.03568458174187084
2017-08-07,0.027134881388417464
2017-08-08,0.058295042797327355
2017-08-09,0.0013223995366603244
2017-08-10,2.0950878088094114
2017-08-11,0.016269663167172536
2017-08-14,1.0087685029449867
2017-08-15,0.0024881722163953394
2017-08-16,0.020166924674228478
2017-08-17,2.3829829117015544
2017-08-18,0.03368632201076812
2017-08-21,0.013516920314793285
2017-08-22,0.9881999181295702
2017-08-23,0.11927385247002495
2017-08-24,0.043032769748422975
2017-08-25,0.027983846465641275
2017-08-28,0.0023726255995051623
2017-08-29,0.007103080663975095
2017-08-30,0.21299453143853878
2017-08-31,0.32730435126866175
2017-09-01,0.03930232257014277
2017-09-05,0.5701498468344482
2017-09-06,0.09789081176988343
2017-09-07,0.0003184793274552762
2017-09-08,0.02216476061228372
2017-09-11,1.1748885503974664
2017-09-12,0.11316490483716439
2017-09-13,0.005731488509169758
2017-09-14,0.012115793844702006
2017-09-15,0.03412282162684589
2017-09-18,0.021195459855984637
2017-09-19,0.012327245308699162
2017-09-20,0.004023526370841654
2017-09-21,0.09277875453732276
2017-09-22,0.004197025186160107
2017-09-25,0.049374032784177645
2017-09-26,5.1978794562583354e-05
2017-09-27,0.1668856202154088
2017-09-28,0.014510800105252315
2017-09-29,0.13727697206106265
2017-10-02,0.15007874031753451
2017-10-03,0.046606491789365274
2017-10-04,0.015543977467897473
2017-10-05,0.3188585968094927
2017-10-06,0.011526991182175933
2017-10-09,0.03255843714944123
2017-10-10,0.05393759056026619
2017-10-11,0.032525001933324714
2017-10-12,0.028450581388434065
2017-10-13,0.007710791395212208
2017-10-16,0.03065177159431761
2017-10-17,0.004522494662327468
2017-10-18,0.005511178096163272
2017-10-19,0.0010756011008531308
2017-10-20,0.2618262770409335
2017-10-23,0.15780689224420502
2017-10-24,0.026177503551162336
2017-10-25,0.21744101926885712
2017-10-26,0.01615304168413732
2017-10-27,0.651726403816056
2017-10-30,0.10191893043001694
2017-10-31,0.008920523979245436
2017-11-01,0.025346940708139976
2017-11-02,0.0003608845077182737
2017-11-03,0.09591900113405516
2017-11-06,0.016162813177331196
2017-11-07,0.00035761337625086137
2017-11-08,0.02084150470430477
2017-11-09,0.14152477069881586
2017-11-10,0.00805717077084697
2017-11-13,0.009675068371409863
2017-11-14,0.05334347831144562
2017-11-15,0.30533094973628416
2017-11-16,0.6717680954400956
2017-11-17,0.06896098135852304
2017-11-20,0.016275698345860207
2017-11-21,0.42785807052212077
2017-11-22,0.005629199465325607
2017-11-24,0.04227774924075152
2017-11-27,0.0014765400256079937
2017-11-28,0.9699230964648778
2017-11-29,0.001363358585873743
2017-11-30,0.6709161158222215
2017-12-01,0.0409856093124868
2017-12-04,0.011070102463419797
2017-12-05,0.13983333553643817
2017-12-06,0.00013015865037368192
2017-12-07,0.08598810613234786
2017-12-08,0.3031932726993352
2017-12-11,0.10252555232132823
2017-12-12,0.023990230691091824
2017-12-13,0.0022368496029983994
2017-12-14,0.16571627336659717
2017-12-15,0.805385116200856
2017-12-18,0.28760289760110525
2017-12-19,0.10434780817504102
2017-12-20,0.00685425194457462
2017-12-21,0.03942727716033033
2017-12-22,0.0020992335448023315
2017-12-26,0.011201734393535678
2017-12-27,0.006255184136600981
2017-12-28,0.03363658440394931
2017-12-29,0.2686534111445067
2018-01-02,0.6894612065549058
2018-01-03,0.4094488341559636
2018-01-04,0.16230112385150652
2018-01-05,0.49474337988344025
2018-01-08,0.027633161353652985
2018-01-09,0.016975566047313918
2018-01-10,0.012370011792581032
2018-01-11,0.4947178218968231
2018-01-12,0.4555747585719222
2018-01-16,0.12421839971874736
2018-01-17,0.8864226365806005
2018-01-18,0.02612682074910573
2018-01-19,0.19230226176606433
2018-01-22,0.6507252717957509
2018-01-23,0.047280000584610876
2018-01-24,0.0031363440021362735
2018-01-25,0.003631685533390095
2018-01-26,1.4021295729124243
2018-01-29,0.4531907020997145
2018-01-30,1.1878343838568362
2018-01-31,0.002390626963298492
2018-02-01,0.0041998253994763165
2018-02-02,4.49801030950053
2018-02-05,16.792984616674463
2018-02-06,3.0418634063052274
2018-02-07,0.2501595718979251
2018-02-08,14.089851763888085
2018-02-09,2.230862255858645
2018-02-12,1.9361619482840484
2018-02-13,0.06827517146900615
2018-02-14,1.7962646923238823
2018-02-15,1.4566285877016953
2018-02-16,0.001394740255928772
2018-02-20,0.34121997112765623
2018-02-21,0.3021182351394781
2018-02-22,0.00947886228311881
2018-02-23,2.569077990261025
2018-02-26,1.3822699679041575
2018-02-27,1.614644002629085
2018-02-28,1.2311692300283743
2018-03-01,1.775380990629419
2018-03-02,0.25720856956225
2018-03-05,1.2170608979703703
2018-03-06,0.06963233490553516
2018-03-07,0.0023411051673725442
2018-03-08,0.19919323544807385
2018-03-09,3.0202253924088036
2018-03-12,0.016229935417373102
2018-03-13,0.404952857286202
2018-03-14,0.3276982947292651
2018-03-15,0.006114708947328903
2018-03-16,0.029018171899068072
2018-03-19,2.01758260800438
2018-03-20,0.021957259352978764
2018-03-21,0.03400285287372624
2018-03-22,6.331711022275005
2018-03-23,4.396111516043434
2018-03-26,7.375157263371144
2018-03-27,2.9847174564830117
2018-03-28,0.08506628140807712
2018-03-29,1.8960391392604745
2018-04-02,4.989565707409893
2018-04-03,1.5913415794075947
2018-04-04,1.337836043810311
2018-04-05,0.4709813525621825
2018-04-06,4.804954089379984
2018-04-09,0.11132708414803322
2018-04-10,2.797883386242534
2018-04-11,0.3052892423908056
2018-04-12,0.6807456864889485
2018-04-13,0.08332733629915072
2018-04-16,0.6575626747777128
2018-04-17,1.1366924519909574
2018-04-18,0.00691169039675238
2018-04-19,0.3278846007698407
2018-04-20,0.7287243928661649
2018-04-23,3.155836192828275e-05
2018-04-24,1.7903963082249408
2018-04-25,0.03375005895714035
2018-04-26,1.0887231236965746
2018-04-27,0.01240184811583978
2018-04-30,0.6703584239964907
2018-05-01,0.06497633083755171
2018-05-02,0.5192378250610216
2018-05-03,0.05079147479468777
2018-05-04,1.641268749039153
2018-05-07,0.1195748782068488
2018-05-08,0.0007057307151484113
2018-05-09,0.9374453428425576
2018-05-10,0.878087628132581
2018-05-11,0.029160052034546313
2018-05-14,0.007806107164675194
2018-05-15,0.4681522223082231
2018-05-16,0.16488131304011325
2018-05-17,0.007324682882479099
2018-05-18,0.0692861969656422
2018-05-21,0.5456390594867307
2018-05-22,0.09832845205975871
2018-05-23,0.10551933499463408
2018-05-24,0.04093349597741316
2018-05-25,0.05556606373057502
2018-05-29,1.3373068436368367
2018-05-30,1.6118404951104892
2018-05-31,0.4732839511411998
2018-06-01,1.1770501805029154
2018-06-04,0.20066803867646893
2018-06-05,0.004936718975555169
2018-06-06,0.7339991189720859
2018-06-07,0.005100752666153602
2018-06-08,0.09771477418952003
2018-06-11,0.011421586376621525
2018-06-12,0.030392695984921617
2018-06-13,0.1620908599193471
2018-06-14,0.0610836648611876
2018-06-15,0.010344408123261529
2018-06-18,0.04520553430416046
2018-06-19,0.16188020985543242
2018-06-20,0.029314967067202245
2018-06-21,0.40265236980209346
2018-06-22,0.03466972059956573
2018-06-25,1.8836837117855487
2018-06-26,0.048601759288545016
2018-06-27,0.7403381950205
2018-06-28,0.3817540044223152
2018-06-29,0.005751429170709226
2018-07-02,0.09412716185704223
2018-07-03,0.244763129608862
2018-07-05,0.7431738575244604
2018-07-06,0.7193238527005582
2018-07-09,0.7784602043736571
2018-07-10,0.12063170025499306
2018-07-11,0.5032737031429854
2018-07-12,0.7654562560093903
2018-07-13,0.011647385370432658
2018-07-16,0.01056969930449513
2018-07-17,0.15789947231559445
2018-07-18,0.046677098432107524
2018-07-19,0.15625799441322633
2018-07-20,0.008996125008927948
2018-07-23,0.03378554242561718
2018-07-24,0.22857377196375908
2018-07-25,0.8283813740605429
2018-07-26,0.09194549102561306
2018-07-27,0.4306316835693105
2018-07-30,0.3311059699486087
2018-07-31,0.23860781342444706
2018-08-01,0.01082381833462073
2018-08-02,0.24270339070028019
2018-08-03,0.21568018300650435
2018-08-06,0.12519540966440543
2018-08-07,0.07975908113677677
2018-08-08,0.0006884324402238253
2018-08-09,0.020785532851817966
2018-08-10,0.5060716056385494
2018-08-13,0.16047697568534594
2018-08-14,0.4082244196660137
2018-08-15,0.5779374512081266
2018-08-16,0.6271802382943111
2018-08-17,0.11043234737246219
2018-08-20,0.0589498697630314
2018-08-21,0.04278970378554628
2018-08-22,0.0015855470797288703
2018-08-23,0.02860263831369855
2018-08-24,0.38425782664377284
2018-08-27,0.588349178177045
2018-08-28,0.0007250536991392728
2018-08-29,0.3250627471211287
2018-08-30,0.19627340951107827
2018-08-31,0.0001807152629501892
2018-09-04,0.027367261236104903
2018-09-05,0.07857764753828606
2018-09-06,0.13339209868344448
2018-09-07,0.04898715246707429
2018-09-10,0.03601810978720622
2018-09-11,0.13986387993430752
2018-09-12,0.0012720762831531381
2018-09-13,0.27902173583084466
2018-09-14,0.0007588097690528091
2018-09-17,0.3102206768576303
2018-09-18,0.28826282921480634
2018-09-19,0.01570785294902618
2018-09-20,0.6147461594640815
2018-09-21,0.0013579693369638888
2018-09-24,0.12360528537785143
2018-09-25,0.017032236142231486
2018-09-26,0.10819152633665255
2018-09-27,0.07635699657604658
2018-09-28,4.710650639800873e-07
2018-10-01,0.13257377853378438
2018-10-02,0.001573207459845541
2018-10-03,0.005062222983024806
2018-10-04,0.6674098746784273
2018-10-05,0.3055840266652385
2018-10-08,0.0015607971894337936
2018-10-09,0.02010604305813454
2018-10-10,10.800540481888811
2018-10-11,4.232513622836874
2018-10-12,2.018185146997182
2018-10-15,0.34869440487138526
2018-10-16,4.620626709846277
2018-10-17,0.000638452786095488
2018-10-18,2.0712812377949743
2018-10-19,0.0013044369778210507
2018-10-22,0.1848548243134638
2018-10-23,0.30380501710685187
2018-10-24,9.526167632737362
2018-10-25,3.468925533468753
2018-10-26,3.002324681946989
2018-10-29,0.43028633799711047
2018-10-30,2.4544938741511646
2018-10-31,1.1775052627430482
2018-11-01,1.1146707409212242
2018-11-02,0.3990026010579486
2018-11-05,0.3136355374987531
2018-11-06,0.39179276361860277
2018-11-07,4.498164616052764
2018-11-08,0.06294991817661058
2018-11-09,0.846214097987661
2018-11-12,3.8814813148943608
2018-11-13,0.021960434627961104
2018-11-14,0.572665161087216
2018-11-15,1.1222861252543415
2018-11-16,0.04942975495852694
2018-11-19,2.769925922548479
2018-11-20,3.2946635318360693
2018-11-21,0.09261527817736961
2018-11-23,0.4296658460553235
2018-11-26,2.4125574542652624
2018-11-27,0.10638706739963677
2018-11-28,5.2780170242166395
2018-11-29,0.048298415842396365
2018-11-30,0.6700280204091043
2018-12-03,1.1971325058101145
2018-12-04,10.474856846205409
2018-12-06,0.023170575123493634
2018-12-07,5.438301158381195
2018-12-10,0.031053306684349146
2018-12-11,0.0012699842137375366
2018-12-12,0.29370860176704233
2018-12-13,0.00039967717666680394
2018-12-14,3.6430122658017763
2018-12-17,4.31537322281794
2018-12-18,7.467049541528569e-05
2018-12-19,2.3702860022728482
2018-12-20,2.48758838741698
2018-12-21,4.2387837748409085
2018-12-24,7.350739745210114
2018-12-26,24.595457080378623
2018-12-27,0.733186182834401
2018-12-28,0.015414395318624905
2018-12-31,0.7212155214777725
2019-01-02,0.016091537565319995
2019-01-03,6.128930172156053
2019-01-04,11.789398267573226
2019-01-07,0.4914619449292396
2019-01-08,0.9399877016875784
2019-01-09,0.167938199153011
2019-01-10,0.20416346661152265
2019-01-11,0.00021416263783957437
2019-01-14,0.2764196661567667
2019-01-15,1.149551029940019
2019-01-16,0.049371365657863556
2019-01-17,0.5763015752936547
2019-01-18,1.7379288254105398
2019-01-22,2.0042869076936385
2019-01-23,0.04852742623494521
2019-01-24,0.018924883553956308
2019-01-25,0.7205837033790845
2019-01-28,0.6157321978903119
2019-01-29,0.02120546673470143
2019-01-30,2.4177893996786257
2019-01-31,0.7391490663486514
2019-02-01,0.008075455920098748
2019-02-04,0.45916943593306486
2019-02-05,0.22169798088008427
2019-02-06,0.04948378067590008
2019-02-07,0.8755567713393614
2019-02-08,0.004573308998691976
2019-02-11,0.005027402168643218
2019-02-12,1.661585502950871
2019-02-13,0.09144436034506219
2019-02-14,0.0703110902693005
2019-02-15,1.1834632802869232
2019-02-19,0.022463266194213235
2019-02-20,0.03158197572191036
2019-02-21,0.12435582869213836
2019-02-22,0.41102049947036434
2019-02-25,0.015173216191072501
2019-02-26,0.006247065247210788
2019-02-27,0.002959821091010741
2019-02-28,0.0798371396335293
2019-03-01,0.47545687582309143
2019-03-04,0.15059057982170515
2019-03-05,0.012802399743510981
2019-03-06,0.4256408864878985
2019-03-07,0.6602716898817755
2019-03-08,0.04544309164515552
2019-03-11,2.1509300363817165
2019-03-12,0.08722150896837899
2019-03-13,0.48297202099769454
2019-03-14,0.007534990021652935
2019-03-15,0.24849256579537315
2019-03-18,0.13734144824082917
2019-03-19,0.00017058022978387808
2019-03-20,0.0866903584919486
2019-03-21,1.1777709382619206
2019-03-22,3.600327062211001
2019-03-25,0.007040434143464375
2019-03-26,0.5159230675798299
2019-03-27,0.21570268040345686
2019-03-28,0.12884828555761174
2019-03-29,0.4535071233281721
2019-04-01,1.3383218074638095
2019-04-02,3.041074517618074e-06
2019-04-03,0.04615654905494304
2019-04-04,0.04345717289863771
2019-04-05,0.2149619273534587
2019-04-08,0.010971511309895965
2019-04-09,0.3681420225031869
2019-04-10,0.12095566604566943
2019-04-11,1.4505337417600204e-05
2019-04-12,0.43683883656858863
2019-04-15,0.003961773290614804
2019-04-16,0.002594524379171864
2019-04-17,0.05170052200769517
2019-04-18,0.02493447276775928
2019-04-22,0.010242203900881618
2019-04-23,0.7816715574440848
2019-04-24,0.048039277338691844
2019-04-25,0.0013612186215177348
2019-04-26,0.21952086363611997
2019-04-29,0.011480529003649752
2019-04-30,0.009051627733529086
2019-05-01,0.562819564830845
2019-05-02,0.045113723385958586
2019-05-03,0.9289726946633572
2019-05-06,0.19989973234137876
2019-05-07,2.7263550604391544
2019-05-08,0.02577249187118479
2019-05-09,0.09129110660429385
2019-05-10,0.13840788599330411
2019-05-13,5.822873497213366
2019-05-14,0.6425654153363235
2019-05-15,0.34093426633221124
2019-05-16,0.7912546045655561
2019-05-17,0.3407430371734995
2019-05-20,0.45553872679405605
2019-05-21,0.7217846189237674
2019-05-22,0.07977041338243442
2019-05-23,1.4194672645193962
2019-05-24,0.018320564030607812
2019-05-28,0.7015098277923073
2019-05-29,0.47775153628492706
2019-05-30,0.0440344969647484
2019-05-31,1.7411741491203447
2019-06-03,0.07646338451219298
2019-06-04,4.593454241434142
2019-06-05,0.6661655679690659
2019-06-06,0.37645040527979057
2019-06-07,1.1020093020507236
2019-06-10,0.2171636420170229
2019-06-11,0.0012241381035974495
2019-06-12,0.04151894153838563
2019-06-13,0.16789095341489815
2019-06-14,0.025970683881010183
2019-06-17,0.00868194458508606
2019-06-18,0.9442732970217549
2019-06-19,0.0891128132896608
2019-06-20,0.8972247954413068
2019-06-21,0.015856669435712425
2019-06-24,0.029995930445002348
2019-06-25,0.9018018309706891
2019-06-26,0.015227163076029636
2019-06-27,0.14616953509840303
2019-06-28,0.3314791298252758
2019-07-01,0.5886384694849762
2019-07-02,0.0857405671403458
2019-07-03,0.5886509246699533
2019-07-05,0.0326109235746878
2019-07-08,0.23381647738349917
2019-07-09,0.015291298878069846
2019-07-10,0.2034575736214678
2019-07-11,0.05222500082598581
2019-07-12,0.2134568072163306
2019-07-15,0.00030926553783659435
2019-07-16,0.11585686548566425
2019-07-17,0.42656634107190805
2019-07-18,0.12830262058399583
2019-07-19,0.3815205210144176
2019-07-22,0.08001663986298663
2019-07-23,0.468882887093524
2019-07-24,0.21978456604338945
2019-07-25,0.2769239177438804
2019-07-26,0.5457706421699217
2019-07-29,0.02611680567656493
2019-07-30,0.06649394354626807
2019-07-31,1.1849432057732403
2019-08-01,0.8097934623251616
2019-08-02,0.5303825479008925
2019-08-05,8.867174035110223
2019-08-06,1.6944246672464722
2019-08-07,0.005881199552604382
2019-08-08,3.520226267730713
2019-08-09,0.4377864657261439
2019-08-12,1.4298379429140533
2019-08-13,2.1791748864060985
2019-08-14,8.580659997668924
2019-08-15,0.060726173296463085
2019-08-16,2.0811476901188337
2019-08-19,1.4655221793913427
2019-08-20,0.626434904285651
2019-08-21,0.6801013178843182
2019-08-22,0.00256118511969013
2019-08-23,6.732151424834026
2019-08-26,1.2062776160317277
2019-08-27,0.10260430555812504
2019-08-28,0.4284317430332731
2019-08-29,1.609661652590961
2019-08-30,0.004132269969569088
2019-09-03,0.47597862832224097
2019-09-04,1.1755061037428538
2019-09-05,1.6925551386191586
2019-09-06,0.0082922565108694
2019-09-09,8.836079524555924e-05
2019-09-10,0.0010388854666836592
2019-09-11,0.5226809675731088
2019-09-12,0.08289259862287901
2019-09-13,0.0052469157289554945
2019-09-16,0.0983204557229621
2019-09-17,0.06665461946136653
2019-09-18,0.0011743111561213534
2019-09-19,3.982113543752385e-06
2019-09-20,0.2396676544551007
2019-09-23,9.394041974861785e-05
2019-09-24,0.7083569223183434
2019-09-25,0.3792792730594852
2019-09-26,0.05899635374786798
2019-09-27,0.2826332705134501
2019-09-30,0.2547850025028396
2019-10-01,1.5026779719453154
2019-10-02,3.205259853265641
2019-10-03,0.635526353607341
2019-10-04,2.0211892048336577
2019-10-07,0.20055212204929992
2019-10-08,2.4213930749095107
2019-10-09,0.8289277139356325
2019-10-10,0.4116123031208561
2019-10-11,1.1966020145209544
2019-10-14,0.019239889542174572
2019-10-15,0.9911529419065974
2019-10-16,0.03998184257804983
2019-10-17,0.07633219956108164
2019-10-18,0.15361264332842603
2019-10-21,0.472190157909031
2019-10-22,0.12735425835428718
2019-10-23,0.08106200537379463
2019-10-24,0.03688089296570867
2019-10-25,0.1658686341860474
2019-10-28,0.3115180226491366
2019-10-29,0.0069288252552087235
2019-10-30,0.10584144639809659
2019-10-31,0.09137763614417584
2019-11-01,0.9336121195640437
2019-11-04,0.13720015423457219
2019-11-05,0.01405957876961971
2019-11-06,0.004935425566990982
2019-11-07,0.07453593168047033
2019-11-08,0.06556818587859112
2019-11-11,0.03851191163997406
2019-11-12,0.02448038191220784
2019-11-13,0.005063039769245349
2019-11-14,0.007007251096121547
2019-11-15,0.5922014288326458
2019-11-18,0.002531407514816948
2019-11-19,0.0035113111285670585
2019-11-20,0.14108990007117922
2019-11-21,0.025051840567972387
2019-11-22,0.04730345379896502
2019-11-25,0.5636013201414282
2019-11-26,0.04820351099224002
2019-11-27,0.1742618243606287
2019-11-29,0.16090130791724244
2019-12-02,0.7449526905461474
2019-12-03,0.44063602265099505
2019-12-04,0.39987264731527883
2019-12-05,0.022508289227568198
2019-12-06,0.8346156981915384
2019-12-09,0.1000353678934597
2019-12-10,0.012033053735878409
2019-12-11,0.08457637147780732
2019-12-12,0.7353347869362032
2019-12-13,5.269010451690828e-05
2019-12-16,0.5109127654374875
2019-12-17,0.0011240651045464514
2019-12-18,0.0018684906093412916
2019-12-19,0.1988465611354533
2019-12-20,0.24451313686632592
2019-12-23,0.0075018371590702395
2019-12-24,0.00038184608174131877
2019-12-26,0.26297998319135474
2019-12-27,1.152708452432569e-05
2019-12-30,0.33417978301387286
2019-12-31,0.08679061705196107
2020-01-02,0.7020398100896091
2020-01-03,0.498417753409165
2020-01-06,0.12484874074794142
2020-01-07,0.07857978430922596
2020-01-08,0.2403367346918734
2020-01-09,0.4429292125927844
2020-01-10,0.08152300545363386
2020-01-13,0.48668500165895273
2020-01-14,0.022938273488521427
2020-01-15,0.03497480420958003
2020-01-16,0.6999911184894722
2020-01-17,0.14916161305519668
2020-01-21,0.07032861487641548
2020-01-22,0.0008357177780925441
2020-01-23,0.013018007954703899
2020-01-24,0.8176030526564494
2020-01-27,2.474544458249145
2020-01-28,1.0107389000240607
2020-01-29,0.007514243483294891
2020-01-30,0.0982418575297679
2020-01-31,3.1349721684814007
2020-02-03,0.5262986264859849
2020-02-04,2.244112667776999
2020-02-05,1.2657691434602283
2020-02-06,0.11059924389481753
2020-02-07,0.2916900021017867
2020-02-10,0.5367554452830217
2020-02-11,0.028510282555362476
2020-02-12,0.41765987305817026
2020-02-13,0.026583438008210367
2020-02-14,0.03398647001421988
2020-02-18,0.08526283897015516
2020-02-19,0.22144803062945717
2020-02-20,0.145583662902244
2020-02-21,1.1063061180926816
2020-02-24,11.231610154594797
2020-02-25,9.168793536744252
2020-02-26,0.14277203608460687
2020-02-27,19.503951824758957
2020-02-28,0.6787003765250613
2020-03-02,21.196102610574883
2020-03-03,7.9005630148187524
2020-03-04,17.810588070682552
2020-03-05,11.507035873485524
2020-03-06,2.9083583945963625
2020-03-09,57.713923947455775
2020-03-10,24.399979884934936
2020-03-11,23.881215856441518
2020-03-12,90.46421987100925
2020-03-13,86.25058773511553
2020-03-16,143.617461201221
2020-03-17,35.94580710255568
2020-03-18,26.864342446883775
2020-03-19,0.22164263553927857
2020-03-20,18.800481944414408
2020-03-23,8.581301373327996
2020-03-24,88.03629237249247
2020-03-25,1.3305668171914133
2020-03-26,38.95527472904046
2020-03-27,11.34835279979369
2020-03-30,11.233246688125373
2020-03-31,2.564095063330974
2020-04-01,19.485512859278693
2020-04-02,5.211809000117586
2020-04-03,2.291325393379591
2020-04-06,49.464923393195
2020-04-07,0.025697545892799614
2020-04-08,11.598401552573632
2020-04-09,2.0988412392326516
2020-04-13,1.0210283125545518
2020-04-14,9.346792358168585
2020-04-15,4.853409977084628
2020-04-16,0.3383412381073528
2020-04-17,7.178965630057032
2020-04-20,3.1973006943527276
2020-04-21,9.40946215514317
2020-04-22,5.2579628227576745
2020-04-23,0.002909724718237942
2020-04-24,1.9371290886054207
2020-04-27,2.165039500377779
2020-04-28,0.2748223487748925
2020-04-29,7.067023759199335
2020-04-30,0.8486867777979891
2020-05-01,7.873099209651979
2020-05-04,0.18060946094656552
2020-05-05,0.8173196977250453
2020-05-06,0.4871207236157499
2020-05-07,1.323563645435084
2020-05-08,2.8464754638896994
2020-05-11,0.00031501464018869363
2020-05-12,4.220490081983546
2020-05-13,3.0494534949459857
2020-05-14,1.3282153815200577
2020-05-15,0.15416462794985414
2020-05-18,9.923258997647562
2020-05-19,1.0992282789681782
2020-05-20,2.7725723724417994
2020-05-21,0.6042829455176804
2020-05-22,0.05540050592966522
2020-05-26,1.510234707868121
2020-05-27,2.1985010076565876
2020-05-28,0.044434389925095324
2020-05-29,0.2315832761138919
2020-06-01,0.1407195570173758
2020-06-02,0.6741730175182311
2020-06-03,1.8629420701607418
2020-06-04,0.11348113436145771
2020-06-05,6.870534780511397
2020-06-08,1.4499992329222515
2020-06-09,0.6082724997894505
2020-06-10,0.28228806117051014
2020-06-11,34.74409468201428
2020-06-12,1.7058599601843554
2020-06-15,0.6909279466098404
2020-06-16,3.5957377359626688
2020-06-17,0.12962156813166542
2020-06-18,0.0035305999152313483
2020-06-19,0.31916439215717113
2020-06-22,0.421857743602785
2020-06-23,0.18554053504965987
2020-06-24,6.6848923328936625
2020-06-25,1.2010998178196286
2020-06-26,5.8694354553914865
2020-06-29,2.15669729974696
2020-06-30,2.3746377566654333
2020-07-01,0.25221597236945054
2020-07-02,0.2062324531517107
2020-07-06,2.5222961451080126
2020-07-07,1.17041297611519
2020-07-08,0.6126979457472366
2020-07-09,0.31850671802971775
2020-07-10,1.0954143733825978
2020-07-13,0.8765677663035532
2020-07-14,1.797303592884565
2020-07-15,0.8248342476677947
2020-07-16,0.11601546734281251
2020-07-17,0.08114747502346562
2020-07-20,0.7067605814102222
2020-07-21,0.028192068867152684
2020-07-22,0.33029056676191076
2020-07-23,1.5177813995333596
2020-07-24,0.3832093865494003
2020-07-27,0.5468793906111843
2020-07-28,0.41904920772937504
2020-07-29,1.544646655135223
2020-07-30,0.14064456525740396
2020-07-31,0.5883595348691676
2020-08-03,0.5156714420749137
2020-08-04,0.13046256059865272
2020-08-05,0.4134155799447587
2020-08-06,0.41315685671406877
2020-08-07,0.004006820900941942
2020-08-10,0.07519857196181538
2020-08-11,0.6350692723323579
2020-08-12,1.959020787122705
2020-08-13,0.04190721984386098
2020-08-14,0.0002956055485244616
2020-08-17,0.07343419472604854
2020-08-18,0.05305548355345786
2020-08-19,0.19398877004728282
2020-08-20,0.09977126067767549
2020-08-21,0.11841416280624137
2020-08-24,1.0087557920099222
2020-08-25,0.12933557601599638
2020-08-26,1.0395160902707052
2020-08-27,0.027990104785059883
2020-08-28,0.45327588480446757
2020-08-31,0.04817922446533752
2020-09-01,0.5662634411359214
2020-09-02,2.361095649255215
2020-09-03,12.33824382513604
2020-09-04,0.6614567497052495
2020-09-08,7.704165658313042
2020-09-09,4.058220310897468
2020-09-10,3.092248619174623
2020-09-11,0.002841565965144995
2020-09-14,1.6235368427595254
2020-09-15,0.27241986186414835
2020-09-16,0.2133477314265388
2020-09-17,0.7076799629388296
2020-09-18,1.2504987636386116
2020-09-21,1.3389091770464043
2020-09-22,1.1062711174664714
2020-09-23,5.627053588724707
2020-09-24,0.089246052601784
2020-09-25,2.5525696591677955
2020-09-28,2.5954977487268627
2020-09-29,0.23161376765244784
2020-09-30,0.6812371840226952
2020-10-01,0.28014718956683426
2020-10-02,0.9161742186437886
2020-10-05,3.231198540762172
2020-10-06,1.9566482981119582
2020-10-07,3.02961630131307
2020-10-08,0.6411422132502868
2020-10-09,0.7727615920099438
2020-10-12,2.69574140980117
2020-10-13,0.3977708712225197
2020-10-14,0.43865968145359086
2020-10-15,0.023341815758742796
2020-10-16,0.0001820555747409476
2020-10-19,2.666631129712508
2020-10-20,0.2234714756755508
2020-10-21,0.048210237714943864
2020-10-22,0.2723739091067729
2020-10-23,0.11873466115729658
2020-10-26,3.4557093281847786
2020-10-27,0.09154300140397426
2020-10-28,12.452363698926117
2020-10-29,1.4273814735580268
2020-10-30,1.4712492235844237
2020-11-02,1.517378909734023
2020-11-03,3.168155662306677
2020-11-04,4.860719035755373
2020-11-05,3.786990326596593
2020-11-06,0.0008277842600216109
2020-11-09,1.3688701287304665
2020-11-10,0.019594480039453088
2020-11-11,0.5855139660897232
2020-11-12,0.9957164755406643
2020-11-13,1.8524205768497486
2020-11-16,1.356770268420373
2020-11-17,0.22962860443790742
2020-11-18,1.3372222001382594
2020-11-19,0.1557423565724367
2020-11-20,0.4613861766784674
2020-11-23,0.31763559910696565
2020-11-24,2.612011223904742
2020-11-25,0.025103725177342006
2020-11-27,0.05745251005851724
2020-11-30,0.21118525709125022
2020-12-01,1.2703922706442168
2020-12-02,0.03208220946296347
2020-12-03,0.0038955893853081327
2020-12-04,0.7807905090695715
2020-12-07,0.037465299124524495
2020-12-08,0.07768135195537679
2020-12-09,0.6319009970343676
2020-12-10,0.016515233104212167
2020-12-11,0.016001239560946838
2020-12-14,0.1900320810183681
2020-12-15,1.6695777936127116
2020-12-16,0.031429903403552915
2020-12-17,0.3315040455936595
2020-12-18,0.12327824100395515
2020-12-21,0.15259035875617405
2020-12-22,0.04297812451029145
2020-12-23,0.00556234424803502
2020-12-24,0.12507368259264634
2020-12-28,0.7608228490405887
2020-12-29,0.04961142766651714
2020-12-30,0.01799748834908325
2020-12-31,0.41458631444844574
2021-01-04,2.1770363879644274
2021-01-05,0.5016236653202067
2021-01-06,0.3260296440189691
2021-01-07,2.204442264398217
2021-01-08,0.30160866562729777
2021-01-11,0.4296536031799011
2021-01-12,0.0017291637796700452
2021-01-13,0.05178369770824444
2021-01-14,0.14088300307595233
2021-01-15,0.5169635535581154
2021-01-19,0.6620105116685692
2021-01-20,1.942002856258182
2021-01-21,0.0010031847663759892
2021-01-22,0.09063630252700747
2021-01-25,0.13074033687174938
2021-01-26,0.022166335918638824
2021-01-27,6.5935244864592795
2021-01-28,0.9527053199586553
2021-01-29,3.729341457516927
2021-02-01,2.576582292996367
2021-02-02,1.9316098666410575
2021-02-03,0.010176871802451026
2021-02-04,1.1779421122060147
2021-02-05,0.15190291531601047
2021-02-08,0.5475032117753474
2021-02-09,0.012398768667674216
2021-02-10,0.001191353996902062
2021-02-11,0.02763757005106781
2021-02-12,0.22193361784896637
2021-02-16,0.003240739248582079
2021-02-17,0.0010265586083128095
2021-02-18,0.19499363742004738
2021-02-19,0.034406322543640976
2021-02-22,0.5979695952846187
2021-02-23,0.015782592589403767
2021-02-24,1.2886022819137684
2021-02-25,5.992139457199255
2021-02-26,0.22564075364240485
2021-03-01,5.659983265568265
2021-03-02,0.6530004498760736
2021-03-03,1.7072569588800097
2021-03-04,1.8002162688457934
2021-03-05,3.800930731906289
2021-03-08,0.2872179227533594
2021-03-09,2.0035506652071287
2021-03-10,0.36364313217185845
2021-03-11,1.080659970777536
2021-03-12,0.010310341514400157
2021-03-15,0.4214552637941495
2021-03-16,0.024639224021498356
2021-03-17,0.08290614223146409
2021-03-18,2.1787237317526005
2021-03-19,0.003632941651344803
2021-03-22,0.493523215275755
2021-03-23,0.5822967342192381
2021-03-24,0.29891408448012463
2021-03-25,0.2746004251511733
2021-03-26,2.7659673666334563
2021-03-29,0.007534673641526535
2021-03-30,0.09971847153656796
2021-03-31,0.13122785588143113
2021-04-01,1.39834052371749
2021-04-05,2.084638674111516
2021-04-06,0.009477760724401464
2021-04-07,0.02176304634751427
2021-04-08,0.1781380166201475
2021-04-09,0.5959782568887141
2021-04-12,0.00038487734289374714
2021-04-13,0.10854268080303028
2021-04-14,0.16710125417862332
2021-04-15,1.2308233354445004
2021-04-16,0.13023071067715453
2021-04-19,0.28158443852212767
2021-04-20,0.4627212348480983
2021-04-21,0.8660275391011458
2021-04-22,0.8483646660508234
2021-04-23,1.1943671666416842
2021-04-26,0.03176322984706103
2021-04-27,0.00046190268656122333
2021-04-28,0.007149220465776613
2021-04-29,0.45735432463772674
2021-04-30,0.5176280878331251
2021-05-03,0.07551694388254601
2021-05-04,0.4460019653373714
2021-05-05,0.004949668772942529
2021-05-06,0.6667360282511413
2021-05-07,0.5436623818322492
2021-05-10,1.0890312529946473
2021-05-11,0.7523644604301004
2021-05-12,4.60076205127517
2021-05-13,1.4818560863015016
2021-05-14,2.2254472889201353
2021-05-17,0.06401093364901961
2021-05-18,0.7254444054580985
2021-05-19,0.08663810603156602
2021-05-20,1.1140288358475956
2021-05-21,0.006143732502437959
2021-05-24,0.9823398589509654
2021-05-25,0.04516909847938104
2021-05-26,0.03522125158661978
2021-05-27,0.013581534127161895
2021-05-28,0.005911864791229521
2021-06-01,0.0024243345420718295
2021-06-02,0.02093566662646417
2021-06-03,0.13167454991026692
2021-06-04,0.7804108605288765
2021-06-07,0.0063474845828425455
2021-06-08,0.0003065473616432725
2021-06-09,0.03326525337631833
2021-06-10,0.2164254475429372
2021-06-11,0.03796613428838612
2021-06-14,0.03294991137056623
2021-06-15,0.04046856278679239
2021-06-16,0.2905433367556526
2021-06-17,0.0018977959640852616
2021-06-18,1.722537339712486
2021-06-21,1.9606519280989463
2021-06-22,0.2626065464786523
2021-06-23,0.011734529447324978
2021-06-24,0.33769550586177993
2021-06-25,0.11092940709860599
2021-06-28,0.05359419148743891
2021-06-29,0.0007692293413560267
2021-06-30,0.01763887004206379
2021-07-01,0.27265529392772003
2021-07-02,0.5625156253255396
2021-07-06,0.04088083097877387
2021-07-07,0.11282957003232176
2021-07-08,0.7329091378385506
2021-07-09,1.2719219838760891
2021-07-12,0.11910479790182596
2021-07-13,0.12368095939241926
2021-07-14,0.013571558614940655
2021-07-15,0.1064218530849173
2021-07-16,0.5683560052582592
2021-07-19,2.518420159059476
2021-07-20,2.2990600203270573
2021-07-21,0.6792804543426743
2021-07-22,0.040669214648408926
2021-07-23,1.0292992356531274
2021-07-26,0.056751293961075686
2021-07-27,0.22207467102505282
2021-07-28,0.00034708367402412236
2021-07-29,0.1769217202688025
2021-07-30,0.2922501974177561
2021-08-02,0.03396259735552031
2021-08-03,0.6729716146078829
2021-08-04,0.21459548559531025
2021-08-05,0.36065553839375314
2021-08-06,0.0280657620499093
2021-08-09,0.008834606746657868
2021-08-10,0.009854560470349943
2021-08-11,0.06091136365650606
2021-08-12,0.0871482117348868
2021-08-13,0.025834910759164283
2021-08-16,0.06868904230140249
2021-08-17,0.4985383629701064
2021-08-18,1.1552934425184547
2021-08-19,0.015793981009796693
2021-08-20,0.6628468491040066
2021-08-23,0.7265552435917179
2021-08-24,0.022370964388526628
2021-08-25,0.04928963548517924
2021-08-26,0.33929830190043486
2021-08-27,0.7757392810133739
2021-08-30,0.18546702628364042
2021-08-31,0.018201955767573674
2021-09-01,0.0009719557743407978
2021-09-02,0.08080150783704751
2021-09-03,0.0011224298030988037
2021-09-07,0.11529341543393795
2021-09-08,0.01738640872377879
2021-09-09,0.21211549743881694
2021-09-10,0.5963922405228295
2021-09-13,0.051824957828732525
2021-09-14,0.33023401740421776
2021-09-15,0.7180712846698458
2021-09-16,0.02405901676388676
2021-09-17,0.8300895142811385
2021-09-20,2.882271747546739
2021-09-21,0.006599117896993588
2021-09-22,0.9062214084441919
2021-09-23,1.4725219902721263
2021-09-24,0.02134547415763709
2021-09-27,0.07708154345023453
2021-09-28,4.14697152254949
2021-09-29,0.02462282651831505
2021-09-30,1.4184171486543262
2021-10-01,1.3205406052001096
2021-10-04,1.6863308774823476
2021-10-05,1.1076416406323677
2021-10-06,0.16833685334439255
2021-10-07,0.68861604260487
2021-10-08,0.03662403656279456
2021-10-11,0.47139015230058934
2021-10-12,0.05840784817827342
2021-10-13,0.09135729084010828
2021-10-14,2.91149727423515
2021-10-15,0.5565355113487959
2021-10-18,0.11389306021306675
2021-10-19,0.5466172625877219
2021-10-20,0.13425018705687394
2021-10-21,0.08975454295526848
2021-10-22,0.011504264266646913
2021-10-25,0.22545206454811698
2021-10-26,0.03311608035991252
2021-10-27,0.2551864232175716
2021-10-28,0.9661588038797063
2021-10-29,0.0379993885087227
2021-11-01,0.03240247020155456
2021-11-02,0.13545103142243398
2021-11-03,0.4174834509990535
2021-11-04,0.1748821998463125
2021-11-05,0.13934229786980076
2021-11-08,0.007880122798336761
2021-11-09,0.12241143103498785
2021-11-10,0.6766403336668285
2021-11-11,0.0030352103354032594
2021-11-12,0.5216651777961367
2021-11-15,1.14003849227847e-06
2021-11-16,0.1493983944952816
2021-11-17,0.06768475926264875
2021-11-18,0.11456567527743697
2021-11-19,0.01956218926224671
2021-11-22,0.10221655406321795
2021-11-23,0.02745909727847376
2021-11-24,0.05261980408266414
2021-11-26,5.164190658190044
2021-11-29,1.7424583783309238
2021-11-30,3.5953113351339008
2021-12-01,1.3959885583542764
2021-12-02,2.014816520028892
2021-12-03,0.7137852056248243
2021-12-06,1.376146946784794
2021-12-07,4.287824583997532
2021-12-08,0.095190368881175
2021-12-09,0.5156862756579667
2021-12-10,0.9118552851353212
2021-12-13,0.8347031670580788
2021-12-14,0.5580984105682925
2021-12-15,2.6727048626611394
2021-12-16,0.7644666303410274
2021-12-17,1.0583731619171788
2021-12-20,1.2968729166020603
2021-12-21,3.160552636715742
2021-12-22,1.0363607244624873
2021-12-23,0.38734493445518764
2021-12-27,1.9151670390062845
2021-12-28,0.010204786805253344
2021-12-29,0.0196533294458791
2021-12-30,0.08938541270020241
2021-12-31,0.0689703555451685
2022-01-03,0.40628862106518276
2022-01-04,0.003964186909631656
2022-01-05,3.7607937692035303
2022-01-06,0.00928738624019574
2022-01-07,0.16404220586851365
2022-01-10,0.020767273467861693
2022-01-11,0.8390616329615714
2022-01-12,0.07939412557837645
2022-01-13,2.0287870127811085
2022-01-14,0.00672257586479852
2022-01-18,3.3811471249562675
2022-01-19,0.9388680254188558
2022-01-20,1.2182475772631656
2022-01-21,3.5777015352974115
2022-01-24,0.07682610421477833
2022-01-25,1.4815701897142664
2022-01-26,0.022399056419196515
2022-01-27,0.2898739876780643
2022-01-28,5.928041077213116
2022-01-31,3.5668168549902814
2022-02-01,0.47100101328240196
2022-02-02,0.8878444652536754
2022-02-03,5.949254773405095
2022-02-04,0.2659428485630712
2022-02-07,0.13703221322718287
2022-02-08,0.7058057872480419
2022-02-09,2.1074845057167275
2022-02-10,3.2817877031748006
2022-02-11,3.5984070416250713
2022-02-14,0.147498106530559
2022-02-15,2.485901872580001
2022-02-16,0.00776550144765982
2022-02-17,4.483017322530573
2022-02-18,0.5135501398785348
2022-02-22,1.028777042857063
2022-02-23,3.3900823568151233
2022-02-24,2.237061607391544
2022-02-25,5.005398077114848
2022-02-28,0.05966354824496451
2022-03-01,2.3942806602662854
2022-03-02,3.475475505955522
2022-03-03,0.27611987717624004
2022-03-04,0.6294861179438765
2022-03-07,8.713179883077897
2022-03-08,0.5232839677028506
2022-03-09,6.6040385755751165
2022-03-10,0.1841993774061023
2022-03-11,1.680018912598283
2022-03-14,0.5507058964714749
2022-03-15,4.583236112815104
2022-03-16,5.01036305664937
2022-03-17,1.5246825716531178
2022-03-18,1.3600808321769828
2022-03-21,0.0018894105329287307
2022-03-22,1.2778457804892465
2022-03-23,1.5062114538165772
2022-03-24,2.0574836245903767
2022-03-25,0.25666304898561965
2022-03-28,0.5105051008998278
2022-03-29,1.5022253757573185
2022-03-30,0.39610928962329467
2022-03-31,2.4500178587538564
2022-04-01,0.11630059940077637
2022-04-04,0.6546231156276031
2022-04-05,1.5754559749591686
2022-04-06,0.9441755068186458
2022-04-07,0.1809117728514124
2022-04-08,0.07027734186294747
2022-04-11,2.8484289396996596
2022-04-12,0.1167958309630228
2022-04-13,1.2487298232111126
2022-04-14,1.474800736190492
2022-04-18,0.0004198012059173415
2022-04-19,2.5784650793170782
2022-04-20,0.0038257638031928666
2022-04-21,2.1764925000410336
2022-04-22,7.695059786573741
2022-04-25,0.3246559686637519
2022-04-26,7.922157451948602
2022-04-27,0.04402036554791865
2022-04-28,6.124085896984015
2022-04-29,13.165684311808793
2022-05-02,0.32209188515058707
2022-05-03,0.23397562955165538
2022-05-04,8.917650227875416
2022-05-05,12.709049161862309
2022-05-06,0.3219608108978519
2022-05-09,10.26378015420184
2022-05-10,0.060411876778890254
2022-05-11,2.7103624354605165
2022-05-12,0.016796204262909585
2022-05-13,5.697646361161445
2022-05-16,0.15574309327687857
2022-05-17,4.068131818831544
2022-05-18,16.31773891773664
2022-05-19,0.3403332834913682
2022-05-20,0.0002135229545229848
2022-05-23,3.442905476049415
2022-05-24,0.6594727411060286
2022-05-25,0.8931695317615824
2022-05-26,3.9534279827326975
2022-05-27,6.121778163131249
2022-05-31,0.3936670399047531
2022-06-01,0.5599210743690337
2022-06-02,3.3970382708281903
2022-06-03,2.672363339948281
2022-06-06,0.09843075030965513
2022-06-07,0.9069502526840492
2022-06-08,1.1650846476494439
2022-06-09,5.663784050352935
2022-06-10,8.474103551610133
2022-06-13,15.029868344973812
2022-06-14,0.14240854501096897
2022-06-15,2.129411195346395
2022-06-16,10.570274867605898
2022-06-17,0.048437278124860664
2022-06-21,5.991360687623801
2022-06-22,0.01693989240416542
2022-06-23,0.9086271789701464
2022-06-24,9.34114747934844
2022-06-27,0.08839332435648935
2022-06-28,4.057413194634051
2022-06-29,0.005065924532688709
2022-06-30,0.7672406293866837
2022-07-01,1.113818945855213
2022-07-05,0.02509616930155713
2022-07-06,0.1276715624982889
2022-07-07,2.239385980165269
2022-07-08,0.006892511329750092
2022-07-11,1.32882647561049
2022-07-12,0.8544985279988611
2022-07-13,0.1986393492169168
2022-07-14,0.089915743416483
2022-07-15,3.6868765734249234
2022-07-18,0.6995012980880516
2022-07-19,7.633247919596875
2022-07-20,0.34760646638216336
2022-07-21,0.9724642371920802
2022-07-22,0.8709461867343822
2022-07-25,0.017295281022873983
2022-07-26,1.3324530626410545
2022-07-27,6.841498935210137
2022-07-28,1.472189759524451
2022-07-29,2.0185969024827894
2022-08-01,0.07969590545325483
2022-08-02,0.44387701513666383
2022-08-03,2.4456211029235573
2022-08-04,0.006042650156815831
2022-08-05,0.026430501761463304
2022-08-08,0.015316017245084294
2022-08-09,0.18051712516292534
2022-08-10,4.532910966799241
2022-08-11,0.004976215648566389
2022-08-12,3.0006542772853244
2022-08-15,0.15756827445577098
2022-08-16,0.03518123471500893
2022-08-17,0.5238515518472303
2022-08-18,0.05150700575407717
2022-08-19,1.6640851840077564
2022-08-22,4.579653443473614
2022-08-23,0.05007755305734871
2022-08-24,0.08503936487788469
2022-08-25,1.9857268327537883
2022-08-26,11.34882073097037
2022-08-29,0.44440939483008124
2022-08-30,1.2161915300370627
2022-08-31,0.6110622352754389
2022-09-01,0.08977258379269885
2022-09-02,1.1527197200068098
2022-09-06,0.1676934911541244
2022-09-07,3.363912223617255
2022-09-08,0.437022627182958
2022-09-09,2.3321583138899205
2022-09-12,1.1202658184792864
2022-09-13,18.69400360680922
2022-09-14,0.11471732776167587
2022-09-15,1.2809172504612285
2022-09-16,0.5158298074968649
2022-09-19,0.4702048909350414
2022-09-20,1.270605270476513
2022-09-21,2.929743427977748
2022-09-22,0.7102437919449092
2022-09-23,2.969630670262412
2022-09-26,1.0692680924204885
2022-09-27,0.04495925816749396
2022-09-28,3.8699309756675784
2022-09-29,4.463256102370869
2022-09-30,2.270065303337518
2022-10-03,6.699787405656879
2022-10-04,9.353627124911315
2022-10-05,0.040722210067573913
2022-10-06,1.0496163028938459
2022-10-07,7.842010106073565
2022-10-10,0.5613692818162109
2022-10-11,0.42500355246172367
2022-10-12,0.10829080987741926
2022-10-13,6.742163007774944
2022-10-14,5.599236374922569
2022-10-17,7.011949287896138
2022-10-18,1.3058916296150271
2022-10-19,0.44516636609560006
2022-10-20,0.6321746646250628
2022-10-21,5.62867463812866
2022-10-24,1.4118081266197013
2022-10-25,2.646038961310857
2022-10-26,0.5457831441456287
2022-10-27,0.36997998750993283
2022-10-28,6.064583774965021
2022-10-31,0.5556784369705908
2022-11-01,0.16820340589437247
2022-11-02,6.2509725229824555
2022-11-03,1.1206295484319049
2022-11-04,1.85468506849193
2022-11-07,0.9242865076273241
2022-11-08,0.31336232307960143
2022-11-09,4.317201864952559
2022-11-10,30.729807242189363
2022-11-11,0.8539227301339043
2022-11-14,0.7984841469500795
2022-11-15,0.7591848602771132
2022-11-16,0.6809651299887559
2022-11-17,0.09543946253727278
2022-11-18,0.22644031805669243
2022-11-21,0.15082751639358466
2022-11-22,1.8441512655703405
2022-11-23,0.34983751062739843
2022-11-25,0.0008012911857903385
2022-11-28,2.3852176003147054
2022-11-29,0.025339881179827543
2022-11-30,9.577672364077326
2022-12-01,0.007527708275541226
2022-12-02,0.014271450455976654
2022-12-05,3.2020402726735244
2022-12-06,2.0733626259532665
2022-12-07,0.03468342267061637
2022-12-08,0.5657686547014906
2022-12-09,0.5401582986824659
2022-12-12,2.038970123919201
2022-12-13,0.5313978004449184
2022-12-14,0.36635973685183776
2022-12-15,6.210890544285595
2022-12-16,1.2405010653363173
2022-12-19,0.8113443569898039
2022-12-20,0.010759593815903738
2022-12-21,2.2105862102964515
2022-12-22,2.088512502281328
2022-12-23,0.34434085597962333
2022-12-27,0.16399295819232895
2022-12-28,1.4449556174788118
2022-12-29,3.0489755721322402
2022-12-30,0.06455333784723037
2023-01-03,0.16004167480609924
2023-01-04,0.568357661049674
2023-01-05,1.3561910813516382
2023-01-06,5.21701539086972
2023-01-09,0.005892635973609324
2023-01-10,0.4869605538497618
2023-01-11,1.6510700856008225
2023-01-12,0.1166873285303164
2023-01-13,0.15974542980952253
2023-01-17,0.0412277564954138
2023-01-18,2.421955347869424
2023-01-19,0.5834436046741726
2023-01-20,3.5790582129432056
2023-01-23,1.4116665832734463
2023-01-24,0.0050619868634691235
2023-01-25,0.0003302576362922797
2023-01-26,1.2117305036008594
2023-01-27,0.06224075254677819
2023-01-30,1.68187998664834
2023-01-31,2.1440136870517974
2023-02-01,1.0925136407265772
2023-02-02,2.160729636224509
2023-02-03,1.072190150211744
2023-02-06,0.37705575651621465
2023-02-07,1.6570202464058432
2023-02-08,1.2278172727952352
2023-02-09,0.7796588168764509
2023-02-10,0.04819216283967894
2023-02-13,1.3107021605900182
2023-02-14,0.0007861113224030026
2023-02-15,0.07690214882145989
2023-02-16,1.901281671041096
2023-02-17,0.07658772527738023
2023-02-21,4.016510877853585
2023-02-22,0.024760482992677024
2023-02-23,0.2840276643400537
2023-02-24,1.1103984120979804
2023-02-27,0.09443432846513429
2023-02-28,0.09217173042958297
2023-03-01,0.22328103517333336
2023-03-02,0.5748887701120117
2023-03-03,2.6075109173691002
2023-03-06,0.004721881921712055
2023-03-07,2.3491591937156295
2023-03-08,0.02001718469302999
2023-03-09,3.4074843666608796
2023-03-10,2.0961664483095372
2023-03-13,0.02279317302051015
2023-03-14,2.7147992681621504
2023-03-15,0.48732353655209815
2023-03-16,3.0842317020669316
2023-03-17,1.2142768036782787
2023-03-20,0.7953711999476171
2023-03-21,1.6853704339841402
2023-03-22,2.7103654802228
2023-03-23,0.08907411627775849
2023-03-24,0.3180736958872421
2023-03-27,0.02712426069906301
2023-03-28,0.024769756573077704
2023-03-29,2.0269954706731106
2023-03-30,0.32664249707606735
2023-03-31,2.084139057908896
2023-04-03,0.13681993062688713
2023-04-04,0.33605814857685395
2023-04-05,0.06211649996777575
2023-04-06,0.12810168460409582
2023-04-10,0.009926955184619854
2023-04-11,1.7116001188942787e-05
2023-04-12,0.17097285290501135
2023-04-13,1.75897232464883
2023-04-14,0.04282229029895939
2023-04-17,0.1093117359767766
2023-04-18,0.0073128098773779255
2023-04-19,7.09612421336045e-05
2023-04-20,0.3543288581493789
2023-04-21,0.00815758723983373
2023-04-24,0.007251790354197022
2023-04-25,2.499820690267256
2023-04-26,0.1475492092049481
2023-04-27,3.8283317671126977
2023-04-28,0.681158266659521
2023-05-01,0.001491035426004102
2023-05-02,1.3424127920067954
2023-05-03,0.48976010199872594
2023-05-04,0.5210999311818807
2023-05-05,3.4131616743332707
2023-05-08,0.0020439471058034
2023-05-09,0.2097066814218747
2023-05-10,0.2010547598269641
2023-05-11,0.02878517147172885
2023-05-12,0.025068307286111202
2023-05-15,0.08751157473100868
2023-05-16,0.40675202363731655
2023-05-17,1.4139113088933417
2023-05-18,0.8920992070074094
2023-05-19,0.020906540228566525
2023-05-22,0.00024042980786598595
2023-05-23,1.2593492283493486
2023-05-24,0.5356246457585828
2023-05-25,0.7669715032847783
2023-05-26,1.7027606956345782
2023-05-30,2.770582790681734e-06
2023-05-31,0.3731546030157418
2023-06-01,0.9711053494000785
2023-06-02,2.112488309607105
2023-06-05,0.04014266487530674
2023-06-06,0.05540763385951323
2023-06-07,0.14531279574659348
2023-06-08,0.3829884457962692
2023-06-09,0.01318207924327894
2023-06-12,0.8688245444407565
2023-06-13,0.4806073147788874
2023-06-14,0.006714288155092302
2023-06-15,1.4830702042964945
2023-06-16,0.1348078900966899
2023-06-20,0.22421494996485486
2023-06-21,0.2751293170868115
2023-06-22,0.13769692477136405
2023-06-23,0.5865715056104363
2023-06-26,0.20131194608671985
2023-06-27,1.3123484470553772
2023-06-28,0.0012532293066657087
2023-06-29,0.200124409881006
2023-06-30,1.5052879433508772
2023-07-03,0.013705069939372238
2023-07-05,0.03874259847749579
2023-07-06,0.6276625050899941
2023-07-07,0.08209257164738841
2023-07-10,0.057845993450631975
2023-07-11,0.4545746521947225
2023-07-12,0.5492507170451759
2023-07-13,0.7174394851723424
2023-07-14,0.010493567578527459
2023-07-17,0.14863773259074461
2023-07-18,0.5065579164263844
2023-07-19,0.05559498455317988
2023-07-20,0.4565536176351076
2023-07-21,0.001050763518219757
2023-07-24,0.16273875315126152
2023-07-25,0.07922603811431411
2023-07-26,0.0002416390903238156
2023-07-27,0.41276773677450584
2023-07-28,0.975725503432275
2023-07-31,0.021571302037324477
2023-08-01,0.07102714689763108
2023-08-02,1.9153384773343212
2023-08-03,0.06492171084818997
2023-08-04,0.2808995997238319
2023-08-07,0.8143361293012603
2023-08-08,0.1779380198185363
2023-08-09,0.4954396722431671
2023-08-10,0.0006284432919699509
2023-08-11,0.011441109061693487
2023-08-14,0.3306691178010001
2023-08-15,1.3342171244654477
2023-08-16,0.5708472481014558
2023-08-17,0.5948827703265606
2023-08-18,0.00022120364960616788
2023-08-21,0.4732304934418704
2023-08-22,0.077140502494645
2023-08-23,1.219895592679093
2023-08-24,1.8111884051781788
2023-08-25,0.4513136871111631
2023-08-28,0.39245182258679684
2023-08-29,2.104921337289911
2023-08-30,0.1469288477549605
2023-08-31,0.02550233989400712
2023-09-01,0.03236975455832674
2023-09-05,0.1759123462982
2023-09-06,0.4860289640636253
2023-09-07,0.10312453552419462
2023-09-08,0.02035189916332056
2023-09-11,0.4520565130850158
2023-09-12,0.3244296351379108
2023-09-13,0.015416289743842276
2023-09-14,0.7106294056648959
2023-09-15,1.4785471717434995
2023-09-18,0.005202685631540484
2023-09-19,0.04627242432263692
2023-09-20,0.8826217630434511
2023-09-21,2.6898920800749955
2023-09-22,0.05269834496956716
2023-09-25,0.16185271427951792
2023-09-26,2.1710542448311974
2023-09-27,0.0005258702925027009
2023-09-28,0.3472831084682498
2023-09-29,0.07341343429167935
2023-10-02,6.286923164151559e-05
2023-10-03,1.8889989381201984
2023-10-04,0.6576888054513735
2023-10-05,0.017004588170391684
2023-10-06,1.395913679543463
2023-10-09,0.3973812180727906
2023-10-10,0.27122982246977384
2023-10-11,0.18429998094542305
2023-10-12,0.39016997831177175
2023-10-13,0.25188762670922493
2023-10-16,1.12240173376399
2023-10-17,9.66613444673236e-05
2023-10-18,1.7955460719314442
2023-10-19,0.7195833277977116
2023-10-20,1.5839028562149151
2023-10-23,0.0284105255622124
2023-10-24,0.5279126648097625
2023-10-25,2.056239112403864
2023-10-26,1.400083048112678
2023-10-27,0.2304300732760118
2023-10-30,1.4424235361389381
2023-10-31,0.41925129293709507
2023-11-01,1.1037572135632039
2023-11-02,3.556458452500454
2023-11-03,0.8824190433316353
2023-11-06,0.030728722315307166
2023-11-07,0.08066402456983439
2023-11-08,0.01009900181661941
2023-11-09,0.6534960431955058
2023-11-10,2.4387226119110674
2023-11-13,0.006984641196478164
2023-11-14,3.6385289015287663
2023-11-15,0.02550669815306959
2023-11-16,0.014169314264110125
2023-11-17,0.016437721604148723
2023-11-20,0.5461665849672287
2023-11-21,0.040842143607348724
2023-11-22,0.16492455519079102
2023-11-24,0.0035632983273883342
2023-11-27,0.0381901574311319
2023-11-28,0.00960649235692055
2023-11-29,0.008953621962393174
2023-11-30,0.14319662649603304
2023-12-01,0.345006426623808
2023-12-04,0.29251739575259894
2023-12-05,0.0032370999623598552
2023-12-06,0.15257853606605187
2023-12-07,0.6349203262846836
2023-12-08,0.16772613236327935
2023-12-11,0.1540195584298974
2023-12-12,0.2115358378878574
2023-12-13,1.863430474364105
2023-12-14,0.0700698326688415
2023-12-15,5.818403269499167e-05
2023-12-18,0.20505677299858904
2023-12-19,0.3441459653000408
2023-12-20,2.156275850186817
2023-12-21,1.0612067191977796
2023-12-22,0.02755876280164434
2023-12-26,0.1790698625326819
2023-12-27,0.02046162554106249
2023-12-28,0.0013702622084130998
2023-12-29,0.07988938245474346
2024-01-02,0.32042155727056054
2024-01-03,0.6426124103416164
2024-01-04,0.11753969401831704
2024-01-05,0.033330846428797085
2024-01-08,1.9922395421728734
2024-01-09,0.02184166217077529
2024-01-10,0.3210277218727081
2024-01-11,0.004503265860422803
2024-01-12,0.00564013493065527
2024-01-16,0.13922748075679858
2024-01-17,0.3154948768024156
2024-01-18,0.7753269194076148
2024-01-19,1.5162174298401287
2024-01-22,0.04814956948594212
2024-01-23,0.08534522305428352
2024-01-24,0.006593255721388782
2024-01-25,0.2767068355840264
2024-01-26,0.004248396473671832
2024-01-29,0.5710497255520482
2024-01-30,0.003607898920755557
2024-01-31,2.5939298824065347
2024-02-01,1.5609203740532378
2024-02-02,1.1415772552999095
2024-02-05,0.10152997286044352
2024-02-06,0.05338071351879146
2024-02-07,0.6792136890212243
2024-02-08,0.0032554295510229675
2024-02-09,0.32975161473438624
2024-02-12,0.009005055136785397
2024-02-13,1.8698568150725368
2024-02-14,0.9177110601698686
2024-02-15,0.33887279433648837
2024-02-16,0.23073023855489683
2024-02-20,0.36063749211786844
2024-02-21,0.015981814444111106
2024-02-22,4.461763683028358
2024-02-23,0.0012106481286901592
2024-02-26,0.1433945561971165
2024-02-27,0.02911366095391185
2024-02-28,0.027492105483757613
2024-02-29,0.27342905053854155
2024-03-01,0.6412514082818932
2024-03-04,0.014239288553128412
2024-03-05,1.0389814951489837
2024-03-06,0.26431217930990114
2024-03-07,1.0617464832033927
2024-03-08,0.42621755910057774
2024-03-11,0.012594182958860329
2024-03-12,1.254797091175223
2024-03-13,0.03703843705617577
2024-03-14,0.08243080095192541
2024-03-15,0.42027874616067146
2024-03-18,0.39917680549056767
2024-03-19,0.3191323362888499
2024-03-20,0.7928309691197153
2024-03-21,0.1047557325111365
2024-03-22,0.019663396043805095
2024-03-25,0.09332534845800357
2024-03-26,0.07838999838346304
2024-03-27,0.7448719815017477
2024-03-28,0.012465981667693108
2024-04-01,0.04054462972631323
2024-04-02,0.5240408450733943
2024-04-03,0.011904743562026721
2024-04-04,1.5213457257006846
2024-04-05,1.231926148450984
2024-04-08,0.0014039055796727063
2024-04-09,0.020894398279783243
2024-04-10,0.8943441745617806
2024-04-11,0.5542524129650211
2024-04-12,2.117230812782583
2024-04-15,1.4451142547026081
2024-04-16,0.042294906005622045
2024-04-17,0.3341492291542171
2024-04-18,0.04876108440345608
2024-04-19,0.7671169096904701
2024-04-22,0.7623428030918981
2024-04-23,1.4315249005760284
2024-04-24,0.0004536671903354799
2024-04-25,0.20943784309553518
2024-04-26,1.042264321228487
2024-04-29,0.1010258446129485
2024-04-30,2.474491702534087
2024-05-01,0.118025060732905
2024-05-02,0.8332815485593175
2024-05-03,1.576724994430788
2024-05-06,1.0662804994506432
2024-05-07,0.01804824112196609
2024-05-08,3.3442043147266294e-07
2024-05-09,0.259174410168789
2024-05-10,0.027204548459918113
2024-05-13,0.0005820419089768401
2024-05-14,0.23403964772656988
2024-05-15,1.3726419653188742
2024-05-16,0.04333493827935176
2024-05-17,0.013567317381101377
2024-05-20,0.008398177734513344
2024-05-21,0.0625911670105826
2024-05-22,0.07322705045916217
2024-05-23,0.5447626591725122
2024-05-24,0.49013608039786655
2024-05-28,0.0006191885711242449
2024-05-29,0.5427380895905346
2024-05-30,0.35700565442312293
2024-05-31,0.6444745474714492
2024-06-03,0.0124558239062749
2024-06-04,0.022584684143340618
2024-06-05,1.4036705972597896
2024-06-06,0.0003993980633948696
2024-06-07,0.012438289650133414
2024-06-10,0.06660999929265586
2024-06-11,0.07346384229378408
2024-06-12,0.7231256981650567
2024-06-13,0.054970220591190985
2024-06-14,0.0015510644313167976
2024-06-17,0.5874315424401193
2024-06-18,0.06357271734798922
2024-06-20,0.06380457073867338
2024-06-21,0.02440362562337945
2024-06-24,0.09395279148795545
2024-06-25,0.15473582357023052
2024-06-26,0.024724835505447768
2024-06-27,0.008231606050651794
2024-06-28,0.16676015478956513
2024-07-01,0.07158776278659795
2024-07-02,0.383821379568284
2024-07-03,0.2585110408195784
2024-07-05,0.29689195939449303
2024-07-08,0.010336196941544399
2024-07-09,0.005492188013896986
2024-07-10,1.0420395281023453
2024-07-11,0.7679031418137634
2024-07-12,0.30437472395127424
2024-07-15,0.07987303596214226
2024-07-16,0.4082416670066966
2024-07-17,1.9397561013920406
2024-07-18,0.6109567919701979
2024-07-19,0.5098379142798012
2024-07-22,1.1646742083202177
2024-07-23,0.02427727568692373
2024-07-24,5.358776571728959
2024-07-25,0.26447171022222615
2024-07-26,1.2299898726461471
2024-07-29,0.00661490849073906
2024-07-30,0.24603128093808257
2024-07-31,2.4943223019441776
2024-08-01,1.87513851355352
2024-08-02,3.378920398200737
2024-08-05,8.981291154994436
2024-08-06,1.0720826742129084
2024-08-07,0.5982540683957165
2024-08-08,5.309614262824124
2024-08-09,0.21824393534717051
2024-08-12,1.8522379062152862e-05
2024-08-13,2.8384071179469172
2024-08-14,0.14621202376072823
2024-08-15,2.602801778943354
2024-08-16,0.03959376438464316
2024-08-19,0.9452282050561474
2024-08-20,0.039385430661227
2024-08-21,0.1797488995406416
2024-08-22,0.7979514189164217
2024-08-23,1.3186893988997517
2024-08-26,0.09945969708836493
2024-08-27,0.02544672600689573
2024-08-28,0.3571304169144649
2024-08-29,1.5476867970620676e-05
2024-08-30,1.0186990421240145
2024-09-03,4.47369980546041
2024-09-04,0.02567942297404908
2024-09-05,0.09108792817956546
2024-09-06,2.9791477199073904
2024-09-09,1.340985256983692
2024-09-10,0.20004447956159893
2024-09-11,1.1374330867364126
2024-09-12,0.5617987137090578
2024-09-13,0.2924284944892872
2024-09-16,0.015791969050079926
2024-09-17,0.0006996472907962184
2024-09-18,0.0838913551786336
2024-09-19,2.882112767149939
2024-09-20,0.037673619381926274
2024-09-23,0.07891995333269666
2024-09-24,0.06305710043192839
2024-09-25,0.03463981475437358
2024-09-26,0.16310403961831166
2024-09-27,0.015704676259443186
2024-09-30,0.17948290763654956
2024-10-01,0.8693903572937486
2024-10-02,0.00019150147939664498
2024-10-03,0.02827093852957713
2024-10-04,0.8046574140589335
2024-10-07,0.9189220600975869
2024-10-08,0.9388365230602914
2024-10-09,0.5060024151984825
2024-10-10,0.042852410969734196
2024-10-11,0.36624897652015675
2024-10-14,0.5940729597502339
2024-10-15,0.579031174614063
2024-10-16,0.2189368221225547
2024-10-17,0.0002929591169585492
2024-10-18,0.15773630693646112
2024-10-21,0.03322524950052526
2024-10-22,0.0022552106986679964
2024-10-23,0.8447957294602234
2024-10-24,0.04604380774649406
2024-10-25,0.0008969477853507392
2024-10-28,0.07030242089842363
2024-10-29,0.0260546092653136
2024-10-30,0.1089154343261414
2024-10-31,3.4650883026289243
2024-11-01,0.16749195905368686
2024-11-04,0.07907947171954831
2024-11-05,1.504467878616
2024-11-06,6.3988151847626416
2024-11-07,0.552230291121774
2024-11-08,0.14113870681052182
2024-11-11,0.009390650022058652
2024-11-12,0.08367611928800002
2024-11-13,0.0005395701085161832
2024-11-14,0.36599368620016376
2024-11-15,1.7433300662406335
2024-11-18,0.15349270242869115
2024-11-19,0.1571018921030389
2024-11-20,4.827102290287942e-06
2024-11-21,0.2852035187030196
2024-11-22,0.12026876762127828
2024-11-25,0.09123024084829919
2024-11-26,0.3274179788939026
2024-11-27,0.1444985376370373
2024-11-29,0.3144791784975543
2024-12-02,0.05994922979548251
2024-12-03,0.0020380921262912583
2024-12-04,0.3661895417510176
2024-12-05,0.03495833167279885
2024-12-06,0.062271612341935
2024-12-09,0.3775152266065052
2024-12-10,0.08784661965131774
2024-12-11,0.666806466461865
2024-12-12,0.2931174364657077
2024-12-13,6.9911685718228464e-06
2024-12-16,0.1443479823225466
2024-12-17,0.14930184137550823
2024-12-18,8.698308026823653
2024-12-19,0.007483963552770008
2024-12-20,1.1813778228445044
2024-12-23,0.5310502830496467
2024-12-24,1.219417305426719
2024-12-26,0.0016453281921512833
2024-12-27,1.2222929441368988
2024-12-30,1.1453305608013031
2024-12-31,0.1835942905428503
2025-01-02,0.04945612516856061
2025-01-03,1.5865811792595463
2025-01-06,0.3067056445789873
2025-01-07,1.2329651351280733
2025-01-08,0.02434610284843659
2025-01-10,2.3751896815702596
2025-01-13,0.024819290580474718
2025-01-14,0.01313980519058983
2025-01-15,3.353583790133872
2025-01-16,0.04463235084771085
2025-01-17,0.9982020235924988
2025-01-21,0.7688158211530738
2025-01-22,0.37674566861718534
2025-01-23,0.28233409719249364
2025-01-24,0.08152035643774938
2025-01-27,2.1259513931325387
2025-01-28,0.8496785344721378
2025-01-29,0.21891856094001985
2025-01-30,0.2783023653944938
2025-01-31,0.2547022223404773
2025-02-03,0.5789085301470152
2025-02-04,0.5219877313839135
2025-02-05,0.15277597048532443
2025-02-06,0.13281100976815988
2025-02-07,0.8958314432773359
2025-02-10,0.45058864031109247
2025-02-11,0.0011530990851809132
2025-02-12,0.07419642745677188
2025-02-13,1.0870892107260275
2025-02-14,5.177289942128032e-05
2025-02-18,0.05977808797295166
2025-02-19,0.05650119956701547
2025-02-20,0.18785325009723308
2025-02-21,2.9118365925812797
2025-02-24,0.24692212171927075
2025-02-25,0.2189988144122775
2025-02-26,0.00018499928171257512
2025-02-27,2.5168281908017156
2025-02-28,2.5135293614002787
2025-03-03,3.0964650968334566
2025-03-04,1.4968968578201673
2025-03-05,1.2452955432904527
2025-03-06,3.175178347223513
2025-03-07,0.3047688291939048
2025-03-10,7.2754642562671314
2025-03-11,0.5727195492597177
2025-03-12,0.23881530459533246
2025-03-13,1.9296049476174277
2025-03-14,4.522377928479857
2025-03-17,0.41166332533272826
2025-03-18,1.1349747178665495
2025-03-19,1.166079637863378
2025-03-20,0.04773833345139513
2025-03-21,0.006800760955463518
2025-03-24,3.113827870725466
2025-03-25,0.024784830243527355
2025-03-26,1.244783243325049
2025-03-27,0.10935964859903267
2025-03-28,3.895570767917305
2025-03-31,0.30674910420454116
2025-04-01,0.1429811055455141
2025-04-02,0.45267668180471826
2025-04-03,23.421341722055267
2025-04-04,35.70016662273848
2025-04-07,0.05435692354366452
2025-04-08,2.4650659270354445
2025-04-09,90.54264750023788
2025-04-10,11.976832831772066
2025-04-11,3.273234820590963
2025-04-14,0.6311741022525041
2025-04-15,0.029850148078407364
2025-04-16,5.021376886347075
2025-04-17,0.01760499462233955
2025-04-21,5.554267684987439
2025-04-22,6.308782055428234
2025-04-23,2.7759289513295515
2025-04-24,4.104304897027514
2025-04-25,0.543632550879386
2025-04-28,0.004104960152623174
2025-04-29,0.3366780587916978
2025-04-30,0.0219038488285847
2025-05-01,0.3967851185482613
2025-05-02,2.1687312531271496
2025-05-05,0.4072469899605617
2025-05-06,0.5918667848245139
2025-05-07,0.18891388890402963
2025-05-08,0.33637066734398374
2025-05-09,0.005062590549943382
2025-05-12,10.600768644171668
2025-05-13,0.5253675557301838
2025-05-14,0.010493320789270627
2025-05-15,0.17076031855798496
2025-05-16,0.49074536557016374
2025-05-19,0.0076751100542410315
2025-05-20,0.15056003154892525
2025-05-21,2.60341907528016
2025-05-22,0.001978953649242259
2025-05-23,0.4500139066726569
2025-05-27,4.185714257691121
2025-05-28,0.3103811204204314
2025-05-29,0.16089518686977836
2025-05-30,6.591566653538229e-05
2025-06-02,0.16826747638595804
2025-06-03,0.33643025165970414
2025-06-04,5.431288348800385e-05
2025-06-05,0.27850327294540816
2025-06-06,1.0569223335553493
2025-06-09,0.008462984411406124
2025-06-10,0.3006285071800866
2025-06-11,0.07529086483654823
2025-06-12,0.14611490508685973
2025-06-13,1.2760986733812945
2025-06-16,0.8822317121421385
2025-06-17,0.6975996101089351
2025-06-18,0.0009561941919334458
2025-06-20,0.047463537781217396
2025-06-23,0.92284665310611
2025-06-24,1.2369171919047248
2025-06-25,1.0777413310499684e-07
2025-06-26,0.6432270854051734
2025-06-27,0.27237989249313993
2025-06-30,0.26670688189419234
2025-07-01,0.012509569617615091
2025-07-02,0.22515702609602858
2025-07-03,0.6953770142683126
2025-07-07,0.6181542697038479
2025-07-08,0.005125030006913525
2025-07-09,0.36749592379524926
2025-07-10,0.07541470088556541
2025-07-11,0.10873698573426885
2025-07-14,0.01980787283232511
2025-07-15,0.15651926053892953
2025-07-16,0.10199007371522184
2025-07-17,0.2887794768274828
2025-07-18,8.192805956062875e-05
2025-07-21,0.01957552405991277
2025-07-22,0.0040644264703405325
2025-07-23,0.6102548328428792
2025-07-24,0.0048752914527872395
2025-07-25,0.1579523298796362
2025-07-28,0.0003128528058412549
2025-07-29,0.08758154570944528
2025-07-30,0.0156109744306218
2025-07-31,0.13651961740592514
2025-08-01,2.5574646111923416
2025-08-04,2.171812792891129
2025-08-05,0.2359886160115042
2025-08-06,0.5302590192907171
2025-08-07,0.006359596581892609
2025-08-08,0.6083507896386632
2025-08-11,0.06270656531206799
2025-08-12,1.2872045222449722
2025-08-13,0.104330956321535
2025-08-14,0.0009186769782958531
2025-08-15,0.0839318193013948
2025-08-18,0.00010156269521549735
2025-08-19,0.34317761419611376
2025-08-20,0.059127640524186204
2025-08-21,0.16033639832903138
2025-08-22,2.306269848463308
2025-08-25,0.18201608427949847
2025-08-26,0.17089764840623434
2025-08-27,0.057168347475327674
2025-08-28,0.09964915243641177
2025-08-29,0.40936568334993195
2025-09-02,0.47918542035156664
2025-09-03,0.260111860711264
2025-09-04,0.6966302133922575
2025-09-05,0.10018117556423277
2025-09-08,0.04435210655902566
2025-09-09,0.07226202179149288
2025-09-10,0.08900931478035762
2025-09-11,0.7200987981730398
2025-09-12,0.0023303273867074834
2025-09-15,0.22152627809335737
2025-09-16,0.016587568433384322
2025-09-17,0.009413237095160032
2025-09-18,0.22935861650815692
2025-09-19,0.23867461139040197
2025-09-22,0.1944832816481512
2025-09-23,0.30273627394312475
2025-09-24,0.08103483515055393
2025-09-25,0.2509069716337118
2025-09-26,0.34831714161752325
2025-09-29,0.06946279678362756
2025-09-30,0.16735040299460255
2025-10-01,0.11559223272213781
2025-10-02,0.0038238058267631284
2025-10-03,4.293070766974618e-05
2025-10-06,0.13297908958474366
2025-10-07,0.1452687944349464
2025-10-08,0.3396101777770164
2025-10-09,0.07592881874325376
2025-10-10,7.350420082652208
2025-10-13,2.4331640534603416
2025-10-14,0.02447044599739303
2025-10-15,0.1620868562220191
2025-10-16,0.39618867377076517
2025-10-17,0.2778053411326123
2025-10-20,1.1389698180740508
2025-10-21,1.0669729174776256e-05
2025-10-22,0.2848901620402548
2025-10-23,0.3395844539264645
2025-10-24,0.6244828167130886
2025-10-27,1.510445701251803
2025-10-28,0.05234700345658206
2025-10-29,1.8953607153624143e-05
2025-10-30,0.9810530501281326
2025-10-31,0.06853243938726031
2025-11-03,0.0296084263141071
2025-11-04,1.377517839523041
2025-11-05,0.1334821555980478
2025-11-06,1.249512049774539
2025-11-07,0.01592251981461959
2025-11-10,2.371896620854223
2025-11-11,0.04307269837283166
2025-11-12,0.0039628110030447555
2025-11-13,2.7413095042839637
2025-11-14,0.0025167329398873652
2025-11-17,0.8394791530019573
2025-11-18,0.681679283164846
2025-11-19,0.1409090573333106
2025-11-20,2.4233849792241666
2025-11-21,0.9649060947285548
2025-11-24,2.3923536776209957
